timestamp,can_id,dlc,payload
1787467870.671253,101,4,00 00 00 64
1787467870.785720,102,4,00 00 00 50
1787467870.898784,100,4,00 00 03 E8
1787467871.013229,101,4,00 00 00 64
1787467871.126619,102,4,00 00 00 50
1787467871.237167,100,4,00 00 03 E8
1787467871.347934,101,4,00 00 00 64
1787467871.458248,102,4,00 00 00 50
1787467871.570038,100,4,00 00 03 E8
1787467871.682564,101,4,00 00 00 64
1787467871.791810,102,4,00 00 00 50
1787467871.902767,100,4,00 00 03 E8
1787467872.015085,101,4,00 00 00 64
1787467872.131466,102,4,00 00 00 50
1787467872.253558,100,4,00 00 03 E8
1787467872.360764,101,4,00 00 00 64
1787467872.468104,102,4,00 00 00 50
1787467872.580168,100,4,00 00 03 E8
1787467872.692166,101,4,00 00 00 64
1787467872.803653,102,4,00 00 00 50
1787467872.910484,100,4,00 00 03 E8
1787467873.019503,101,4,00 00 00 64
1787467873.130563,102,4,00 00 00 50
1787467873.243408,100,4,00 00 03 E8
1787467873.353563,101,4,00 00 00 64
1787467873.459817,102,4,00 00 00 50
1787467873.569790,100,4,00 00 03 E8
1787467873.676615,101,4,00 00 00 64
1787467873.785982,102,4,00 00 00 50
1787467873.895585,100,4,00 00 03 E8
1787467874.004679,101,4,00 00 00 64
1787467874.112602,102,4,00 00 00 50
1787467874.220358,100,4,00 00 03 E8
1787467874.327362,101,4,00 00 00 64
1787467874.435552,102,4,00 00 00 50
1787467874.543125,100,4,00 00 03 E8
1787467874.659222,101,4,00 00 00 64
1787467874.772068,102,4,00 00 00 50
1787467874.885058,100,4,00 00 03 E8
1787467874.992655,101,4,00 00 00 64
1787467875.103777,102,4,00 00 00 50
1787467875.217363,100,4,00 00 03 E8
1787467875.325335,101,4,00 00 00 64
1787467875.433662,102,4,00 00 00 50
1787467875.545106,100,4,00 00 03 E8
1787467875.654827,101,4,00 00 00 64
1787467875.764596,102,4,00 00 00 50
1787467875.870465,100,4,00 00 03 E8
1787467875.980791,101,4,00 00 00 64
1787467876.089486,102,4,00 00 00 50
1787467876.202268,100,4,00 00 03 E8
1787467876.309808,101,4,00 00 00 64
1787467876.427330,102,4,00 00 00 50
1787467876.537769,100,4,00 00 03 E8
1787467876.646887,101,4,00 00 00 64
1787467876.757562,102,4,00 00 00 50
1787467876.864351,100,4,00 00 03 E8
1787467876.971040,101,4,00 00 00 64
1787467877.077692,102,4,00 00 00 50
1787467877.185655,100,4,00 00 03 E8
1787467877.293959,101,4,00 00 00 64
1787467877.401742,102,4,00 00 00 50
1787467877.511061,100,4,00 00 03 E8
1787467877.622605,101,4,00 00 00 64
1787467877.732907,102,4,00 00 00 50
1787467877.845842,100,4,00 00 03 E8
1787467877.954966,101,4,00 00 00 64
1787467878.063488,102,4,00 00 00 50
1787467878.179459,100,4,00 00 03 E8
1787467878.288744,101,4,00 00 00 64
1787467878.400959,102,4,00 00 00 50
1787467878.510610,100,4,00 00 03 E8
1787467878.620914,101,4,00 00 00 64
1787467878.735560,102,4,00 00 00 50
1787467878.855088,100,4,00 00 03 E8
1787467878.971506,101,4,00 00 00 64
1787467879.083642,102,4,00 00 00 50
1787467879.195024,100,4,00 00 03 E8
1787467879.304622,101,4,00 00 00 64
1787467879.415318,102,4,00 00 00 50
1787467879.526292,100,4,00 00 03 E8
1787467879.638107,101,4,00 00 00 64
1787467879.753811,102,4,00 00 00 50
1787467879.864123,100,4,00 00 03 E8
1787467879.977256,101,4,00 00 00 64
1787467880.090557,102,4,00 00 00 50
1787467880.201153,100,4,00 00 03 E8
1787467880.311809,101,4,00 00 00 64
1787467880.429802,102,4,00 00 00 50
1787467880.540801,100,4,00 00 03 E8
1787467880.654094,101,4,00 00 00 64
1787467880.766244,102,4,00 00 00 50
1787467880.879564,100,4,00 00 03 E8
1787467880.992437,101,4,00 00 00 64
1787467881.105801,102,4,00 00 00 50
1787467881.216520,100,4,00 00 03 E8
1787467881.327800,101,4,00 00 00 64
1787467881.441156,102,4,00 00 00 50
1787467881.551687,100,4,00 00 03 E8
1787467881.662735,101,4,00 00 00 64
1787467881.773344,102,4,00 00 00 50
1787467881.883892,100,4,00 00 03 E8
1787467881.998423,101,4,00 00 00 64
1787467882.113251,102,4,00 00 00 50
1787467882.226063,100,4,00 00 03 E8
1787467882.339084,101,4,00 00 00 64
1787467882.457089,102,4,00 00 00 50
1787467882.560327,100,4,00 00 03 E8
1787467882.671846,101,4,00 00 00 64
1787467882.788124,102,4,00 00 00 50
1787467882.900481,100,4,00 00 03 E8
1787467883.013107,101,4,00 00 00 64
1787467883.122920,102,4,00 00 00 50
1787467883.228064,100,4,00 00 03 E8
1787467883.336972,101,4,00 00 00 64
1787467883.445833,102,4,00 00 00 50
1787467883.556452,100,4,00 00 03 E8
1787467883.667562,101,4,00 00 00 64
1787467883.774113,102,4,00 00 00 50
1787467883.883494,100,4,00 00 03 E8
1787467884.004853,101,4,00 00 00 64
1787467884.115795,102,4,00 00 00 50
1787467884.226254,100,4,00 00 03 E8
1787467884.338721,101,4,00 00 00 64
1787467884.449878,102,4,00 00 00 50
1787467884.561757,100,4,00 00 03 E8
1787467884.671742,101,4,00 00 00 64
1787467884.778592,102,4,00 00 00 50
1787467884.885169,100,4,00 00 03 E8
1787467884.992458,101,4,00 00 00 64
1787467885.099026,102,4,00 00 00 50
1787467885.208947,100,4,00 00 03 E8
1787467885.320926,101,4,00 00 00 64
1787467885.431965,102,4,00 00 00 50
1787467885.548397,100,4,00 00 03 E8
1787467885.660476,101,4,00 00 00 64
1787467885.773780,102,4,00 00 00 50
1787467885.884456,100,4,00 00 03 E8
1787467885.996523,101,4,00 00 00 64
1787467886.105370,102,4,00 00 00 50
1787467886.222362,100,4,00 00 03 E8
1787467886.334361,101,4,00 00 00 64
1787467886.455664,102,4,00 00 00 50
1787467886.571398,100,4,00 00 03 E8
1787467886.682842,101,4,00 00 00 64
1787467886.791520,102,4,00 00 00 50
1787467886.898910,100,4,00 00 03 E8
1787467887.007145,101,4,00 00 00 64
1787467887.117368,102,4,00 00 00 50
1787467887.231910,100,4,00 00 03 E8
1787467887.346145,101,4,00 00 00 64
1787467887.455870,102,4,00 00 00 50
1787467887.566620,100,4,00 00 03 E8
1787467887.682295,101,4,00 00 00 64
1787467887.796802,102,4,00 00 00 50
1787467887.909769,100,4,00 00 03 E8
1787467888.025657,101,4,00 00 00 64
1787467888.132193,102,4,00 00 00 50
1787467888.243546,100,4,00 00 03 E8
1787467888.354578,101,4,00 00 00 64
1787467888.471336,102,4,00 00 00 50
1787467888.581892,100,4,00 00 03 E8
1787467888.694839,101,4,00 00 00 64
1787467888.811354,102,4,00 00 00 50
1787467888.931324,100,4,00 00 03 E8
1787467889.046587,101,4,00 00 00 64
1787467889.162075,102,4,00 00 00 50
1787467889.274750,100,4,00 00 03 E8
1787467889.387385,101,4,00 00 00 64
1787467889.497140,102,4,00 00 00 50
1787467889.608672,100,4,00 00 03 E8
1787467889.723450,101,4,00 00 00 64
1787467889.839917,102,4,00 00 00 50
1787467889.951786,100,4,00 00 03 E8
1787467890.059140,101,4,00 00 00 64
1787467890.170273,102,4,00 00 00 50
1787467890.284388,100,4,00 00 03 E8
1787467890.394414,101,4,00 00 00 64
1787467890.502560,102,4,00 00 00 50
1787467890.614631,100,4,00 00 03 E8
1787467890.722575,101,4,00 00 00 64
1787467890.831465,102,4,00 00 00 50
1787467890.945497,100,4,00 00 03 E8
1787467891.054881,101,4,00 00 00 64
1787467891.164325,102,4,00 00 00 50
1787467891.272960,100,4,00 00 03 E8
1787467891.383280,101,4,00 00 00 64
1787467891.493842,102,4,00 00 00 50
1787467891.604328,100,4,00 00 03 E8
1787467891.711882,101,4,00 00 00 64
1787467891.822201,102,4,00 00 00 50
1787467891.934969,100,4,00 00 03 E8
1787467892.045187,101,4,00 00 00 64
1787467892.158499,102,4,00 00 00 50
1787467892.273701,100,4,00 00 03 E8
1787467892.384812,101,4,00 00 00 64
1787467892.502073,102,4,00 00 00 50
1787467892.612620,100,4,00 00 03 E8
1787467892.722513,101,4,00 00 00 64
1787467892.834641,102,4,00 00 00 50
1787467892.946764,100,4,00 00 03 E8
1787467893.057184,101,4,00 00 00 64
1787467893.168858,102,4,00 00 00 50
1787467893.281173,100,4,00 00 03 E8
1787467893.394006,101,4,00 00 00 64
1787467893.505760,102,4,00 00 00 50
1787467893.616380,100,4,00 00 03 E8
1787467893.727835,101,4,00 00 00 64
1787467893.839720,102,4,00 00 00 50
1787467893.953048,100,4,00 00 03 E8
1787467894.067556,101,4,00 00 00 64
1787467894.182828,102,4,00 00 00 50
1787467894.295688,100,4,00 00 03 E8
1787467894.408035,101,4,00 00 00 64
1787467894.520283,102,4,00 00 00 50
1787467894.631267,100,4,00 00 03 E8
1787467894.745999,101,4,00 00 00 64
1787467894.861206,102,4,00 00 00 50
1787467894.972281,100,4,00 00 03 E8
1787467895.082637,101,4,00 00 00 64
1787467895.194004,102,4,00 00 00 50
1787467895.307149,100,4,00 00 03 E8
1787467895.422673,101,4,00 00 00 64
1787467895.534612,102,4,00 00 00 50
1787467895.649236,100,4,00 00 03 E8
1787467895.763108,101,4,00 00 00 64
1787467895.878277,102,4,00 00 00 50
1787467895.988487,100,4,00 00 03 E8
1787467896.099141,101,4,00 00 00 64
1787467896.209875,102,4,00 00 00 50
1787467896.320413,100,4,00 00 03 E8
1787467896.432845,101,4,00 00 00 64
1787467896.547079,102,4,00 00 00 50
1787467896.658322,100,4,00 00 03 E8
1787467896.775448,101,4,00 00 00 64
1787467896.885015,102,4,00 00 00 50
1787467896.995718,100,4,00 00 03 E8
1787467897.107365,101,4,00 00 00 64
1787467897.222662,102,4,00 00 00 50
1787467897.338622,100,4,00 00 03 E8
1787467897.450841,101,4,00 00 00 64
1787467897.567924,102,4,00 00 00 50
1787467897.680068,100,4,00 00 03 E8
1787467897.791059,101,4,00 00 00 64
1787467897.900885,102,4,00 00 00 50
1787467898.008285,100,4,00 00 03 E8
1787467898.117511,101,4,00 00 00 64
1787467898.226260,102,4,00 00 00 50
1787467898.337471,100,4,00 00 03 E8
1787467898.445759,101,4,00 00 00 64
1787467898.554097,102,4,00 00 00 50
1787467898.666274,100,4,00 00 03 E8
1787467898.777694,101,4,00 00 00 64
1787467898.888170,102,4,00 00 00 50
1787467898.997707,100,4,00 00 03 E8
1787467899.108336,101,4,00 00 00 64
1787467899.219163,102,4,00 00 00 50
1787467899.330513,100,4,00 00 03 E8
1787467899.440511,101,4,00 00 00 64
1787467899.550027,102,4,00 00 00 50
1787467899.657109,100,4,00 00 03 E8
1787467899.766882,101,4,00 00 00 64
1787467899.878532,102,4,00 00 00 50
1787467899.988699,100,4,00 00 03 E8
1787467900.099506,101,4,00 00 00 64
1787467900.209051,102,4,00 00 00 50
1787467900.322218,100,4,00 00 03 E8
1787467927.351040,123,8,FF FF FF FF FF FF FF FF
1787467927.356365,123,8,FF FF FF FF FF FF FF FF
1787467927.360981,123,8,FF FF FF FF FF FF FF FF
1787467927.366030,123,8,FF FF FF FF FF FF FF FF
1787467927.368853,123,8,FF FF FF FF FF FF FF FF
1787467927.372166,123,8,FF FF FF FF FF FF FF FF
1787467927.374808,123,8,FF FF FF FF FF FF FF FF
1787467927.377701,123,8,FF FF FF FF FF FF FF FF
1787467927.380034,123,8,FF FF FF FF FF FF FF FF
1787467927.383202,123,8,FF FF FF FF FF FF FF FF
1787467927.385726,123,8,FF FF FF FF FF FF FF FF
1787467927.387856,123,8,FF FF FF FF FF FF FF FF
1787467927.390028,123,8,FF FF FF FF FF FF FF FF
1787467927.392145,123,8,FF FF FF FF FF FF FF FF
1787467927.396456,123,8,FF FF FF FF FF FF FF FF
1787467927.400110,123,8,FF FF FF FF FF FF FF FF
1787467927.404561,123,8,FF FF FF FF FF FF FF FF
1787467927.407858,123,8,FF FF FF FF FF FF FF FF
1787467927.412035,123,8,FF FF FF FF FF FF FF FF
1787467927.415290,123,8,FF FF FF FF FF FF FF FF
1787467927.417893,123,8,FF FF FF FF FF FF FF FF
1787467927.420827,123,8,FF FF FF FF FF FF FF FF
1787467927.424476,123,8,FF FF FF FF FF FF FF FF
1787467927.428002,123,8,FF FF FF FF FF FF FF FF
1787467927.431133,123,8,FF FF FF FF FF FF FF FF
1787467927.434163,123,8,FF FF FF FF FF FF FF FF
1787467927.437357,123,8,FF FF FF FF FF FF FF FF
1787467927.441847,123,8,FF FF FF FF FF FF FF FF
1787467927.447329,123,8,FF FF FF FF FF FF FF FF
1787467927.449259,123,8,FF FF FF FF FF FF FF FF
1787467927.451107,123,8,FF FF FF FF FF FF FF FF
1787467927.454128,123,8,FF FF FF FF FF FF FF FF
1787467927.456596,123,8,FF FF FF FF FF FF FF FF
1787467927.458669,123,8,FF FF FF FF FF FF FF FF
1787467927.460764,123,8,FF FF FF FF FF FF FF FF
1787467927.462812,123,8,FF FF FF FF FF FF FF FF
1787467927.464669,123,8,FF FF FF FF FF FF FF FF
1787467927.466336,123,8,FF FF FF FF FF FF FF FF
1787467927.467822,123,8,FF FF FF FF FF FF FF FF
1787467927.469213,123,8,FF FF FF FF FF FF FF FF
1787467927.470830,123,8,FF FF FF FF FF FF FF FF
1787467927.472568,123,8,FF FF FF FF FF FF FF FF
1787467927.474416,123,8,FF FF FF FF FF FF FF FF
1787467927.476158,123,8,FF FF FF FF FF FF FF FF
1787467927.477906,123,8,FF FF FF FF FF FF FF FF
1787467927.479376,123,8,FF FF FF FF FF FF FF FF
1787467927.480728,123,8,FF FF FF FF FF FF FF FF
1787467927.482941,123,8,FF FF FF FF FF FF FF FF
1787467927.485332,123,8,FF FF FF FF FF FF FF FF
1787467927.486956,123,8,FF FF FF FF FF FF FF FF
1787467927.488403,123,8,FF FF FF FF FF FF FF FF
1787467927.490175,123,8,FF FF FF FF FF FF FF FF
1787467927.492715,123,8,FF FF FF FF FF FF FF FF
1787467927.494562,123,8,FF FF FF FF FF FF FF FF
1787467927.496928,123,8,FF FF FF FF FF FF FF FF
1787467927.498848,123,8,FF FF FF FF FF FF FF FF
1787467927.500961,123,8,FF FF FF FF FF FF FF FF
1787467927.502929,123,8,FF FF FF FF FF FF FF FF
1787467927.505366,123,8,FF FF FF FF FF FF FF FF
1787467927.507235,123,8,FF FF FF FF FF FF FF FF
1787467927.508948,123,8,FF FF FF FF FF FF FF FF
1787467927.511128,123,8,FF FF FF FF FF FF FF FF
1787467927.513520,123,8,FF FF FF FF FF FF FF FF
1787467927.515346,123,8,FF FF FF FF FF FF FF FF
1787467927.517597,123,8,FF FF FF FF FF FF FF FF
1787467927.519651,123,8,FF FF FF FF FF FF FF FF
1787467927.522125,123,8,FF FF FF FF FF FF FF FF
1787467927.524451,123,8,FF FF FF FF FF FF FF FF
1787467927.527185,123,8,FF FF FF FF FF FF FF FF
1787467927.529642,123,8,FF FF FF FF FF FF FF FF
1787467927.532407,123,8,FF FF FF FF FF FF FF FF
1787467927.536055,123,8,FF FF FF FF FF FF FF FF
1787467927.537902,123,8,FF FF FF FF FF FF FF FF
1787467927.540008,123,8,FF FF FF FF FF FF FF FF
1787467927.542097,123,8,FF FF FF FF FF FF FF FF
1787467927.543989,123,8,FF FF FF FF FF FF FF FF
1787467927.545661,123,8,FF FF FF FF FF FF FF FF
1787467927.547569,123,8,FF FF FF FF FF FF FF FF
1787467927.549862,123,8,FF FF FF FF FF FF FF FF
1787467927.552607,123,8,FF FF FF FF FF FF FF FF
1787467927.554265,123,8,FF FF FF FF FF FF FF FF
1787467927.555838,123,8,FF FF FF FF FF FF FF FF
1787467927.557479,123,8,FF FF FF FF FF FF FF FF
1787467927.559808,123,8,FF FF FF FF FF FF FF FF
1787467927.562937,123,8,FF FF FF FF FF FF FF FF
1787467927.566203,123,8,FF FF FF FF FF FF FF FF
1787467927.569345,123,8,FF FF FF FF FF FF FF FF
1787467927.572475,123,8,FF FF FF FF FF FF FF FF
1787467927.575603,123,8,FF FF FF FF FF FF FF FF
1787467927.578888,123,8,FF FF FF FF FF FF FF FF
1787467927.581400,123,8,FF FF FF FF FF FF FF FF
1787467927.583938,123,8,FF FF FF FF FF FF FF FF
1787467927.587801,123,8,FF FF FF FF FF FF FF FF
1787467927.594197,123,8,FF FF FF FF FF FF FF FF
1787467927.597258,123,8,FF FF FF FF FF FF FF FF
1787467927.599268,123,8,FF FF FF FF FF FF FF FF
1787467927.601579,123,8,FF FF FF FF FF FF FF FF
1787467927.603653,123,8,FF FF FF FF FF FF FF FF
1787467927.606056,123,8,FF FF FF FF FF FF FF FF
1787467927.608077,123,8,FF FF FF FF FF FF FF FF
1787467927.610447,123,8,FF FF FF FF FF FF FF FF
1787467927.613902,123,8,FF FF FF FF FF FF FF FF
1787467927.616075,123,8,FF FF FF FF FF FF FF FF
1787467927.618378,123,8,FF FF FF FF FF FF FF FF
1787467927.620264,123,8,FF FF FF FF FF FF FF FF
1787467927.622659,123,8,FF FF FF FF FF FF FF FF
1787467927.624681,123,8,FF FF FF FF FF FF FF FF
1787467927.627250,123,8,FF FF FF FF FF FF FF FF
1787467927.629098,123,8,FF FF FF FF FF FF FF FF
1787467927.630824,123,8,FF FF FF FF FF FF FF FF
1787467927.632801,123,8,FF FF FF FF FF FF FF FF
1787467927.634654,123,8,FF FF FF FF FF FF FF FF
1787467927.637428,123,8,FF FF FF FF FF FF FF FF
1787467927.639946,123,8,FF FF FF FF FF FF FF FF
1787467927.643220,123,8,FF FF FF FF FF FF FF FF
1787467927.646703,123,8,FF FF FF FF FF FF FF FF
1787467927.648755,123,8,FF FF FF FF FF FF FF FF
1787467927.650990,123,8,FF FF FF FF FF FF FF FF
1787467927.653000,123,8,FF FF FF FF FF FF FF FF
1787467927.654915,123,8,FF FF FF FF FF FF FF FF
1787467927.656880,123,8,FF FF FF FF FF FF FF FF
1787467927.658919,123,8,FF FF FF FF FF FF FF FF
1787467927.661553,123,8,FF FF FF FF FF FF FF FF
1787467927.663884,123,8,FF FF FF FF FF FF FF FF
1787467927.665996,123,8,FF FF FF FF FF FF FF FF
1787467927.668710,123,8,FF FF FF FF FF FF FF FF
1787467927.671083,123,8,FF FF FF FF FF FF FF FF
1787467927.674001,123,8,FF FF FF FF FF FF FF FF
1787467927.677691,123,8,FF FF FF FF FF FF FF FF
1787467927.680088,123,8,FF FF FF FF FF FF FF FF
1787467927.689389,123,8,FF FF FF FF FF FF FF FF
1787467927.692957,123,8,FF FF FF FF FF FF FF FF
1787467927.697042,123,8,FF FF FF FF FF FF FF FF
1787467927.699926,123,8,FF FF FF FF FF FF FF FF
1787467927.704494,123,8,FF FF FF FF FF FF FF FF
1787467927.707668,123,8,FF FF FF FF FF FF FF FF
1787467927.710893,123,8,FF FF FF FF FF FF FF FF
1787467927.714140,123,8,FF FF FF FF FF FF FF FF
1787467927.717012,123,8,FF FF FF FF FF FF FF FF
1787467927.720506,123,8,FF FF FF FF FF FF FF FF
1787467927.725599,123,8,FF FF FF FF FF FF FF FF
1787467927.728937,123,8,FF FF FF FF FF FF FF FF
1787467927.733291,123,8,FF FF FF FF FF FF FF FF
1787467927.737397,123,8,FF FF FF FF FF FF FF FF
1787467927.740673,123,8,FF FF FF FF FF FF FF FF
1787467927.744095,123,8,FF FF FF FF FF FF FF FF
1787467927.746429,123,8,FF FF FF FF FF FF FF FF
1787467927.748327,123,8,FF FF FF FF FF FF FF FF
1787467927.750433,123,8,FF FF FF FF FF FF FF FF
1787467927.752401,123,8,FF FF FF FF FF FF FF FF
1787467927.754500,123,8,FF FF FF FF FF FF FF FF
1787467927.756457,123,8,FF FF FF FF FF FF FF FF
1787467927.758848,123,8,FF FF FF FF FF FF FF FF
1787467927.761046,123,8,FF FF FF FF FF FF FF FF
1787467927.763191,123,8,FF FF FF FF FF FF FF FF
1787467927.765480,123,8,FF FF FF FF FF FF FF FF
1787467927.767311,123,8,FF FF FF FF FF FF FF FF
1787467927.769550,123,8,FF FF FF FF FF FF FF FF
1787467927.771609,123,8,FF FF FF FF FF FF FF FF
1787467927.774780,123,8,FF FF FF FF FF FF FF FF
1787467927.777874,123,8,FF FF FF FF FF FF FF FF
1787467927.780131,123,8,FF FF FF FF FF FF FF FF
1787467927.786785,123,8,FF FF FF FF FF FF FF FF
1787467927.789598,123,8,FF FF FF FF FF FF FF FF
1787467927.791789,123,8,FF FF FF FF FF FF FF FF
1787467927.794392,123,8,FF FF FF FF FF FF FF FF
1787467927.796783,123,8,FF FF FF FF FF FF FF FF
1787467927.799676,123,8,FF FF FF FF FF FF FF FF
1787467927.802409,123,8,FF FF FF FF FF FF FF FF
1787467927.804647,123,8,FF FF FF FF FF FF FF FF
1787467927.807170,123,8,FF FF FF FF FF FF FF FF
1787467927.809103,123,8,FF FF FF FF FF FF FF FF
1787467927.811578,123,8,FF FF FF FF FF FF FF FF
1787467927.814330,123,8,FF FF FF FF FF FF FF FF
1787467927.816749,123,8,FF FF FF FF FF FF FF FF
1787467927.819191,123,8,FF FF FF FF FF FF FF FF
1787467927.821137,123,8,FF FF FF FF FF FF FF FF
1787467927.823310,123,8,FF FF FF FF FF FF FF FF
1787467927.829273,123,8,FF FF FF FF FF FF FF FF
1787467927.831734,123,8,FF FF FF FF FF FF FF FF
1787467927.834555,123,8,FF FF FF FF FF FF FF FF
1787467927.838047,123,8,FF FF FF FF FF FF FF FF
1787467927.840795,123,8,FF FF FF FF FF FF FF FF
1787467927.843959,123,8,FF FF FF FF FF FF FF FF
1787467927.847136,123,8,FF FF FF FF FF FF FF FF
1787467927.850244,123,8,FF FF FF FF FF FF FF FF
1787467927.853495,123,8,FF FF FF FF FF FF FF FF
1787467927.857005,123,8,FF FF FF FF FF FF FF FF
1787467927.860436,123,8,FF FF FF FF FF FF FF FF
1787467927.863606,123,8,FF FF FF FF FF FF FF FF
1787467927.866771,123,8,FF FF FF FF FF FF FF FF
1787467927.868797,123,8,FF FF FF FF FF FF FF FF
1787467927.871003,123,8,FF FF FF FF FF FF FF FF
1787467927.872964,123,8,FF FF FF FF FF FF FF FF
1787467927.875445,123,8,FF FF FF FF FF FF FF FF
1787467927.878337,123,8,FF FF FF FF FF FF FF FF
1787467927.880319,123,8,FF FF FF FF FF FF FF FF
1787467927.882185,123,8,FF FF FF FF FF FF FF FF
1787467927.884218,123,8,FF FF FF FF FF FF FF FF
1787467927.886235,123,8,FF FF FF FF FF FF FF FF
1787467927.888007,123,8,FF FF FF FF FF FF FF FF
1787467927.890053,123,8,FF FF FF FF FF FF FF FF
1787467927.892216,123,8,FF FF FF FF FF FF FF FF
1787467927.894244,123,8,FF FF FF FF FF FF FF FF
1787467927.896242,123,8,FF FF FF FF FF FF FF FF
1787467927.898569,123,8,FF FF FF FF FF FF FF FF
1787467927.900649,123,8,FF FF FF FF FF FF FF FF
1787467927.902770,123,8,FF FF FF FF FF FF FF FF
1787467927.904352,123,8,FF FF FF FF FF FF FF FF
1787467927.906560,123,8,FF FF FF FF FF FF FF FF
1787467927.908583,123,8,FF FF FF FF FF FF FF FF
1787467927.911148,123,8,FF FF FF FF FF FF FF FF
1787467927.913167,123,8,FF FF FF FF FF FF FF FF
1787467927.915218,123,8,FF FF FF FF FF FF FF FF
1787467927.916994,123,8,FF FF FF FF FF FF FF FF
1787467927.919095,123,8,FF FF FF FF FF FF FF FF
1787467927.920968,123,8,FF FF FF FF FF FF FF FF
1787467927.923132,123,8,FF FF FF FF FF FF FF FF
1787467927.925563,123,8,FF FF FF FF FF FF FF FF
1787467927.927811,123,8,FF FF FF FF FF FF FF FF
1787467927.929754,123,8,FF FF FF FF FF FF FF FF
1787467927.931893,123,8,FF FF FF FF FF FF FF FF
1787467927.934146,123,8,FF FF FF FF FF FF FF FF
1787467927.936103,123,8,FF FF FF FF FF FF FF FF
1787467927.938082,123,8,FF FF FF FF FF FF FF FF
1787467927.939724,123,8,FF FF FF FF FF FF FF FF
1787467927.941962,123,8,FF FF FF FF FF FF FF FF
1787467927.944624,123,8,FF FF FF FF FF FF FF FF
1787467927.946790,123,8,FF FF FF FF FF FF FF FF
1787467927.949654,123,8,FF FF FF FF FF FF FF FF
1787467927.953668,123,8,FF FF FF FF FF FF FF FF
1787467927.962289,123,8,FF FF FF FF FF FF FF FF
1787467927.965266,123,8,FF FF FF FF FF FF FF FF
1787467927.968375,123,8,FF FF FF FF FF FF FF FF
1787467927.971731,123,8,FF FF FF FF FF FF FF FF
1787467927.975581,123,8,FF FF FF FF FF FF FF FF
1787467927.978944,123,8,FF FF FF FF FF FF FF FF
1787467927.982149,123,8,FF FF FF FF FF FF FF FF
1787467927.984696,123,8,FF FF FF FF FF FF FF FF
1787467927.986595,123,8,FF FF FF FF FF FF FF FF
1787467927.988390,123,8,FF FF FF FF FF FF FF FF
1787467927.990277,123,8,FF FF FF FF FF FF FF FF
1787467927.992872,123,8,FF FF FF FF FF FF FF FF
1787467927.994824,123,8,FF FF FF FF FF FF FF FF
1787467927.996507,123,8,FF FF FF FF FF FF FF FF
1787467927.998327,123,8,FF FF FF FF FF FF FF FF
1787467928.000976,123,8,FF FF FF FF FF FF FF FF
1787467928.005200,123,8,FF FF FF FF FF FF FF FF
1787467928.007091,123,8,FF FF FF FF FF FF FF FF
1787467928.009069,123,8,FF FF FF FF FF FF FF FF
1787467928.011339,123,8,FF FF FF FF FF FF FF FF
1787467928.013922,123,8,FF FF FF FF FF FF FF FF
1787467928.015674,123,8,FF FF FF FF FF FF FF FF
1787467928.017514,123,8,FF FF FF FF FF FF FF FF
1787467928.018896,123,8,FF FF FF FF FF FF FF FF
1787467928.020527,123,8,FF FF FF FF FF FF FF FF
1787467928.022286,123,8,FF FF FF FF FF FF FF FF
1787467928.023837,123,8,FF FF FF FF FF FF FF FF
1787467928.026018,123,8,FF FF FF FF FF FF FF FF
1787467928.027758,123,8,FF FF FF FF FF FF FF FF
1787467928.029613,123,8,FF FF FF FF FF FF FF FF
1787467928.031407,123,8,FF FF FF FF FF FF FF FF
1787467928.032920,123,8,FF FF FF FF FF FF FF FF
1787467928.034794,123,8,FF FF FF FF FF FF FF FF
1787467928.036522,123,8,FF FF FF FF FF FF FF FF
1787467928.038499,123,8,FF FF FF FF FF FF FF FF
1787467928.040145,123,8,FF FF FF FF FF FF FF FF
1787467928.042398,123,8,FF FF FF FF FF FF FF FF
1787467928.044981,123,8,FF FF FF FF FF FF FF FF
1787467928.050310,123,8,FF FF FF FF FF FF FF FF
1787467928.052877,123,8,FF FF FF FF FF FF FF FF
1787467928.054767,123,8,FF FF FF FF FF FF FF FF
1787467928.056758,123,8,FF FF FF FF FF FF FF FF
1787467928.058674,123,8,FF FF FF FF FF FF FF FF
1787467928.061821,123,8,FF FF FF FF FF FF FF FF
1787467928.063730,123,8,FF FF FF FF FF FF FF FF
1787467928.065797,123,8,FF FF FF FF FF FF FF FF
1787467928.068069,123,8,FF FF FF FF FF FF FF FF
1787467928.070595,123,8,FF FF FF FF FF FF FF FF
1787467928.072769,123,8,FF FF FF FF FF FF FF FF
1787467928.076204,123,8,FF FF FF FF FF FF FF FF
1787467928.079957,123,8,FF FF FF FF FF FF FF FF
1787467928.083080,123,8,FF FF FF FF FF FF FF FF
1787467928.086913,123,8,FF FF FF FF FF FF FF FF
1787467928.089544,123,8,FF FF FF FF FF FF FF FF
1787467928.092666,123,8,FF FF FF FF FF FF FF FF
1787467928.095712,123,8,FF FF FF FF FF FF FF FF
1787467928.098626,123,8,FF FF FF FF FF FF FF FF
1787467928.101574,123,8,FF FF FF FF FF FF FF FF
1787467928.103409,123,8,FF FF FF FF FF FF FF FF
1787467928.105823,123,8,FF FF FF FF FF FF FF FF
1787467928.107902,123,8,FF FF FF FF FF FF FF FF
1787467928.110258,123,8,FF FF FF FF FF FF FF FF
1787467928.112056,123,8,FF FF FF FF FF FF FF FF
1787467928.113714,123,8,FF FF FF FF FF FF FF FF
1787467928.115413,123,8,FF FF FF FF FF FF FF FF
1787467928.117640,123,8,FF FF FF FF FF FF FF FF
1787467928.119202,123,8,FF FF FF FF FF FF FF FF
1787467928.120873,123,8,FF FF FF FF FF FF FF FF
1787467928.122852,123,8,FF FF FF FF FF FF FF FF
1787467928.124904,123,8,FF FF FF FF FF FF FF FF
1787467928.127462,123,8,FF FF FF FF FF FF FF FF
1787467928.129665,123,8,FF FF FF FF FF FF FF FF
1787467928.131460,123,8,FF FF FF FF FF FF FF FF
1787467928.133061,123,8,FF FF FF FF FF FF FF FF
1787467928.134687,123,8,FF FF FF FF FF FF FF FF
1787467928.136817,123,8,FF FF FF FF FF FF FF FF
1787467928.138902,123,8,FF FF FF FF FF FF FF FF
1787467928.141704,123,8,FF FF FF FF FF FF FF FF
1787467928.143775,123,8,FF FF FF FF FF FF FF FF
1787467928.146073,123,8,FF FF FF FF FF FF FF FF
1787467928.148249,123,8,FF FF FF FF FF FF FF FF
1787467928.150291,123,8,FF FF FF FF FF FF FF FF
1787467928.151983,123,8,FF FF FF FF FF FF FF FF
1787467928.154113,123,8,FF FF FF FF FF FF FF FF
1787467928.155993,123,8,FF FF FF FF FF FF FF FF
1787467928.158276,123,8,FF FF FF FF FF FF FF FF
1787467928.160260,123,8,FF FF FF FF FF FF FF FF
1787467928.162326,123,8,FF FF FF FF FF FF FF FF
1787467928.164273,123,8,FF FF FF FF FF FF FF FF
1787467928.170549,123,8,FF FF FF FF FF FF FF FF
1787467928.172707,123,8,FF FF FF FF FF FF FF FF
1787467928.174550,123,8,FF FF FF FF FF FF FF FF
1787467928.177748,123,8,FF FF FF FF FF FF FF FF
1787467928.181674,123,8,FF FF FF FF FF FF FF FF
1787467928.187263,123,8,FF FF FF FF FF FF FF FF
1787467928.190220,123,8,FF FF FF FF FF FF FF FF
1787467928.194696,123,8,FF FF FF FF FF FF FF FF
1787467928.198400,123,8,FF FF FF FF FF FF FF FF
1787467928.201849,123,8,FF FF FF FF FF FF FF FF
1787467928.206100,123,8,FF FF FF FF FF FF FF FF
1787467928.209556,123,8,FF FF FF FF FF FF FF FF
1787467928.212460,123,8,FF FF FF FF FF FF FF FF
1787467928.215640,123,8,FF FF FF FF FF FF FF FF
1787467928.218490,123,8,FF FF FF FF FF FF FF FF
1787467928.221361,123,8,FF FF FF FF FF FF FF FF
1787467928.225403,123,8,FF FF FF FF FF FF FF FF
1787467928.229352,123,8,FF FF FF FF FF FF FF FF
1787467928.232370,123,8,FF FF FF FF FF FF FF FF
1787467928.239164,123,8,FF FF FF FF FF FF FF FF
1787467928.241971,123,8,FF FF FF FF FF FF FF FF
1787467928.243750,123,8,FF FF FF FF FF FF FF FF
1787467928.246039,123,8,FF FF FF FF FF FF FF FF
1787467928.248447,123,8,FF FF FF FF FF FF FF FF
1787467928.250787,123,8,FF FF FF FF FF FF FF FF
1787467928.253394,123,8,FF FF FF FF FF FF FF FF
1787467928.255999,123,8,FF FF FF FF FF FF FF FF
1787467928.258481,123,8,FF FF FF FF FF FF FF FF
1787467928.262035,123,8,FF FF FF FF FF FF FF FF
1787467928.264067,123,8,FF FF FF FF FF FF FF FF
1787467928.266335,123,8,FF FF FF FF FF FF FF FF
1787467928.268363,123,8,FF FF FF FF FF FF FF FF
1787467928.270608,123,8,FF FF FF FF FF FF FF FF
1787467928.273002,123,8,FF FF FF FF FF FF FF FF
1787467928.278494,123,8,FF FF FF FF FF FF FF FF
1787467928.280458,123,8,FF FF FF FF FF FF FF FF
1787467928.282940,123,8,FF FF FF FF FF FF FF FF
1787467928.285460,123,8,FF FF FF FF FF FF FF FF
1787467928.287631,123,8,FF FF FF FF FF FF FF FF
1787467928.290254,123,8,FF FF FF FF FF FF FF FF
1787467928.292671,123,8,FF FF FF FF FF FF FF FF
1787467928.294860,123,8,FF FF FF FF FF FF FF FF
1787467928.296848,123,8,FF FF FF FF FF FF FF FF
1787467928.299471,123,8,FF FF FF FF FF FF FF FF
1787467928.301611,123,8,FF FF FF FF FF FF FF FF
1787467928.303292,123,8,FF FF FF FF FF FF FF FF
1787467928.305035,123,8,FF FF FF FF FF FF FF FF
1787467928.306876,123,8,FF FF FF FF FF FF FF FF
1787467928.309119,123,8,FF FF FF FF FF FF FF FF
1787467928.312311,123,8,FF FF FF FF FF FF FF FF
1787467928.315394,123,8,FF FF FF FF FF FF FF FF
1787467928.318609,123,8,FF FF FF FF FF FF FF FF
1787467928.323076,123,8,FF FF FF FF FF FF FF FF
1787467928.325869,123,8,FF FF FF FF FF FF FF FF
1787467928.333898,123,8,FF FF FF FF FF FF FF FF
1787467928.337546,123,8,FF FF FF FF FF FF FF FF
1787467928.340215,123,8,FF FF FF FF FF FF FF FF
1787467928.343812,123,8,FF FF FF FF FF FF FF FF
1787467928.346028,123,8,FF FF FF FF FF FF FF FF
1787467928.348171,123,8,FF FF FF FF FF FF FF FF
1787467928.350577,123,8,FF FF FF FF FF FF FF FF
1787467928.352462,123,8,FF FF FF FF FF FF FF FF
1787467928.354467,123,8,FF FF FF FF FF FF FF FF
1787467928.356765,123,8,FF FF FF FF FF FF FF FF
1787467928.359296,123,8,FF FF FF FF FF FF FF FF
1787467928.361538,123,8,FF FF FF FF FF FF FF FF
1787467928.363697,123,8,FF FF FF FF FF FF FF FF
1787467928.365657,123,8,FF FF FF FF FF FF FF FF
1787467928.367568,123,8,FF FF FF FF FF FF FF FF
1787467928.371007,123,8,FF FF FF FF FF FF FF FF
1787467928.372677,123,8,FF FF FF FF FF FF FF FF
1787467928.374588,123,8,FF FF FF FF FF FF FF FF
1787467928.378519,123,8,FF FF FF FF FF FF FF FF
1787467928.380245,123,8,FF FF FF FF FF FF FF FF
1787467928.382336,123,8,FF FF FF FF FF FF FF FF
1787467928.384647,123,8,FF FF FF FF FF FF FF FF
1787467928.386763,123,8,FF FF FF FF FF FF FF FF
1787467928.389106,123,8,FF FF FF FF FF FF FF FF
1787467928.391296,123,8,FF FF FF FF FF FF FF FF
1787467928.394049,123,8,FF FF FF FF FF FF FF FF
1787467928.396200,123,8,FF FF FF FF FF FF FF FF
1787467928.398453,123,8,FF FF FF FF FF FF FF FF
1787467928.400466,123,8,FF FF FF FF FF FF FF FF
1787467928.402534,123,8,FF FF FF FF FF FF FF FF
1787467928.404631,123,8,FF FF FF FF FF FF FF FF
1787467928.407599,123,8,FF FF FF FF FF FF FF FF
1787467928.409908,123,8,FF FF FF FF FF FF FF FF
1787467928.412211,123,8,FF FF FF FF FF FF FF FF
1787467928.414478,123,8,FF FF FF FF FF FF FF FF
1787467928.417936,123,8,FF FF FF FF FF FF FF FF
1787467928.420295,123,8,FF FF FF FF FF FF FF FF
1787467928.427980,123,8,FF FF FF FF FF FF FF FF
1787467928.436192,123,8,FF FF FF FF FF FF FF FF
1787467928.444865,123,8,FF FF FF FF FF FF FF FF
1787467928.448846,123,8,FF FF FF FF FF FF FF FF
1787467928.452374,123,8,FF FF FF FF FF FF FF FF
1787467928.456131,123,8,FF FF FF FF FF FF FF FF
1787467928.459745,123,8,FF FF FF FF FF FF FF FF
1787467928.462965,123,8,FF FF FF FF FF FF FF FF
1787467928.466088,123,8,FF FF FF FF FF FF FF FF
1787467928.468610,123,8,FF FF FF FF FF FF FF FF
1787467928.471169,123,8,FF FF FF FF FF FF FF FF
1787467928.474549,123,8,FF FF FF FF FF FF FF FF
1787467928.478207,123,8,FF FF FF FF FF FF FF FF
1787467928.481605,123,8,FF FF FF FF FF FF FF FF
1787467928.483773,123,8,FF FF FF FF FF FF FF FF
1787467928.485676,123,8,FF FF FF FF FF FF FF FF
1787467928.487867,123,8,FF FF FF FF FF FF FF FF
1787467928.490100,123,8,FF FF FF FF FF FF FF FF
1787467928.492271,123,8,FF FF FF FF FF FF FF FF
1787467928.495105,123,8,FF FF FF FF FF FF FF FF
1787467928.497072,123,8,FF FF FF FF FF FF FF FF
1787467928.498802,123,8,FF FF FF FF FF FF FF FF
1787467928.501116,123,8,FF FF FF FF FF FF FF FF
1787467928.503729,123,8,FF FF FF FF FF FF FF FF
1787467928.505621,123,8,FF FF FF FF FF FF FF FF
1787467928.507289,123,8,FF FF FF FF FF FF FF FF
1787467928.510691,123,8,FF FF FF FF FF FF FF FF
1787467928.512596,123,8,FF FF FF FF FF FF FF FF
1787467928.515128,123,8,FF FF FF FF FF FF FF FF
1787467928.518138,123,8,FF FF FF FF FF FF FF FF
1787467928.519863,123,8,FF FF FF FF FF FF FF FF
1787467928.523341,123,8,FF FF FF FF FF FF FF FF
1787467928.525952,123,8,FF FF FF FF FF FF FF FF
1787467928.527949,123,8,FF FF FF FF FF FF FF FF
1787467928.530562,123,8,FF FF FF FF FF FF FF FF
1787467928.532451,123,8,FF FF FF FF FF FF FF FF
1787467928.534247,123,8,FF FF FF FF FF FF FF FF
1787467928.536661,123,8,FF FF FF FF FF FF FF FF
1787467928.538801,123,8,FF FF FF FF FF FF FF FF
1787467928.540573,123,8,FF FF FF FF FF FF FF FF
1787467928.542903,123,8,FF FF FF FF FF FF FF FF
1787467928.546244,123,8,FF FF FF FF FF FF FF FF
1787467928.548416,123,8,FF FF FF FF FF FF FF FF
1787467928.551479,123,8,FF FF FF FF FF FF FF FF
1787467928.553768,123,8,FF FF FF FF FF FF FF FF
1787467928.557064,123,8,FF FF FF FF FF FF FF FF
1787467928.559567,123,8,FF FF FF FF FF FF FF FF
1787467928.562599,123,8,FF FF FF FF FF FF FF FF
1787467928.565592,123,8,FF FF FF FF FF FF FF FF
1787467928.568057,123,8,FF FF FF FF FF FF FF FF
1787467928.573635,123,8,FF FF FF FF FF FF FF FF
1787467928.575797,123,8,FF FF FF FF FF FF FF FF
1787467928.578822,123,8,FF FF FF FF FF FF FF FF
1787467928.580765,123,8,FF FF FF FF FF FF FF FF
1787467928.582847,123,8,FF FF FF FF FF FF FF FF
1787467928.584654,123,8,FF FF FF FF FF FF FF FF
1787467928.587075,123,8,FF FF FF FF FF FF FF FF
1787467928.588716,123,8,FF FF FF FF FF FF FF FF
1787467928.590624,123,8,FF FF FF FF FF FF FF FF
1787467928.593467,123,8,FF FF FF FF FF FF FF FF
1787467928.595193,123,8,FF FF FF FF FF FF FF FF
1787467928.597355,123,8,FF FF FF FF FF FF FF FF
1787467928.599580,123,8,FF FF FF FF FF FF FF FF
1787467928.601996,123,8,FF FF FF FF FF FF FF FF
1787467928.604497,123,8,FF FF FF FF FF FF FF FF
1787467928.607729,123,8,FF FF FF FF FF FF FF FF
1787467928.610127,123,8,FF FF FF FF FF FF FF FF
1787467928.612694,123,8,FF FF FF FF FF FF FF FF
1787467928.616417,123,8,FF FF FF FF FF FF FF FF
1787467928.619599,123,8,FF FF FF FF FF FF FF FF
1787467928.623500,123,8,FF FF FF FF FF FF FF FF
1787467928.626760,123,8,FF FF FF FF FF FF FF FF
1787467928.629931,123,8,FF FF FF FF FF FF FF FF
1787467928.632835,123,8,FF FF FF FF FF FF FF FF
1787467928.635902,123,8,FF FF FF FF FF FF FF FF
1787467928.639268,123,8,FF FF FF FF FF FF FF FF
1787467928.642837,123,8,FF FF FF FF FF FF FF FF
1787467928.644755,123,8,FF FF FF FF FF FF FF FF
1787467928.646867,123,8,FF FF FF FF FF FF FF FF
1787467928.649664,123,8,FF FF FF FF FF FF FF FF
1787467928.652659,123,8,FF FF FF FF FF FF FF FF
1787467928.655442,123,8,FF FF FF FF FF FF FF FF
1787467928.659993,123,8,FF FF FF FF FF FF FF FF
1787467928.663715,123,8,FF FF FF FF FF FF FF FF
1787467928.665976,123,8,FF FF FF FF FF FF FF FF
1787467928.667747,123,8,FF FF FF FF FF FF FF FF
1787467928.670883,123,8,FF FF FF FF FF FF FF FF
1787467928.679215,123,8,FF FF FF FF FF FF FF FF
1787467928.681593,123,8,FF FF FF FF FF FF FF FF
1787467928.685871,123,8,FF FF FF FF FF FF FF FF
1787467928.690048,123,8,FF FF FF FF FF FF FF FF
1787467928.698614,123,8,FF FF FF FF FF FF FF FF
1787467928.701068,123,8,FF FF FF FF FF FF FF FF
1787467928.703031,123,8,FF FF FF FF FF FF FF FF
1787467928.705326,123,8,FF FF FF FF FF FF FF FF
1787467928.707533,123,8,FF FF FF FF FF FF FF FF
1787467928.712482,123,8,FF FF FF FF FF FF FF FF
1787467928.714706,123,8,FF FF FF FF FF FF FF FF
1787467928.716872,123,8,FF FF FF FF FF FF FF FF
1787467928.719873,123,8,FF FF FF FF FF FF FF FF
1787467928.721502,123,8,FF FF FF FF FF FF FF FF
1787467928.723165,123,8,FF FF FF FF FF FF FF FF
1787467928.725770,123,8,FF FF FF FF FF FF FF FF
1787467928.727636,123,8,FF FF FF FF FF FF FF FF
1787467928.729598,123,8,FF FF FF FF FF FF FF FF
1787467928.731510,123,8,FF FF FF FF FF FF FF FF
1787467928.733730,123,8,FF FF FF FF FF FF FF FF
1787467928.735457,123,8,FF FF FF FF FF FF FF FF
1787467928.737702,123,8,FF FF FF FF FF FF FF FF
1787467928.740762,123,8,FF FF FF FF FF FF FF FF
1787467928.750409,123,8,FF FF FF FF FF FF FF FF
1787467928.754897,123,8,FF FF FF FF FF FF FF FF
1787467928.757708,123,8,FF FF FF FF FF FF FF FF
1787467928.760450,123,8,FF FF FF FF FF FF FF FF
1787467928.764138,123,8,FF FF FF FF FF FF FF FF
1787467928.768558,123,8,FF FF FF FF FF FF FF FF
1787467928.772708,123,8,FF FF FF FF FF FF FF FF
1787467928.777152,123,8,FF FF FF FF FF FF FF FF
1787467928.781157,123,8,FF FF FF FF FF FF FF FF
1787467928.786293,123,8,FF FF FF FF FF FF FF FF
1787467928.790990,123,8,FF FF FF FF FF FF FF FF
1787467928.793743,123,8,FF FF FF FF FF FF FF FF
1787467928.796266,123,8,FF FF FF FF FF FF FF FF
1787467928.799301,123,8,FF FF FF FF FF FF FF FF
1787467928.801414,123,8,FF FF FF FF FF FF FF FF
1787467928.803642,123,8,FF FF FF FF FF FF FF FF
1787467928.805517,123,8,FF FF FF FF FF FF FF FF
1787467928.807495,123,8,FF FF FF FF FF FF FF FF
1787467928.809934,123,8,FF FF FF FF FF FF FF FF
1787467928.811705,123,8,FF FF FF FF FF FF FF FF
1787467928.813897,123,8,FF FF FF FF FF FF FF FF
1787467928.816190,123,8,FF FF FF FF FF FF FF FF
1787467928.818208,123,8,FF FF FF FF FF FF FF FF
1787467928.819984,123,8,FF FF FF FF FF FF FF FF
1787467928.823032,123,8,FF FF FF FF FF FF FF FF
1787467928.825462,123,8,FF FF FF FF FF FF FF FF
1787467928.827754,123,8,FF FF FF FF FF FF FF FF
1787467928.829677,123,8,FF FF FF FF FF FF FF FF
1787467928.832165,123,8,FF FF FF FF FF FF FF FF
1787467928.834916,123,8,FF FF FF FF FF FF FF FF
1787467928.837822,123,8,FF FF FF FF FF FF FF FF
1787467928.841202,123,8,FF FF FF FF FF FF FF FF
1787467928.850830,123,8,FF FF FF FF FF FF FF FF
1787467928.854300,123,8,FF FF FF FF FF FF FF FF
1787467928.856562,123,8,FF FF FF FF FF FF FF FF
1787467928.860758,123,8,FF FF FF FF FF FF FF FF
1787467928.866320,123,8,FF FF FF FF FF FF FF FF
1787467928.869312,123,8,FF FF FF FF FF FF FF FF
1787467928.872523,123,8,FF FF FF FF FF FF FF FF
1787467928.875413,123,8,FF FF FF FF FF FF FF FF
1787467928.879451,123,8,FF FF FF FF FF FF FF FF
1787467928.883767,123,8,FF FF FF FF FF FF FF FF
1787467928.887659,123,8,FF FF FF FF FF FF FF FF
1787467928.891591,123,8,FF FF FF FF FF FF FF FF
1787467928.894464,123,8,FF FF FF FF FF FF FF FF
1787467928.897140,123,8,FF FF FF FF FF FF FF FF
1787467928.902619,123,8,FF FF FF FF FF FF FF FF
1787467928.905958,123,8,FF FF FF FF FF FF FF FF
1787467928.909812,123,8,FF FF FF FF FF FF FF FF
1787467928.913446,123,8,FF FF FF FF FF FF FF FF
1787467928.915364,123,8,FF FF FF FF FF FF FF FF
1787467928.917039,123,8,FF FF FF FF FF FF FF FF
1787467928.919179,123,8,FF FF FF FF FF FF FF FF
1787467928.924312,123,8,FF FF FF FF FF FF FF FF
1787467928.927862,123,8,FF FF FF FF FF FF FF FF
1787467928.930320,123,8,FF FF FF FF FF FF FF FF
1787467928.932676,123,8,FF FF FF FF FF FF FF FF
1787467928.935422,123,8,FF FF FF FF FF FF FF FF
1787467928.938692,123,8,FF FF FF FF FF FF FF FF
1787467928.944062,123,8,FF FF FF FF FF FF FF FF
1787467928.947735,123,8,FF FF FF FF FF FF FF FF
1787467928.950351,123,8,FF FF FF FF FF FF FF FF
1787467928.951971,123,8,FF FF FF FF FF FF FF FF
1787467928.954797,123,8,FF FF FF FF FF FF FF FF
1787467928.956758,123,8,FF FF FF FF FF FF FF FF
1787467928.959284,123,8,FF FF FF FF FF FF FF FF
1787467928.962242,123,8,FF FF FF FF FF FF FF FF
1787467928.964061,123,8,FF FF FF FF FF FF FF FF
1787467928.966000,123,8,FF FF FF FF FF FF FF FF
1787467928.968405,123,8,FF FF FF FF FF FF FF FF
1787467928.970418,123,8,FF FF FF FF FF FF FF FF
1787467928.972448,123,8,FF FF FF FF FF FF FF FF
1787467928.975723,123,8,FF FF FF FF FF FF FF FF
1787467928.977807,123,8,FF FF FF FF FF FF FF FF
1787467928.979766,123,8,FF FF FF FF FF FF FF FF
1787467928.982663,123,8,FF FF FF FF FF FF FF FF
1787467928.985133,123,8,FF FF FF FF FF FF FF FF
1787467928.988135,123,8,FF FF FF FF FF FF FF FF
1787467928.991240,123,8,FF FF FF FF FF FF FF FF
1787467928.994319,123,8,FF FF FF FF FF FF FF FF
1787467928.998334,123,8,FF FF FF FF FF FF FF FF
1787467928.999980,123,8,FF FF FF FF FF FF FF FF
1787467929.002238,123,8,FF FF FF FF FF FF FF FF
1787467929.004417,123,8,FF FF FF FF FF FF FF FF
1787467929.006446,123,8,FF FF FF FF FF FF FF FF
1787467929.009101,123,8,FF FF FF FF FF FF FF FF
1787467929.011346,123,8,FF FF FF FF FF FF FF FF
1787467929.013335,123,8,FF FF FF FF FF FF FF FF
1787467929.015676,123,8,FF FF FF FF FF FF FF FF
1787467929.018073,123,8,FF FF FF FF FF FF FF FF
1787467929.019911,123,8,FF FF FF FF FF FF FF FF
1787467929.022251,123,8,FF FF FF FF FF FF FF FF
1787467929.024830,123,8,FF FF FF FF FF FF FF FF
1787467929.027373,123,8,FF FF FF FF FF FF FF FF
1787467929.030611,123,8,FF FF FF FF FF FF FF FF
1787467929.033147,123,8,FF FF FF FF FF FF FF FF
1787467929.036537,123,8,FF FF FF FF FF FF FF FF
1787467929.042264,123,8,FF FF FF FF FF FF FF FF
1787467929.044258,123,8,FF FF FF FF FF FF FF FF
1787467929.048408,123,8,FF FF FF FF FF FF FF FF
1787467929.050532,123,8,FF FF FF FF FF FF FF FF
1787467929.053081,123,8,FF FF FF FF FF FF FF FF
1787467929.054707,123,8,FF FF FF FF FF FF FF FF
1787467929.056441,123,8,FF FF FF FF FF FF FF FF
1787467929.059228,123,8,FF FF FF FF FF FF FF FF
1787467929.061594,123,8,FF FF FF FF FF FF FF FF
1787467929.063948,123,8,FF FF FF FF FF FF FF FF
1787467929.067152,123,8,FF FF FF FF FF FF FF FF
1787467929.069507,123,8,FF FF FF FF FF FF FF FF
1787467929.071736,123,8,FF FF FF FF FF FF FF FF
1787467929.074523,123,8,FF FF FF FF FF FF FF FF
1787467929.081048,123,8,FF FF FF FF FF FF FF FF
1787467929.083966,123,8,FF FF FF FF FF FF FF FF
1787467929.086647,123,8,FF FF FF FF FF FF FF FF
1787467929.089382,123,8,FF FF FF FF FF FF FF FF
1787467929.091897,123,8,FF FF FF FF FF FF FF FF
1787467929.095329,123,8,FF FF FF FF FF FF FF FF
1787467929.099522,123,8,FF FF FF FF FF FF FF FF
1787467929.103525,123,8,FF FF FF FF FF FF FF FF
1787467929.106814,123,8,FF FF FF FF FF FF FF FF
1787467929.110560,123,8,FF FF FF FF FF FF FF FF
1787467929.114616,123,8,FF FF FF FF FF FF FF FF
1787467929.118205,123,8,FF FF FF FF FF FF FF FF
1787467929.121577,123,8,FF FF FF FF FF FF FF FF
1787467929.123662,123,8,FF FF FF FF FF FF FF FF
1787467929.127705,123,8,FF FF FF FF FF FF FF FF
1787467929.133826,123,8,FF FF FF FF FF FF FF FF
1787467929.133987,123,8,FF FF FF FF FF FF FF FF
1787467929.134171,123,8,FF FF FF FF FF FF FF FF
1787467929.136199,123,8,FF FF FF FF FF FF FF FF
1787467929.138186,123,8,FF FF FF FF FF FF FF FF
1787467929.139899,123,8,FF FF FF FF FF FF FF FF
1787467929.142093,123,8,FF FF FF FF FF FF FF FF
1787467929.144565,123,8,FF FF FF FF FF FF FF FF
1787467929.146501,123,8,FF FF FF FF FF FF FF FF
1787467929.148510,123,8,FF FF FF FF FF FF FF FF
1787467929.151346,123,8,FF FF FF FF FF FF FF FF
1787467929.153280,123,8,FF FF FF FF FF FF FF FF
1787467929.155021,123,8,FF FF FF FF FF FF FF FF
1787467929.157117,123,8,FF FF FF FF FF FF FF FF
1787467929.159416,123,8,FF FF FF FF FF FF FF FF
1787467929.161102,123,8,FF FF FF FF FF FF FF FF
1787467929.163877,123,8,FF FF FF FF FF FF FF FF
1787467929.165861,123,8,FF FF FF FF FF FF FF FF
1787467929.168358,123,8,FF FF FF FF FF FF FF FF
1787467929.170947,123,8,FF FF FF FF FF FF FF FF
1787467929.179423,123,8,FF FF FF FF FF FF FF FF
1787467929.181916,123,8,FF FF FF FF FF FF FF FF
1787467929.185010,123,8,FF FF FF FF FF FF FF FF
1787467929.187753,123,8,FF FF FF FF FF FF FF FF
1787467929.190270,123,8,FF FF FF FF FF FF FF FF
1787467929.192937,123,8,FF FF FF FF FF FF FF FF
1787467929.195012,123,8,FF FF FF FF FF FF FF FF
1787467929.197541,123,8,FF FF FF FF FF FF FF FF
1787467929.200027,123,8,FF FF FF FF FF FF FF FF
1787467929.202658,123,8,FF FF FF FF FF FF FF FF
1787467929.205069,123,8,FF FF FF FF FF FF FF FF
1787467929.208309,123,8,FF FF FF FF FF FF FF FF
1787467929.210805,123,8,FF FF FF FF FF FF FF FF
1787467929.213870,123,8,FF FF FF FF FF FF FF FF
1787467929.216184,123,8,FF FF FF FF FF FF FF FF
1787467929.219258,123,8,FF FF FF FF FF FF FF FF
1787467929.221631,123,8,FF FF FF FF FF FF FF FF
1787467929.223766,123,8,FF FF FF FF FF FF FF FF
1787467929.226888,123,8,FF FF FF FF FF FF FF FF
1787467929.229216,123,8,FF FF FF FF FF FF FF FF
1787467929.231773,123,8,FF FF FF FF FF FF FF FF
1787467929.234828,123,8,FF FF FF FF FF FF FF FF
1787467929.237516,123,8,FF FF FF FF FF FF FF FF
1787467929.239829,123,8,FF FF FF FF FF FF FF FF
1787467929.242667,123,8,FF FF FF FF FF FF FF FF
1787467929.244849,123,8,FF FF FF FF FF FF FF FF
1787467929.248303,123,8,FF FF FF FF FF FF FF FF
1787467929.250362,123,8,FF FF FF FF FF FF FF FF
1787467929.252199,123,8,FF FF FF FF FF FF FF FF
1787467929.254700,123,8,FF FF FF FF FF FF FF FF
1787467929.256818,123,8,FF FF FF FF FF FF FF FF
1787467929.258920,123,8,FF FF FF FF FF FF FF FF
1787467929.260955,123,8,FF FF FF FF FF FF FF FF
1787467929.263195,123,8,FF FF FF FF FF FF FF FF
1787467929.265555,123,8,FF FF FF FF FF FF FF FF
1787467929.268084,123,8,FF FF FF FF FF FF FF FF
1787467929.271589,123,8,FF FF FF FF FF FF FF FF
1787467929.275067,123,8,FF FF FF FF FF FF FF FF
1787467929.278898,123,8,FF FF FF FF FF FF FF FF
1787467929.283557,123,8,FF FF FF FF FF FF FF FF
1787467929.286379,123,8,FF FF FF FF FF FF FF FF
1787467929.290007,123,8,FF FF FF FF FF FF FF FF
1787467929.293044,123,8,FF FF FF FF FF FF FF FF
1787467929.297103,123,8,FF FF FF FF FF FF FF FF
1787467929.298742,123,8,FF FF FF FF FF FF FF FF
1787467929.301320,123,8,FF FF FF FF FF FF FF FF
1787467929.303673,123,8,FF FF FF FF FF FF FF FF
1787467929.306059,123,8,FF FF FF FF FF FF FF FF
1787467929.309484,123,8,FF FF FF FF FF FF FF FF
1787467929.311462,123,8,FF FF FF FF FF FF FF FF
1787467929.314008,123,8,FF FF FF FF FF FF FF FF
1787467929.316608,123,8,FF FF FF FF FF FF FF FF
1787467929.318746,123,8,FF FF FF FF FF FF FF FF
1787467929.322251,123,8,FF FF FF FF FF FF FF FF
1787467929.323840,123,8,FF FF FF FF FF FF FF FF
1787467929.325633,123,8,FF FF FF FF FF FF FF FF
1787467929.331263,123,8,FF FF FF FF FF FF FF FF
1787467929.334226,123,8,FF FF FF FF FF FF FF FF
1787467929.337300,123,8,FF FF FF FF FF FF FF FF
1787467929.339781,123,8,FF FF FF FF FF FF FF FF
1787467929.342168,123,8,FF FF FF FF FF FF FF FF
1787467929.345311,123,8,FF FF FF FF FF FF FF FF
1787467929.348042,123,8,FF FF FF FF FF FF FF FF
1787467929.350416,123,8,FF FF FF FF FF FF FF FF
1787467929.352357,123,8,FF FF FF FF FF FF FF FF
1787467929.354970,123,8,FF FF FF FF FF FF FF FF
1787467929.358295,123,8,FF FF FF FF FF FF FF FF
1787467929.360551,123,8,FF FF FF FF FF FF FF FF
1787467929.362640,123,8,FF FF FF FF FF FF FF FF
1787467929.366729,123,8,FF FF FF FF FF FF FF FF
1787467929.369666,123,8,FF FF FF FF FF FF FF FF
1787467929.372885,123,8,FF FF FF FF FF FF FF FF
1787467929.379926,123,8,FF FF FF FF FF FF FF FF
1787467929.382940,123,8,FF FF FF FF FF FF FF FF
1787467929.385432,123,8,FF FF FF FF FF FF FF FF
1787467929.387554,123,8,FF FF FF FF FF FF FF FF
1787467929.389555,123,8,FF FF FF FF FF FF FF FF
1787467929.392040,123,8,FF FF FF FF FF FF FF FF
1787467929.395319,123,8,FF FF FF FF FF FF FF FF
1787467929.399350,123,8,FF FF FF FF FF FF FF FF
1787467929.403475,123,8,FF FF FF FF FF FF FF FF
1787467929.407397,123,8,FF FF FF FF FF FF FF FF
1787467929.411306,123,8,FF FF FF FF FF FF FF FF
1787467929.414583,123,8,FF FF FF FF FF FF FF FF
1787467929.417630,123,8,FF FF FF FF FF FF FF FF
1787467929.427310,123,8,FF FF FF FF FF FF FF FF
1787467929.430682,123,8,FF FF FF FF FF FF FF FF
1787467929.433091,123,8,FF FF FF FF FF FF FF FF
1787467929.435313,123,8,FF FF FF FF FF FF FF FF
1787467929.437352,123,8,FF FF FF FF FF FF FF FF
1787467929.440192,123,8,FF FF FF FF FF FF FF FF
1787467929.443470,123,8,FF FF FF FF FF FF FF FF
1787467929.446074,123,8,FF FF FF FF FF FF FF FF
1787467929.448802,123,8,FF FF FF FF FF FF FF FF
1787467929.451204,123,8,FF FF FF FF FF FF FF FF
1787467929.453292,123,8,FF FF FF FF FF FF FF FF
1787467929.455994,123,8,FF FF FF FF FF FF FF FF
1787467929.460863,123,8,FF FF FF FF FF FF FF FF
1787467929.462242,123,8,FF FF FF FF FF FF FF FF
1787467929.465122,123,8,FF FF FF FF FF FF FF FF
1787467929.467834,123,8,FF FF FF FF FF FF FF FF
1787467929.471630,123,8,FF FF FF FF FF FF FF FF
1787467929.474221,123,8,FF FF FF FF FF FF FF FF
1787467929.476389,123,8,FF FF FF FF FF FF FF FF
1787467929.478343,123,8,FF FF FF FF FF FF FF FF
1787467929.480028,123,8,FF FF FF FF FF FF FF FF
1787467929.482029,123,8,FF FF FF FF FF FF FF FF
1787467929.484169,123,8,FF FF FF FF FF FF FF FF
1787467929.486152,123,8,FF FF FF FF FF FF FF FF
1787467929.487803,123,8,FF FF FF FF FF FF FF FF
1787467929.489579,123,8,FF FF FF FF FF FF FF FF
1787467929.492090,123,8,FF FF FF FF FF FF FF FF
1787467929.494138,123,8,FF FF FF FF FF FF FF FF
1787467929.495782,123,8,FF FF FF FF FF FF FF FF
1787467929.497649,123,8,FF FF FF FF FF FF FF FF
1787467929.499586,123,8,FF FF FF FF FF FF FF FF
1787467929.501407,123,8,FF FF FF FF FF FF FF FF
1787467929.503306,123,8,FF FF FF FF FF FF FF FF
1787467929.504833,123,8,FF FF FF FF FF FF FF FF
1787467929.506841,123,8,FF FF FF FF FF FF FF FF
1787467929.508858,123,8,FF FF FF FF FF FF FF FF
1787467929.513826,123,8,FF FF FF FF FF FF FF FF
1787467929.513860,123,8,FF FF FF FF FF FF FF FF
1787467929.515999,123,8,FF FF FF FF FF FF FF FF
1787467929.519499,123,8,FF FF FF FF FF FF FF FF
1787467929.522933,123,8,FF FF FF FF FF FF FF FF
1787467929.526321,123,8,FF FF FF FF FF FF FF FF
1787467929.529473,123,8,FF FF FF FF FF FF FF FF
1787467929.531978,123,8,FF FF FF FF FF FF FF FF
1787467929.535473,123,8,FF FF FF FF FF FF FF FF
1787467929.538692,123,8,FF FF FF FF FF FF FF FF
1787467929.541274,123,8,FF FF FF FF FF FF FF FF
1787467929.544122,123,8,FF FF FF FF FF FF FF FF
1787467929.547845,123,8,FF FF FF FF FF FF FF FF
1787467929.551097,123,8,FF FF FF FF FF FF FF FF
1787467929.553208,123,8,FF FF FF FF FF FF FF FF
1787467929.558441,123,8,FF FF FF FF FF FF FF FF
1787467929.561534,123,8,FF FF FF FF FF FF FF FF
1787467929.563724,123,8,FF FF FF FF FF FF FF FF
1787467929.566454,123,8,FF FF FF FF FF FF FF FF
1787467929.569764,123,8,FF FF FF FF FF FF FF FF
1787467929.573310,123,8,FF FF FF FF FF FF FF FF
1787467929.575957,123,8,FF FF FF FF FF FF FF FF
1787467929.578429,123,8,FF FF FF FF FF FF FF FF
1787467929.580441,123,8,FF FF FF FF FF FF FF FF
1787467929.582246,123,8,FF FF FF FF FF FF FF FF
1787467929.584229,123,8,FF FF FF FF FF FF FF FF
1787467929.586203,123,8,FF FF FF FF FF FF FF FF
1787467929.588076,123,8,FF FF FF FF FF FF FF FF
1787467929.590186,123,8,FF FF FF FF FF FF FF FF
1787467929.593436,123,8,FF FF FF FF FF FF FF FF
1787467929.595228,123,8,FF FF FF FF FF FF FF FF
1787467929.597659,123,8,FF FF FF FF FF FF FF FF
1787467929.599955,123,8,FF FF FF FF FF FF FF FF
1787467929.604237,123,8,FF FF FF FF FF FF FF FF
1787467929.607364,123,8,FF FF FF FF FF FF FF FF
1787467929.609699,123,8,FF FF FF FF FF FF FF FF
1787467929.611474,123,8,FF FF FF FF FF FF FF FF
1787467929.613319,123,8,FF FF FF FF FF FF FF FF
1787467929.616008,123,8,FF FF FF FF FF FF FF FF
1787467929.617977,123,8,FF FF FF FF FF FF FF FF
1787467929.620143,123,8,FF FF FF FF FF FF FF FF
1787467929.622296,123,8,FF FF FF FF FF FF FF FF
1787467929.625185,123,8,FF FF FF FF FF FF FF FF
1787467929.627108,123,8,FF FF FF FF FF FF FF FF
1787467929.629462,123,8,FF FF FF FF FF FF FF FF
1787467929.631737,123,8,FF FF FF FF FF FF FF FF
1787467929.633945,123,8,FF FF FF FF FF FF FF FF
1787467929.635898,123,8,FF FF FF FF FF FF FF FF
1787467929.638209,123,8,FF FF FF FF FF FF FF FF
1787467929.640167,123,8,FF FF FF FF FF FF FF FF
1787467929.645875,123,8,FF FF FF FF FF FF FF FF
1787467929.648836,123,8,FF FF FF FF FF FF FF FF
1787467929.651430,123,8,FF FF FF FF FF FF FF FF
1787467929.653783,123,8,FF FF FF FF FF FF FF FF
1787467929.655628,123,8,FF FF FF FF FF FF FF FF
1787467929.658840,123,8,FF FF FF FF FF FF FF FF
1787467929.661461,123,8,FF FF FF FF FF FF FF FF
1787467929.666153,123,8,FF FF FF FF FF FF FF FF
1787467929.669956,123,8,FF FF FF FF FF FF FF FF
1787467929.677413,123,8,FF FF FF FF FF FF FF FF
1787467929.681823,123,8,FF FF FF FF FF FF FF FF
1787467929.689159,123,8,FF FF FF FF FF FF FF FF
1787467929.689204,123,8,FF FF FF FF FF FF FF FF
1787467929.702717,123,8,FF FF FF FF FF FF FF FF
1787467929.709062,123,8,FF FF FF FF FF FF FF FF
1787467929.710858,123,8,FF FF FF FF FF FF FF FF
1787467929.713407,123,8,FF FF FF FF FF FF FF FF
1787467929.715532,123,8,FF FF FF FF FF FF FF FF
1787467929.718090,123,8,FF FF FF FF FF FF FF FF
1787467929.723850,123,8,FF FF FF FF FF FF FF FF
1787467929.726586,123,8,FF FF FF FF FF FF FF FF
1787467929.728594,123,8,FF FF FF FF FF FF FF FF
1787467929.730802,123,8,FF FF FF FF FF FF FF FF
1787467929.732976,123,8,FF FF FF FF FF FF FF FF
1787467929.734774,123,8,FF FF FF FF FF FF FF FF
1787467929.736854,123,8,FF FF FF FF FF FF FF FF
1787467929.738597,123,8,FF FF FF FF FF FF FF FF
1787467929.740669,123,8,FF FF FF FF FF FF FF FF
1787467929.743022,123,8,FF FF FF FF FF FF FF FF
1787467929.744858,123,8,FF FF FF FF FF FF FF FF
1787467929.746668,123,8,FF FF FF FF FF FF FF FF
1787467929.748257,123,8,FF FF FF FF FF FF FF FF
1787467929.750745,123,8,FF FF FF FF FF FF FF FF
1787467929.752683,123,8,FF FF FF FF FF FF FF FF
1787467929.756320,123,8,FF FF FF FF FF FF FF FF
1787467929.761762,123,8,FF FF FF FF FF FF FF FF
1787467929.764220,123,8,FF FF FF FF FF FF FF FF
1787467929.766455,123,8,FF FF FF FF FF FF FF FF
1787467929.769042,123,8,FF FF FF FF FF FF FF FF
1787467929.771167,123,8,FF FF FF FF FF FF FF FF
1787467929.773969,123,8,FF FF FF FF FF FF FF FF
1787467929.775872,123,8,FF FF FF FF FF FF FF FF
1787467929.778136,123,8,FF FF FF FF FF FF FF FF
1787467929.780276,123,8,FF FF FF FF FF FF FF FF
1787467929.782917,123,8,FF FF FF FF FF FF FF FF
1787467929.786314,123,8,FF FF FF FF FF FF FF FF
1787467929.789310,123,8,FF FF FF FF FF FF FF FF
1787467929.792654,123,8,FF FF FF FF FF FF FF FF
1787467929.795671,123,8,FF FF FF FF FF FF FF FF
1787467929.798804,123,8,FF FF FF FF FF FF FF FF
1787467929.801380,123,8,FF FF FF FF FF FF FF FF
1787467929.803985,123,8,FF FF FF FF FF FF FF FF
1787467929.807359,123,8,FF FF FF FF FF FF FF FF
1787467929.810228,123,8,FF FF FF FF FF FF FF FF
1787467929.813111,123,8,FF FF FF FF FF FF FF FF
1787467929.815844,123,8,FF FF FF FF FF FF FF FF
1787467929.818379,123,8,FF FF FF FF FF FF FF FF
1787467929.820447,123,8,FF FF FF FF FF FF FF FF
1787467929.822328,123,8,FF FF FF FF FF FF FF FF
1787467929.824561,123,8,FF FF FF FF FF FF FF FF
1787467929.826909,123,8,FF FF FF FF FF FF FF FF
1787467929.828685,123,8,FF FF FF FF FF FF FF FF
1787467929.831182,123,8,FF FF FF FF FF FF FF FF
1787467929.832695,123,8,FF FF FF FF FF FF FF FF
1787467929.834534,123,8,FF FF FF FF FF FF FF FF
1787467929.836123,123,8,FF FF FF FF FF FF FF FF
1787467929.838693,123,8,FF FF FF FF FF FF FF FF
1787467929.840675,123,8,FF FF FF FF FF FF FF FF
1787467929.842606,123,8,FF FF FF FF FF FF FF FF
1787467929.846334,123,8,FF FF FF FF FF FF FF FF
1787467929.848433,123,8,FF FF FF FF FF FF FF FF
1787467929.850220,123,8,FF FF FF FF FF FF FF FF
1787467929.854337,123,8,FF FF FF FF FF FF FF FF
1787467929.861259,123,8,FF FF FF FF FF FF FF FF
1787467929.862428,123,8,FF FF FF FF FF FF FF FF
1787467929.864267,123,8,FF FF FF FF FF FF FF FF
1787467929.867069,123,8,FF FF FF FF FF FF FF FF
1787467929.869733,123,8,FF FF FF FF FF FF FF FF
1787467929.872522,123,8,FF FF FF FF FF FF FF FF
1787467929.875415,123,8,FF FF FF FF FF FF FF FF
1787467929.877766,123,8,FF FF FF FF FF FF FF FF
1787467929.880610,123,8,FF FF FF FF FF FF FF FF
1787467929.882686,123,8,FF FF FF FF FF FF FF FF
1787467929.884394,123,8,FF FF FF FF FF FF FF FF
1787467929.886585,123,8,FF FF FF FF FF FF FF FF
1787467929.888815,123,8,FF FF FF FF FF FF FF FF
1787467929.891086,123,8,FF FF FF FF FF FF FF FF
1787467929.894152,123,8,FF FF FF FF FF FF FF FF
1787467929.896458,123,8,FF FF FF FF FF FF FF FF
1787467929.904087,123,8,FF FF FF FF FF FF FF FF
1787467929.908262,123,8,FF FF FF FF FF FF FF FF
1787467929.911829,123,8,FF FF FF FF FF FF FF FF
1787467929.915095,123,8,FF FF FF FF FF FF FF FF
1787467929.918552,123,8,FF FF FF FF FF FF FF FF
1787467929.922120,123,8,FF FF FF FF FF FF FF FF
1787467929.925148,123,8,FF FF FF FF FF FF FF FF
1787467929.928605,123,8,FF FF FF FF FF FF FF FF
1787467929.930576,123,8,FF FF FF FF FF FF FF FF
1787467929.933616,123,8,FF FF FF FF FF FF FF FF
1787467929.935149,123,8,FF FF FF FF FF FF FF FF
1787467929.939252,123,8,FF FF FF FF FF FF FF FF
1787467929.939380,123,8,FF FF FF FF FF FF FF FF
1787467929.941401,123,8,FF FF FF FF FF FF FF FF
1787467929.945025,123,8,FF FF FF FF FF FF FF FF
1787467929.946865,123,8,FF FF FF FF FF FF FF FF
1787467929.948785,123,8,FF FF FF FF FF FF FF FF
1787467929.950153,123,8,FF FF FF FF FF FF FF FF
1787467929.951854,123,8,FF FF FF FF FF FF FF FF
1787467929.953957,123,8,FF FF FF FF FF FF FF FF
1787467929.956297,123,8,FF FF FF FF FF FF FF FF
1787467929.958978,123,8,FF FF FF FF FF FF FF FF
1787467929.960860,123,8,FF FF FF FF FF FF FF FF
1787467929.963168,123,8,FF FF FF FF FF FF FF FF
1787467929.965275,123,8,FF FF FF FF FF FF FF FF
1787467929.966969,123,8,FF FF FF FF FF FF FF FF
1787467929.968616,123,8,FF FF FF FF FF FF FF FF
1787467929.970417,123,8,FF FF FF FF FF FF FF FF
1787467929.972250,123,8,FF FF FF FF FF FF FF FF
1787467929.974464,123,8,FF FF FF FF FF FF FF FF
1787467929.976740,123,8,FF FF FF FF FF FF FF FF
1787467929.979630,123,8,FF FF FF FF FF FF FF FF
1787467929.982532,123,8,FF FF FF FF FF FF FF FF
1787467929.983998,123,8,FF FF FF FF FF FF FF FF
1787467929.987242,123,8,FF FF FF FF FF FF FF FF
1787467929.990247,123,8,FF FF FF FF FF FF FF FF
1787467929.992926,123,8,FF FF FF FF FF FF FF FF
1787467929.995066,123,8,FF FF FF FF FF FF FF FF
1787467929.996521,123,8,FF FF FF FF FF FF FF FF
1787467929.998471,123,8,FF FF FF FF FF FF FF FF
1787467930.000215,123,8,FF FF FF FF FF FF FF FF
1787467930.002226,123,8,FF FF FF FF FF FF FF FF
1787467930.004216,123,8,FF FF FF FF FF FF FF FF
1787467930.008347,123,8,FF FF FF FF FF FF FF FF
1787467930.012885,123,8,FF FF FF FF FF FF FF FF
1787467930.015486,123,8,FF FF FF FF FF FF FF FF
1787467930.017545,123,8,FF FF FF FF FF FF FF FF
1787467930.020019,123,8,FF FF FF FF FF FF FF FF
1787467930.022132,123,8,FF FF FF FF FF FF FF FF
1787467930.023971,123,8,FF FF FF FF FF FF FF FF
1787467930.025827,123,8,FF FF FF FF FF FF FF FF
1787467930.027533,123,8,FF FF FF FF FF FF FF FF
1787467930.029229,123,8,FF FF FF FF FF FF FF FF
1787467930.030827,123,8,FF FF FF FF FF FF FF FF
1787467930.032523,123,8,FF FF FF FF FF FF FF FF
1787467930.039659,123,8,FF FF FF FF FF FF FF FF
1787467930.042403,123,8,FF FF FF FF FF FF FF FF
1787467930.044440,123,8,FF FF FF FF FF FF FF FF
1787467930.046959,123,8,FF FF FF FF FF FF FF FF
1787467930.049683,123,8,FF FF FF FF FF FF FF FF
1787467930.051987,123,8,FF FF FF FF FF FF FF FF
1787467930.055418,123,8,FF FF FF FF FF FF FF FF
1787467930.058858,123,8,FF FF FF FF FF FF FF FF
1787467930.062977,123,8,FF FF FF FF FF FF FF FF
1787467930.066714,123,8,FF FF FF FF FF FF FF FF
1787467930.069933,123,8,FF FF FF FF FF FF FF FF
1787467930.076247,123,8,FF FF FF FF FF FF FF FF
1787467930.080528,123,8,FF FF FF FF FF FF FF FF
1787467930.085246,123,8,FF FF FF FF FF FF FF FF
1787467930.090631,123,8,FF FF FF FF FF FF FF FF
1787467930.092858,123,8,FF FF FF FF FF FF FF FF
1787467930.095125,123,8,FF FF FF FF FF FF FF FF
1787467930.097269,123,8,FF FF FF FF FF FF FF FF
1787467930.099339,123,8,FF FF FF FF FF FF FF FF
1787467930.101171,123,8,FF FF FF FF FF FF FF FF
1787467930.103699,123,8,FF FF FF FF FF FF FF FF
1787467930.105674,123,8,FF FF FF FF FF FF FF FF
1787467930.107812,123,8,FF FF FF FF FF FF FF FF
1787467930.110199,123,8,FF FF FF FF FF FF FF FF
1787467930.111897,123,8,FF FF FF FF FF FF FF FF
1787467930.113800,123,8,FF FF FF FF FF FF FF FF
1787467930.115792,123,8,FF FF FF FF FF FF FF FF
1787467930.117755,123,8,FF FF FF FF FF FF FF FF
1787467930.119597,123,8,FF FF FF FF FF FF FF FF
1787467930.121402,123,8,FF FF FF FF FF FF FF FF
1787467930.124574,123,8,FF FF FF FF FF FF FF FF
1787467930.126886,123,8,FF FF FF FF FF FF FF FF
1787467930.130996,123,8,FF FF FF FF FF FF FF FF
1787467930.132904,123,8,FF FF FF FF FF FF FF FF
1787467930.135137,123,8,FF FF FF FF FF FF FF FF
1787467930.138475,123,8,FF FF FF FF FF FF FF FF
1787467930.140785,123,8,FF FF FF FF FF FF FF FF
1787467930.142896,123,8,FF FF FF FF FF FF FF FF
1787467930.145524,123,8,FF FF FF FF FF FF FF FF
1787467930.147364,123,8,FF FF FF FF FF FF FF FF
1787467930.149062,123,8,FF FF FF FF FF FF FF FF
1787467930.150807,123,8,FF FF FF FF FF FF FF FF
1787467930.152443,123,8,FF FF FF FF FF FF FF FF
1787467930.154182,123,8,FF FF FF FF FF FF FF FF
1787467930.155758,123,8,FF FF FF FF FF FF FF FF
1787467930.158293,123,8,FF FF FF FF FF FF FF FF
1787467930.160190,123,8,FF FF FF FF FF FF FF FF
1787467930.162411,123,8,FF FF FF FF FF FF FF FF
1787467930.163827,123,8,FF FF FF FF FF FF FF FF
1787467930.165319,123,8,FF FF FF FF FF FF FF FF
1787467930.166877,123,8,FF FF FF FF FF FF FF FF
1787467930.168865,123,8,FF FF FF FF FF FF FF FF
1787467930.171418,123,8,FF FF FF FF FF FF FF FF
1787467930.178146,123,8,FF FF FF FF FF FF FF FF
1787467930.178180,123,8,FF FF FF FF FF FF FF FF
1787467930.178657,123,8,FF FF FF FF FF FF FF FF
1787467930.181255,123,8,FF FF FF FF FF FF FF FF
1787467930.184040,123,8,FF FF FF FF FF FF FF FF
1787467930.186550,123,8,FF FF FF FF FF FF FF FF
1787467930.189333,123,8,FF FF FF FF FF FF FF FF
1787467930.192177,123,8,FF FF FF FF FF FF FF FF
1787467930.195453,123,8,FF FF FF FF FF FF FF FF
1787467930.198505,123,8,FF FF FF FF FF FF FF FF
1787467930.201642,123,8,FF FF FF FF FF FF FF FF
1787467930.204629,123,8,FF FF FF FF FF FF FF FF
1787467930.208820,123,8,FF FF FF FF FF FF FF FF
1787467930.212304,123,8,FF FF FF FF FF FF FF FF
1787467930.216000,123,8,FF FF FF FF FF FF FF FF
1787467930.219730,123,8,FF FF FF FF FF FF FF FF
1787467930.224954,123,8,FF FF FF FF FF FF FF FF
1787467930.228196,123,8,FF FF FF FF FF FF FF FF
1787467930.230675,123,8,FF FF FF FF FF FF FF FF
1787467930.232822,123,8,FF FF FF FF FF FF FF FF
1787467930.234737,123,8,FF FF FF FF FF FF FF FF
1787467930.236598,123,8,FF FF FF FF FF FF FF FF
1787467930.238531,123,8,FF FF FF FF FF FF FF FF
1787467930.241049,123,8,FF FF FF FF FF FF FF FF
1787467930.242990,123,8,FF FF FF FF FF FF FF FF
1787467930.245402,123,8,FF FF FF FF FF FF FF FF
1787467930.247347,123,8,FF FF FF FF FF FF FF FF
1787467930.250181,123,8,FF FF FF FF FF FF FF FF
1787467930.252306,123,8,FF FF FF FF FF FF FF FF
1787467930.254314,123,8,FF FF FF FF FF FF FF FF
1787467930.257634,123,8,FF FF FF FF FF FF FF FF
1787467930.259421,123,8,FF FF FF FF FF FF FF FF
1787467930.261483,123,8,FF FF FF FF FF FF FF FF
1787467930.263913,123,8,FF FF FF FF FF FF FF FF
1787467930.266116,123,8,FF FF FF FF FF FF FF FF
1787467930.268187,123,8,FF FF FF FF FF FF FF FF
1787467930.270645,123,8,FF FF FF FF FF FF FF FF
1787467930.274311,123,8,FF FF FF FF FF FF FF FF
1787467930.276246,123,8,FF FF FF FF FF FF FF FF
1787467930.278446,123,8,FF FF FF FF FF FF FF FF
1787467930.280268,123,8,FF FF FF FF FF FF FF FF
1787467930.282201,123,8,FF FF FF FF FF FF FF FF
1787467930.284467,123,8,FF FF FF FF FF FF FF FF
1787467930.291836,123,8,FF FF FF FF FF FF FF FF
1787467930.298866,123,8,FF FF FF FF FF FF FF FF
1787467930.298928,123,8,FF FF FF FF FF FF FF FF
1787467930.298934,123,8,FF FF FF FF FF FF FF FF
1787467930.300657,123,8,FF FF FF FF FF FF FF FF
1787467930.304108,123,8,FF FF FF FF FF FF FF FF
1787467930.304147,123,8,FF FF FF FF FF FF FF FF
1787467930.307870,123,8,FF FF FF FF FF FF FF FF
1787467930.309028,123,8,FF FF FF FF FF FF FF FF
1787467930.311016,123,8,FF FF FF FF FF FF FF FF
1787467930.313920,123,8,FF FF FF FF FF FF FF FF
1787467930.314837,123,8,FF FF FF FF FF FF FF FF
1787467930.317828,123,8,FF FF FF FF FF FF FF FF
1787467930.319545,123,8,FF FF FF FF FF FF FF FF
1787467930.323761,123,8,FF FF FF FF FF FF FF FF
1787467930.323810,123,8,FF FF FF FF FF FF FF FF
1787467930.325928,123,8,FF FF FF FF FF FF FF FF
1787467930.328366,123,8,FF FF FF FF FF FF FF FF
1787467930.331219,123,8,FF FF FF FF FF FF FF FF
1787467930.333858,123,8,FF FF FF FF FF FF FF FF
1787467930.336423,123,8,FF FF FF FF FF FF FF FF
1787467930.339799,123,8,FF FF FF FF FF FF FF FF
1787467930.344091,123,8,FF FF FF FF FF FF FF FF
1787467930.347600,123,8,FF FF FF FF FF FF FF FF
1787467930.351104,123,8,FF FF FF FF FF FF FF FF
1787467930.353963,123,8,FF FF FF FF FF FF FF FF
1787467930.356165,123,8,FF FF FF FF FF FF FF FF
1787467930.358542,123,8,FF FF FF FF FF FF FF FF
1787467930.360422,123,8,FF FF FF FF FF FF FF FF
1787467930.362666,123,8,FF FF FF FF FF FF FF FF
1787467930.368161,123,8,FF FF FF FF FF FF FF FF
1787467930.370546,123,8,FF FF FF FF FF FF FF FF
1787467930.373758,123,8,FF FF FF FF FF FF FF FF
1787467930.380244,123,8,FF FF FF FF FF FF FF FF
1787467930.382336,123,8,FF FF FF FF FF FF FF FF
1787467930.384103,123,8,FF FF FF FF FF FF FF FF
1787467930.385854,123,8,FF FF FF FF FF FF FF FF
1787467930.387849,123,8,FF FF FF FF FF FF FF FF
1787467930.390924,123,8,FF FF FF FF FF FF FF FF
1787467930.394869,123,8,FF FF FF FF FF FF FF FF
1787467930.397390,123,8,FF FF FF FF FF FF FF FF
1787467930.399791,123,8,FF FF FF FF FF FF FF FF
1787467930.401926,123,8,FF FF FF FF FF FF FF FF
1787467930.403752,123,8,FF FF FF FF FF FF FF FF
1787467930.406190,123,8,FF FF FF FF FF FF FF FF
1787467930.408152,123,8,FF FF FF FF FF FF FF FF
1787467930.410544,123,8,FF FF FF FF FF FF FF FF
1787467930.415354,123,8,FF FF FF FF FF FF FF FF
1787467930.417695,123,8,FF FF FF FF FF FF FF FF
1787467930.420949,123,8,FF FF FF FF FF FF FF FF
1787467930.424444,123,8,FF FF FF FF FF FF FF FF
1787467930.427471,123,8,FF FF FF FF FF FF FF FF
1787467930.430694,123,8,FF FF FF FF FF FF FF FF
1787467930.433563,123,8,FF FF FF FF FF FF FF FF
1787467930.435755,123,8,FF FF FF FF FF FF FF FF
1787467930.438244,123,8,FF FF FF FF FF FF FF FF
1787467930.440423,123,8,FF FF FF FF FF FF FF FF
1787467930.443837,123,8,FF FF FF FF FF FF FF FF
1787467930.447082,123,8,FF FF FF FF FF FF FF FF
1787467930.450412,123,8,FF FF FF FF FF FF FF FF
1787467930.453664,123,8,FF FF FF FF FF FF FF FF
1787467930.458417,123,8,FF FF FF FF FF FF FF FF
1787467930.464434,123,8,FF FF FF FF FF FF FF FF
1787467930.467180,123,8,FF FF FF FF FF FF FF FF
1787467930.470282,123,8,FF FF FF FF FF FF FF FF
1787467930.473100,123,8,FF FF FF FF FF FF FF FF
1787467930.475121,123,8,FF FF FF FF FF FF FF FF
1787467930.476884,123,8,FF FF FF FF FF FF FF FF
1787467930.478751,123,8,FF FF FF FF FF FF FF FF
1787467930.480497,123,8,FF FF FF FF FF FF FF FF
1787467930.482487,123,8,FF FF FF FF FF FF FF FF
1787467930.484170,123,8,FF FF FF FF FF FF FF FF
1787467930.486315,123,8,FF FF FF FF FF FF FF FF
1787467930.488108,123,8,FF FF FF FF FF FF FF FF
1787467930.490095,123,8,FF FF FF FF FF FF FF FF
1787467930.492203,123,8,FF FF FF FF FF FF FF FF
1787467930.494258,123,8,FF FF FF FF FF FF FF FF
1787467930.496277,123,8,FF FF FF FF FF FF FF FF
1787467930.498729,123,8,FF FF FF FF FF FF FF FF
1787467930.501570,123,8,FF FF FF FF FF FF FF FF
1787467930.505803,123,8,FF FF FF FF FF FF FF FF
1787467930.508206,123,8,FF FF FF FF FF FF FF FF
1787467930.512295,123,8,FF FF FF FF FF FF FF FF
1787467930.514416,123,8,FF FF FF FF FF FF FF FF
1787467930.519322,123,8,FF FF FF FF FF FF FF FF
1787467930.523287,123,8,FF FF FF FF FF FF FF FF
1787467930.526299,123,8,FF FF FF FF FF FF FF FF
1787467930.529269,123,8,FF FF FF FF FF FF FF FF
1787467930.531657,123,8,FF FF FF FF FF FF FF FF
1787467930.534101,123,8,FF FF FF FF FF FF FF FF
1787467930.536953,123,8,FF FF FF FF FF FF FF FF
1787467930.541100,123,8,FF FF FF FF FF FF FF FF
1787467930.544193,123,8,FF FF FF FF FF FF FF FF
1787467930.547463,123,8,FF FF FF FF FF FF FF FF
1787467930.550673,123,8,FF FF FF FF FF FF FF FF
1787467930.554835,123,8,FF FF FF FF FF FF FF FF
1787467930.558925,123,8,FF FF FF FF FF FF FF FF
1787467930.562644,123,8,FF FF FF FF FF FF FF FF
1787467930.567481,123,8,FF FF FF FF FF FF FF FF
1787467930.574330,123,8,FF FF FF FF FF FF FF FF
1787467930.577326,123,8,FF FF FF FF FF FF FF FF
1787467930.581091,123,8,FF FF FF FF FF FF FF FF
1787467930.584727,123,8,FF FF FF FF FF FF FF FF
1787467930.588003,123,8,FF FF FF FF FF FF FF FF
1787467930.592296,123,8,FF FF FF FF FF FF FF FF
1787467930.594172,123,8,FF FF FF FF FF FF FF FF
1787467930.595728,123,8,FF FF FF FF FF FF FF FF
1787467930.597561,123,8,FF FF FF FF FF FF FF FF
1787467930.600750,123,8,FF FF FF FF FF FF FF FF
1787467930.603126,123,8,FF FF FF FF FF FF FF FF
1787467930.606056,123,8,FF FF FF FF FF FF FF FF
1787467930.608615,123,8,FF FF FF FF FF FF FF FF
1787467930.611196,123,8,FF FF FF FF FF FF FF FF
1787467930.613437,123,8,FF FF FF FF FF FF FF FF
1787467930.615202,123,8,FF FF FF FF FF FF FF FF
1787467930.617089,123,8,FF FF FF FF FF FF FF FF
1787467930.618894,123,8,FF FF FF FF FF FF FF FF
1787467930.620527,123,8,FF FF FF FF FF FF FF FF
1787467930.622470,123,8,FF FF FF FF FF FF FF FF
1787467930.624588,123,8,FF FF FF FF FF FF FF FF
1787467930.626685,123,8,FF FF FF FF FF FF FF FF
1787467930.628361,123,8,FF FF FF FF FF FF FF FF
1787467930.630327,123,8,FF FF FF FF FF FF FF FF
1787467930.632351,123,8,FF FF FF FF FF FF FF FF
1787467930.634186,123,8,FF FF FF FF FF FF FF FF
1787467930.636261,123,8,FF FF FF FF FF FF FF FF
1787467930.638422,123,8,FF FF FF FF FF FF FF FF
1787467930.640493,123,8,FF FF FF FF FF FF FF FF
1787467930.642504,123,8,FF FF FF FF FF FF FF FF
1787467930.644826,123,8,FF FF FF FF FF FF FF FF
1787467930.647584,123,8,FF FF FF FF FF FF FF FF
1787467930.649675,123,8,FF FF FF FF FF FF FF FF
1787467930.651832,123,8,FF FF FF FF FF FF FF FF
1787467930.654719,123,8,FF FF FF FF FF FF FF FF
1787467930.657012,123,8,FF FF FF FF FF FF FF FF
1787467930.658987,123,8,FF FF FF FF FF FF FF FF
1787467930.660841,123,8,FF FF FF FF FF FF FF FF
1787467930.662960,123,8,FF FF FF FF FF FF FF FF
1787467930.664831,123,8,FF FF FF FF FF FF FF FF
1787467930.666937,123,8,FF FF FF FF FF FF FF FF
1787467930.668972,123,8,FF FF FF FF FF FF FF FF
1787467930.671535,123,8,FF FF FF FF FF FF FF FF
1787467930.674248,123,8,FF FF FF FF FF FF FF FF
1787467930.676846,123,8,FF FF FF FF FF FF FF FF
1787467930.680157,123,8,FF FF FF FF FF FF FF FF
1787467930.687490,123,8,FF FF FF FF FF FF FF FF
1787467930.690764,123,8,FF FF FF FF FF FF FF FF
1787467930.696393,123,8,FF FF FF FF FF FF FF FF
1787467930.704261,123,8,FF FF FF FF FF FF FF FF
1787467930.707145,123,8,FF FF FF FF FF FF FF FF
1787467930.711685,123,8,FF FF FF FF FF FF FF FF
1787467930.715034,123,8,FF FF FF FF FF FF FF FF
1787467930.717872,123,8,FF FF FF FF FF FF FF FF
1787467930.719959,123,8,FF FF FF FF FF FF FF FF
1787467930.722743,123,8,FF FF FF FF FF FF FF FF
1787467930.724752,123,8,FF FF FF FF FF FF FF FF
1787467930.726397,123,8,FF FF FF FF FF FF FF FF
1787467930.728109,123,8,FF FF FF FF FF FF FF FF
1787467930.730632,123,8,FF FF FF FF FF FF FF FF
1787467930.732464,123,8,FF FF FF FF FF FF FF FF
1787467930.734332,123,8,FF FF FF FF FF FF FF FF
1787467930.736030,123,8,FF FF FF FF FF FF FF FF
1787467930.737845,123,8,FF FF FF FF FF FF FF FF
1787467930.741123,123,8,FF FF FF FF FF FF FF FF
1787467930.743339,123,8,FF FF FF FF FF FF FF FF
1787467930.746072,123,8,FF FF FF FF FF FF FF FF
1787467930.748679,123,8,FF FF FF FF FF FF FF FF
1787467930.751332,123,8,FF FF FF FF FF FF FF FF
1787467930.753336,123,8,FF FF FF FF FF FF FF FF
1787467930.755433,123,8,FF FF FF FF FF FF FF FF
1787467930.757360,123,8,FF FF FF FF FF FF FF FF
1787467930.758822,123,8,FF FF FF FF FF FF FF FF
1787467930.760510,123,8,FF FF FF FF FF FF FF FF
1787467930.762316,123,8,FF FF FF FF FF FF FF FF
1787467930.764658,123,8,FF FF FF FF FF FF FF FF
1787467930.766380,123,8,FF FF FF FF FF FF FF FF
1787467930.767988,123,8,FF FF FF FF FF FF FF FF
1787467930.769677,123,8,FF FF FF FF FF FF FF FF
1787467930.772282,123,8,FF FF FF FF FF FF FF FF
1787467930.774437,123,8,FF FF FF FF FF FF FF FF
1787467930.776283,123,8,FF FF FF FF FF FF FF FF
1787467930.778373,123,8,FF FF FF FF FF FF FF FF
1787467930.780346,123,8,FF FF FF FF FF FF FF FF
1787467930.782233,123,8,FF FF FF FF FF FF FF FF
1787467930.783943,123,8,FF FF FF FF FF FF FF FF
1787467930.787042,123,8,FF FF FF FF FF FF FF FF
1787467930.788760,123,8,FF FF FF FF FF FF FF FF
1787467930.791412,123,8,FF FF FF FF FF FF FF FF
1787467930.793258,123,8,FF FF FF FF FF FF FF FF
1787467930.795379,123,8,FF FF FF FF FF FF FF FF
1787467930.798285,123,8,FF FF FF FF FF FF FF FF
1787467930.800480,123,8,FF FF FF FF FF FF FF FF
1787467930.803130,123,8,FF FF FF FF FF FF FF FF
1787467930.806219,123,8,FF FF FF FF FF FF FF FF
1787467930.810334,123,8,FF FF FF FF FF FF FF FF
1787467930.813468,123,8,FF FF FF FF FF FF FF FF
1787467930.816380,123,8,FF FF FF FF FF FF FF FF
1787467930.819771,123,8,FF FF FF FF FF FF FF FF
1787467930.823325,123,8,FF FF FF FF FF FF FF FF
1787467930.826773,123,8,FF FF FF FF FF FF FF FF
1787467930.830142,123,8,FF FF FF FF FF FF FF FF
1787467930.833267,123,8,FF FF FF FF FF FF FF FF
1787467930.835657,123,8,FF FF FF FF FF FF FF FF
1787467930.838404,123,8,FF FF FF FF FF FF FF FF
1787467930.840239,123,8,FF FF FF FF FF FF FF FF
1787467930.844485,123,8,FF FF FF FF FF FF FF FF
1787467930.847307,123,8,FF FF FF FF FF FF FF FF
1787467930.849877,123,8,FF FF FF FF FF FF FF FF
1787467930.851868,123,8,FF FF FF FF FF FF FF FF
1787467930.854326,123,8,FF FF FF FF FF FF FF FF
1787467930.856748,123,8,FF FF FF FF FF FF FF FF
1787467930.858682,123,8,FF FF FF FF FF FF FF FF
1787467930.860372,123,8,FF FF FF FF FF FF FF FF
1787467930.862703,123,8,FF FF FF FF FF FF FF FF
1787467930.864388,123,8,FF FF FF FF FF FF FF FF
1787467930.866179,123,8,FF FF FF FF FF FF FF FF
1787467930.868028,123,8,FF FF FF FF FF FF FF FF
1787467930.869886,123,8,FF FF FF FF FF FF FF FF
1787467930.871495,123,8,FF FF FF FF FF FF FF FF
1787467930.873576,123,8,FF FF FF FF FF FF FF FF
1787467930.875842,123,8,FF FF FF FF FF FF FF FF
1787467930.879371,123,8,FF FF FF FF FF FF FF FF
1787467930.881763,123,8,FF FF FF FF FF FF FF FF
1787467930.883748,123,8,FF FF FF FF FF FF FF FF
1787467930.886497,123,8,FF FF FF FF FF FF FF FF
1787467930.890025,123,8,FF FF FF FF FF FF FF FF
1787467930.893834,123,8,FF FF FF FF FF FF FF FF
1787467930.895960,123,8,FF FF FF FF FF FF FF FF
1787467930.897830,123,8,FF FF FF FF FF FF FF FF
1787467930.899465,123,8,FF FF FF FF FF FF FF FF
1787467930.901208,123,8,FF FF FF FF FF FF FF FF
1787467930.902872,123,8,FF FF FF FF FF FF FF FF
1787467930.905412,123,8,FF FF FF FF FF FF FF FF
1787467930.907429,123,8,FF FF FF FF FF FF FF FF
1787467930.909296,123,8,FF FF FF FF FF FF FF FF
1787467930.911435,123,8,FF FF FF FF FF FF FF FF
1787467930.913222,123,8,FF FF FF FF FF FF FF FF
1787467930.914897,123,8,FF FF FF FF FF FF FF FF
1787467930.917186,123,8,FF FF FF FF FF FF FF FF
1787467930.919326,123,8,FF FF FF FF FF FF FF FF
1787467930.922163,123,8,FF FF FF FF FF FF FF FF
1787467930.927454,123,8,FF FF FF FF FF FF FF FF
1787467930.936238,123,8,FF FF FF FF FF FF FF FF
1787467930.938501,123,8,FF FF FF FF FF FF FF FF
1787467930.942195,123,8,FF FF FF FF FF FF FF FF
1787467930.944937,123,8,FF FF FF FF FF FF FF FF
1787467930.947770,123,8,FF FF FF FF FF FF FF FF
1787467930.950879,123,8,FF FF FF FF FF FF FF FF
1787467930.953974,123,8,FF FF FF FF FF FF FF FF
1787467930.956403,123,8,FF FF FF FF FF FF FF FF
1787467930.958738,123,8,FF FF FF FF FF FF FF FF
1787467930.961090,123,8,FF FF FF FF FF FF FF FF
1787467930.964777,123,8,FF FF FF FF FF FF FF FF
1787467930.966916,123,8,FF FF FF FF FF FF FF FF
1787467930.968679,123,8,FF FF FF FF FF FF FF FF
1787467930.970487,123,8,FF FF FF FF FF FF FF FF
1787467930.972271,123,8,FF FF FF FF FF FF FF FF
1787467930.974601,123,8,FF FF FF FF FF FF FF FF
1787467930.976444,123,8,FF FF FF FF FF FF FF FF
1787467930.977999,123,8,FF FF FF FF FF FF FF FF
1787467930.980481,123,8,FF FF FF FF FF FF FF FF
1787467930.982475,123,8,FF FF FF FF FF FF FF FF
1787467930.990705,123,8,FF FF FF FF FF FF FF FF
1787467930.992628,123,8,FF FF FF FF FF FF FF FF
1787467930.995159,123,8,FF FF FF FF FF FF FF FF
1787467930.996817,123,8,FF FF FF FF FF FF FF FF
1787467930.998443,123,8,FF FF FF FF FF FF FF FF
1787467931.000043,123,8,FF FF FF FF FF FF FF FF
1787467931.002366,123,8,FF FF FF FF FF FF FF FF
1787467931.004135,123,8,FF FF FF FF FF FF FF FF
1787467931.006218,123,8,FF FF FF FF FF FF FF FF
1787467931.008051,123,8,FF FF FF FF FF FF FF FF
1787467931.010053,123,8,FF FF FF FF FF FF FF FF
1787467931.011930,123,8,FF FF FF FF FF FF FF FF
1787467931.013759,123,8,FF FF FF FF FF FF FF FF
1787467931.016353,123,8,FF FF FF FF FF FF FF FF
1787467931.018471,123,8,FF FF FF FF FF FF FF FF
1787467931.020367,123,8,FF FF FF FF FF FF FF FF
1787467931.023006,123,8,FF FF FF FF FF FF FF FF
1787467931.025036,123,8,FF FF FF FF FF FF FF FF
1787467931.027060,123,8,FF FF FF FF FF FF FF FF
1787467931.029970,123,8,FF FF FF FF FF FF FF FF
1787467931.032413,123,8,FF FF FF FF FF FF FF FF
1787467931.036309,123,8,FF FF FF FF FF FF FF FF
1787467931.039139,123,8,FF FF FF FF FF FF FF FF
1787467931.040736,123,8,FF FF FF FF FF FF FF FF
1787467931.043694,123,8,FF FF FF FF FF FF FF FF
1787467931.046693,123,8,FF FF FF FF FF FF FF FF
1787467931.049560,123,8,FF FF FF FF FF FF FF FF
1787467931.052939,123,8,FF FF FF FF FF FF FF FF
1787467931.056355,123,8,FF FF FF FF FF FF FF FF
1787467931.059415,123,8,FF FF FF FF FF FF FF FF
1787467931.062364,123,8,FF FF FF FF FF FF FF FF
1787467931.064947,123,8,FF FF FF FF FF FF FF FF
1787467931.067828,123,8,FF FF FF FF FF FF FF FF
1787467931.072339,123,8,FF FF FF FF FF FF FF FF
1787467931.075269,123,8,FF FF FF FF FF FF FF FF
1787467931.080703,123,8,FF FF FF FF FF FF FF FF
1787467931.081599,123,8,FF FF FF FF FF FF FF FF
1787467931.083235,123,8,FF FF FF FF FF FF FF FF
1787467931.085636,123,8,FF FF FF FF FF FF FF FF
1787467931.087244,123,8,FF FF FF FF FF FF FF FF
1787467931.089296,123,8,FF FF FF FF FF FF FF FF
1787467931.091461,123,8,FF FF FF FF FF FF FF FF
1787467931.093484,123,8,FF FF FF FF FF FF FF FF
1787467931.095100,123,8,FF FF FF FF FF FF FF FF
1787467931.096715,123,8,FF FF FF FF FF FF FF FF
1787467931.099377,123,8,FF FF FF FF FF FF FF FF
1787467931.101009,123,8,FF FF FF FF FF FF FF FF
1787467931.102810,123,8,FF FF FF FF FF FF FF FF
1787467931.104415,123,8,FF FF FF FF FF FF FF FF
1787467931.107206,123,8,FF FF FF FF FF FF FF FF
1787467931.108861,123,8,FF FF FF FF FF FF FF FF
1787467931.110544,123,8,FF FF FF FF FF FF FF FF
1787467931.112763,123,8,FF FF FF FF FF FF FF FF
1787467931.114729,123,8,FF FF FF FF FF FF FF FF
1787467931.117285,123,8,FF FF FF FF FF FF FF FF
1787467931.119614,123,8,FF FF FF FF FF FF FF FF
1787467931.121845,123,8,FF FF FF FF FF FF FF FF
1787467931.125084,123,8,FF FF FF FF FF FF FF FF
1787467931.126114,123,8,FF FF FF FF FF FF FF FF
1787467931.128231,123,8,FF FF FF FF FF FF FF FF
1787467931.129744,123,8,FF FF FF FF FF FF FF FF
1787467931.131141,123,8,FF FF FF FF FF FF FF FF
1787467931.132968,123,8,FF FF FF FF FF FF FF FF
1787467931.134872,123,8,FF FF FF FF FF FF FF FF
1787467931.136472,123,8,FF FF FF FF FF FF FF FF
1787467931.138353,123,8,FF FF FF FF FF FF FF FF
1787467931.140155,123,8,FF FF FF FF FF FF FF FF
1787467931.141903,123,8,FF FF FF FF FF FF FF FF
1787467931.143546,123,8,FF FF FF FF FF FF FF FF
1787467931.145215,123,8,FF FF FF FF FF FF FF FF
1787467931.146832,123,8,FF FF FF FF FF FF FF FF
1787467931.148456,123,8,FF FF FF FF FF FF FF FF
1787467931.150174,123,8,FF FF FF FF FF FF FF FF
1787467931.151908,123,8,FF FF FF FF FF FF FF FF
1787467931.153659,123,8,FF FF FF FF FF FF FF FF
1787467931.155260,123,8,FF FF FF FF FF FF FF FF
1787467931.157137,123,8,FF FF FF FF FF FF FF FF
1787467931.158993,123,8,FF FF FF FF FF FF FF FF
1787467931.161292,123,8,FF FF FF FF FF FF FF FF
1787467931.163439,123,8,FF FF FF FF FF FF FF FF
1787467931.164667,123,8,FF FF FF FF FF FF FF FF
1787467931.169046,123,8,FF FF FF FF FF FF FF FF
1787467931.169082,123,8,FF FF FF FF FF FF FF FF
1787467931.169953,123,8,FF FF FF FF FF FF FF FF
1787467931.172712,123,8,FF FF FF FF FF FF FF FF
1787467931.175288,123,8,FF FF FF FF FF FF FF FF
1787467931.182035,123,8,FF FF FF FF FF FF FF FF
1787467931.182071,123,8,FF FF FF FF FF FF FF FF
1787467931.182843,123,8,FF FF FF FF FF FF FF FF
1787467931.185177,123,8,FF FF FF FF FF FF FF FF
1787467931.187892,123,8,FF FF FF FF FF FF FF FF
1787467931.190786,123,8,FF FF FF FF FF FF FF FF
1787467931.193621,123,8,FF FF FF FF FF FF FF FF
1787467931.196482,123,8,FF FF FF FF FF FF FF FF
1787467931.199383,123,8,FF FF FF FF FF FF FF FF
1787467931.202383,123,8,FF FF FF FF FF FF FF FF
1787467931.209187,123,8,FF FF FF FF FF FF FF FF
1787467931.212174,123,8,FF FF FF FF FF FF FF FF
1787467931.219906,123,8,FF FF FF FF FF FF FF FF
1787467931.222684,123,8,FF FF FF FF FF FF FF FF
1787467931.224715,123,8,FF FF FF FF FF FF FF FF
1787467931.226617,123,8,FF FF FF FF FF FF FF FF
1787467931.228393,123,8,FF FF FF FF FF FF FF FF
1787467931.230222,123,8,FF FF FF FF FF FF FF FF
1787467931.231871,123,8,FF FF FF FF FF FF FF FF
1787467931.233578,123,8,FF FF FF FF FF FF FF FF
1787467931.235525,123,8,FF FF FF FF FF FF FF FF
1787467931.237524,123,8,FF FF FF FF FF FF FF FF
1787467931.239873,123,8,FF FF FF FF FF FF FF FF
1787467931.241838,123,8,FF FF FF FF FF FF FF FF
1787467931.243574,123,8,FF FF FF FF FF FF FF FF
1787467931.245629,123,8,FF FF FF FF FF FF FF FF
1787467931.247521,123,8,FF FF FF FF FF FF FF FF
1787467931.249225,123,8,FF FF FF FF FF FF FF FF
1787467931.251475,123,8,FF FF FF FF FF FF FF FF
1787467931.254289,123,8,FF FF FF FF FF FF FF FF
1787467931.256272,123,8,FF FF FF FF FF FF FF FF
1787467931.263121,123,8,FF FF FF FF FF FF FF FF
1787467931.264805,123,8,FF FF FF FF FF FF FF FF
1787467931.266824,123,8,FF FF FF FF FF FF FF FF
1787467931.268652,123,8,FF FF FF FF FF FF FF FF
1787467931.270700,123,8,FF FF FF FF FF FF FF FF
1787467931.273627,123,8,FF FF FF FF FF FF FF FF
1787467931.275529,123,8,FF FF FF FF FF FF FF FF
1787467931.277529,123,8,FF FF FF FF FF FF FF FF
1787467931.279723,123,8,FF FF FF FF FF FF FF FF
1787467931.281677,123,8,FF FF FF FF FF FF FF FF
1787467931.283419,123,8,FF FF FF FF FF FF FF FF
1787467931.285267,123,8,FF FF FF FF FF FF FF FF
1787467931.287133,123,8,FF FF FF FF FF FF FF FF
1787467931.289286,123,8,FF FF FF FF FF FF FF FF
1787467931.291380,123,8,FF FF FF FF FF FF FF FF
1787467931.294386,123,8,FF FF FF FF FF FF FF FF
1787467931.296302,123,8,FF FF FF FF FF FF FF FF
1787467931.299798,123,8,FF FF FF FF FF FF FF FF
1787467931.302453,123,8,FF FF FF FF FF FF FF FF
1787467931.304209,123,8,FF FF FF FF FF FF FF FF
1787467931.306441,123,8,FF FF FF FF FF FF FF FF
1787467931.308323,123,8,FF FF FF FF FF FF FF FF
1787467931.310142,123,8,FF FF FF FF FF FF FF FF
1787467931.311777,123,8,FF FF FF FF FF FF FF FF
1787467931.314438,123,8,FF FF FF FF FF FF FF FF
1787467931.317986,123,8,FF FF FF FF FF FF FF FF
1787467931.320943,123,8,FF FF FF FF FF FF FF FF
1787467931.325073,123,8,FF FF FF FF FF FF FF FF
1787467931.330053,123,8,FF FF FF FF FF FF FF FF
1787467931.332763,123,8,FF FF FF FF FF FF FF FF
1787467931.336155,123,8,FF FF FF FF FF FF FF FF
1787467931.339466,123,8,FF FF FF FF FF FF FF FF
1787467931.342183,123,8,FF FF FF FF FF FF FF FF
1787467931.343916,123,8,FF FF FF FF FF FF FF FF
1787467931.346134,123,8,FF FF FF FF FF FF FF FF
1787467931.347831,123,8,FF FF FF FF FF FF FF FF
1787467931.350287,123,8,FF FF FF FF FF FF FF FF
1787467931.352943,123,8,FF FF FF FF FF FF FF FF
1787467931.355752,123,8,FF FF FF FF FF FF FF FF
1787467931.357953,123,8,FF FF FF FF FF FF FF FF
1787467931.359499,123,8,FF FF FF FF FF FF FF FF
1787467931.361299,123,8,FF FF FF FF FF FF FF FF
1787467931.363073,123,8,FF FF FF FF FF FF FF FF
1787467931.364650,123,8,FF FF FF FF FF FF FF FF
1787467931.366370,123,8,FF FF FF FF FF FF FF FF
1787467931.367854,123,8,FF FF FF FF FF FF FF FF
1787467931.369577,123,8,FF FF FF FF FF FF FF FF
1787467931.371225,123,8,FF FF FF FF FF FF FF FF
1787467931.373284,123,8,FF FF FF FF FF FF FF FF
1787467931.374961,123,8,FF FF FF FF FF FF FF FF
1787467931.376617,123,8,FF FF FF FF FF FF FF FF
1787467931.378418,123,8,FF FF FF FF FF FF FF FF
1787467931.380009,123,8,FF FF FF FF FF FF FF FF
1787467931.381763,123,8,FF FF FF FF FF FF FF FF
1787467931.383433,123,8,FF FF FF FF FF FF FF FF
1787467931.385758,123,8,FF FF FF FF FF FF FF FF
1787467931.387182,123,8,FF FF FF FF FF FF FF FF
1787467931.389159,123,8,FF FF FF FF FF FF FF FF
1787467931.390938,123,8,FF FF FF FF FF FF FF FF
1787467931.393550,123,8,FF FF FF FF FF FF FF FF
1787467931.396005,123,8,FF FF FF FF FF FF FF FF
1787467931.398168,123,8,FF FF FF FF FF FF FF FF
1787467931.399837,123,8,FF FF FF FF FF FF FF FF
1787467931.401567,123,8,FF FF FF FF FF FF FF FF
1787467931.403250,123,8,FF FF FF FF FF FF FF FF
1787467931.405123,123,8,FF FF FF FF FF FF FF FF
1787467931.406866,123,8,FF FF FF FF FF FF FF FF
1787467931.408419,123,8,FF FF FF FF FF FF FF FF
1787467931.410191,123,8,FF FF FF FF FF FF FF FF
1787467931.411835,123,8,FF FF FF FF FF FF FF FF
1787467931.413655,123,8,FF FF FF FF FF FF FF FF
1787467931.415206,123,8,FF FF FF FF FF FF FF FF
1787467931.416989,123,8,FF FF FF FF FF FF FF FF
1787467931.418757,123,8,FF FF FF FF FF FF FF FF
1787467931.420433,123,8,FF FF FF FF FF FF FF FF
1787467931.422297,123,8,FF FF FF FF FF FF FF FF
1787467931.424138,123,8,FF FF FF FF FF FF FF FF
1787467931.426244,123,8,FF FF FF FF FF FF FF FF
1787467931.428282,123,8,FF FF FF FF FF FF FF FF
1787467931.435268,123,8,FF FF FF FF FF FF FF FF
1787467931.441032,123,8,FF FF FF FF FF FF FF FF
1787467931.441140,123,8,FF FF FF FF FF FF FF FF
1787467931.447469,123,8,FF FF FF FF FF FF FF FF
1787467931.450706,123,8,FF FF FF FF FF FF FF FF
1787467931.453861,123,8,FF FF FF FF FF FF FF FF
1787467931.456853,123,8,FF FF FF FF FF FF FF FF
1787467931.459710,123,8,FF FF FF FF FF FF FF FF
1787467931.462439,123,8,FF FF FF FF FF FF FF FF
1787467931.464266,123,8,FF FF FF FF FF FF FF FF
1787467931.466037,123,8,FF FF FF FF FF FF FF FF
1787467931.467685,123,8,FF FF FF FF FF FF FF FF
1787467931.469241,123,8,FF FF FF FF FF FF FF FF
1787467931.470876,123,8,FF FF FF FF FF FF FF FF
1787467931.472768,123,8,FF FF FF FF FF FF FF FF
1787467931.474567,123,8,FF FF FF FF FF FF FF FF
1787467931.477871,123,8,FF FF FF FF FF FF FF FF
1787467931.479596,123,8,FF FF FF FF FF FF FF FF
1787467931.482062,123,8,FF FF FF FF FF FF FF FF
1787467931.484716,123,8,FF FF FF FF FF FF FF FF
1787467931.487929,123,8,FF FF FF FF FF FF FF FF
1787467931.490336,123,8,FF FF FF FF FF FF FF FF
1787467931.491941,123,8,FF FF FF FF FF FF FF FF
1787467931.493994,123,8,FF FF FF FF FF FF FF FF
1787467931.495721,123,8,FF FF FF FF FF FF FF FF
1787467931.497520,123,8,FF FF FF FF FF FF FF FF
1787467931.499188,123,8,FF FF FF FF FF FF FF FF
1787467931.500849,123,8,FF FF FF FF FF FF FF FF
1787467931.502571,123,8,FF FF FF FF FF FF FF FF
1787467931.504239,123,8,FF FF FF FF FF FF FF FF
1787467931.506181,123,8,FF FF FF FF FF FF FF FF
1787467931.507839,123,8,FF FF FF FF FF FF FF FF
1787467931.509615,123,8,FF FF FF FF FF FF FF FF
1787467931.511133,123,8,FF FF FF FF FF FF FF FF
1787467931.513071,123,8,FF FF FF FF FF FF FF FF
1787467931.514983,123,8,FF FF FF FF FF FF FF FF
1787467931.516782,123,8,FF FF FF FF FF FF FF FF
1787467931.518839,123,8,FF FF FF FF FF FF FF FF
1787467931.520782,123,8,FF FF FF FF FF FF FF FF
1787467931.522934,123,8,FF FF FF FF FF FF FF FF
1787467931.524650,123,8,FF FF FF FF FF FF FF FF
1787467931.527277,123,8,FF FF FF FF FF FF FF FF
1787467931.532440,123,8,FF FF FF FF FF FF FF FF
1787467931.535031,123,8,FF FF FF FF FF FF FF FF
1787467931.537157,123,8,FF FF FF FF FF FF FF FF
1787467931.540298,123,8,FF FF FF FF FF FF FF FF
1787467931.543235,123,8,FF FF FF FF FF FF FF FF
1787467931.547709,123,8,FF FF FF FF FF FF FF FF
1787467931.552850,123,8,FF FF FF FF FF FF FF FF
1787467931.557492,123,8,FF FF FF FF FF FF FF FF
1787467931.560511,123,8,FF FF FF FF FF FF FF FF
1787467931.565005,123,8,FF FF FF FF FF FF FF FF
1787467931.569798,123,8,FF FF FF FF FF FF FF FF
1787467931.573045,123,8,FF FF FF FF FF FF FF FF
1787467931.576040,123,8,FF FF FF FF FF FF FF FF
1787467931.578667,123,8,FF FF FF FF FF FF FF FF
1787467931.582116,123,8,FF FF FF FF FF FF FF FF
1787467931.584142,123,8,FF FF FF FF FF FF FF FF
1787467931.592053,123,8,FF FF FF FF FF FF FF FF
1787467931.594157,123,8,FF FF FF FF FF FF FF FF
1787467931.598886,123,8,FF FF FF FF FF FF FF FF
1787467931.602015,123,8,FF FF FF FF FF FF FF FF
1787467931.604044,123,8,FF FF FF FF FF FF FF FF
1787467931.606753,123,8,FF FF FF FF FF FF FF FF
1787467931.609978,123,8,FF FF FF FF FF FF FF FF
1787467931.611796,123,8,FF FF FF FF FF FF FF FF
1787467931.613500,123,8,FF FF FF FF FF FF FF FF
1787467931.615605,123,8,FF FF FF FF FF FF FF FF
1787467931.617196,123,8,FF FF FF FF FF FF FF FF
1787467931.618968,123,8,FF FF FF FF FF FF FF FF
1787467931.620534,123,8,FF FF FF FF FF FF FF FF
1787467931.622817,123,8,FF FF FF FF FF FF FF FF
1787467931.624651,123,8,FF FF FF FF FF FF FF FF
1787467931.626629,123,8,FF FF FF FF FF FF FF FF
1787467931.628298,123,8,FF FF FF FF FF FF FF FF
1787467931.630040,123,8,FF FF FF FF FF FF FF FF
1787467931.631785,123,8,FF FF FF FF FF FF FF FF
1787467931.633453,123,8,FF FF FF FF FF FF FF FF
1787467931.635145,123,8,FF FF FF FF FF FF FF FF
1787467931.636582,123,8,FF FF FF FF FF FF FF FF
1787467931.638160,123,8,FF FF FF FF FF FF FF FF
1787467931.639941,123,8,FF FF FF FF FF FF FF FF
1787467931.647354,123,8,FF FF FF FF FF FF FF FF
1787467931.649982,123,8,FF FF FF FF FF FF FF FF
1787467931.651755,123,8,FF FF FF FF FF FF FF FF
1787467931.653943,123,8,FF FF FF FF FF FF FF FF
1787467931.655938,123,8,FF FF FF FF FF FF FF FF
1787467931.658007,123,8,FF FF FF FF FF FF FF FF
1787467931.660377,123,8,FF FF FF FF FF FF FF FF
1787467931.662983,123,8,FF FF FF FF FF FF FF FF
1787467931.665573,123,8,FF FF FF FF FF FF FF FF
1787467931.667516,123,8,FF FF FF FF FF FF FF FF
1787467931.669654,123,8,FF FF FF FF FF FF FF FF
1787467931.671283,123,8,FF FF FF FF FF FF FF FF
1787467931.673729,123,8,FF FF FF FF FF FF FF FF
1787467931.678792,123,8,FF FF FF FF FF FF FF FF
1787467931.685571,123,8,FF FF FF FF FF FF FF FF
1787467931.690387,123,8,FF FF FF FF FF FF FF FF
1787467931.697251,123,8,FF FF FF FF FF FF FF FF
1787467931.702516,123,8,FF FF FF FF FF FF FF FF
1787467931.705899,123,8,FF FF FF FF FF FF FF FF
1787467931.707864,123,8,FF FF FF FF FF FF FF FF
1787467931.710850,123,8,FF FF FF FF FF FF FF FF
1787467931.712794,123,8,FF FF FF FF FF FF FF FF
1787467931.714472,123,8,FF FF FF FF FF FF FF FF
1787467931.716153,123,8,FF FF FF FF FF FF FF FF
1787467931.718091,123,8,FF FF FF FF FF FF FF FF
1787467931.719951,123,8,FF FF FF FF FF FF FF FF
1787467931.721683,123,8,FF FF FF FF FF FF FF FF
1787467931.723401,123,8,FF FF FF FF FF FF FF FF
1787467931.724830,123,8,FF FF FF FF FF FF FF FF
1787467931.726506,123,8,FF FF FF FF FF FF FF FF
1787467931.728092,123,8,FF FF FF FF FF FF FF FF
1787467931.729904,123,8,FF FF FF FF FF FF FF FF
1787467931.732287,123,8,FF FF FF FF FF FF FF FF
1787467931.736536,123,8,FF FF FF FF FF FF FF FF
1787467931.738800,123,8,FF FF FF FF FF FF FF FF
1787467931.741383,123,8,FF FF FF FF FF FF FF FF
1787467931.743667,123,8,FF FF FF FF FF FF FF FF
1787467931.745832,123,8,FF FF FF FF FF FF FF FF
1787467931.747386,123,8,FF FF FF FF FF FF FF FF
1787467931.749205,123,8,FF FF FF FF FF FF FF FF
1787467931.751024,123,8,FF FF FF FF FF FF FF FF
1787467931.752900,123,8,FF FF FF FF FF FF FF FF
1787467931.754794,123,8,FF FF FF FF FF FF FF FF
1787467931.756463,123,8,FF FF FF FF FF FF FF FF
1787467931.758286,123,8,FF FF FF FF FF FF FF FF
1787467931.759978,123,8,FF FF FF FF FF FF FF FF
1787467931.762241,123,8,FF FF FF FF FF FF FF FF
1787467931.764068,123,8,FF FF FF FF FF FF FF FF
1787467931.766153,123,8,FF FF FF FF FF FF FF FF
1787467931.767895,123,8,FF FF FF FF FF FF FF FF
1787467931.769697,123,8,FF FF FF FF FF FF FF FF
1787467931.771662,123,8,FF FF FF FF FF FF FF FF
1787467931.773772,123,8,FF FF FF FF FF FF FF FF
1787467931.776032,123,8,FF FF FF FF FF FF FF FF
1787467931.778043,123,8,FF FF FF FF FF FF FF FF
1787467931.779849,123,8,FF FF FF FF FF FF FF FF
1787467931.781732,123,8,FF FF FF FF FF FF FF FF
1787467931.783485,123,8,FF FF FF FF FF FF FF FF
1787467931.785301,123,8,FF FF FF FF FF FF FF FF
1787467931.787513,123,8,FF FF FF FF FF FF FF FF
1787467931.789665,123,8,FF FF FF FF FF FF FF FF
1787467931.791427,123,8,FF FF FF FF FF FF FF FF
1787467931.793823,123,8,FF FF FF FF FF FF FF FF
1787467931.796370,123,8,FF FF FF FF FF FF FF FF
1787467931.798435,123,8,FF FF FF FF FF FF FF FF
1787467931.800320,123,8,FF FF FF FF FF FF FF FF
1787467931.802451,123,8,FF FF FF FF FF FF FF FF
1787467931.804541,123,8,FF FF FF FF FF FF FF FF
1787467931.807210,123,8,FF FF FF FF FF FF FF FF
1787467931.809900,123,8,FF FF FF FF FF FF FF FF
1787467931.812221,123,8,FF FF FF FF FF FF FF FF
1787467931.814862,123,8,FF FF FF FF FF FF FF FF
1787467931.817319,123,8,FF FF FF FF FF FF FF FF
1787467931.819965,123,8,FF FF FF FF FF FF FF FF
1787467931.823950,123,8,FF FF FF FF FF FF FF FF
1787467931.827549,123,8,FF FF FF FF FF FF FF FF
1787467931.829409,123,8,FF FF FF FF FF FF FF FF
1787467931.832782,123,8,FF FF FF FF FF FF FF FF
1787467931.836066,123,8,FF FF FF FF FF FF FF FF
1787467931.838849,123,8,FF FF FF FF FF FF FF FF
1787467931.841983,123,8,FF FF FF FF FF FF FF FF
1787467931.845205,123,8,FF FF FF FF FF FF FF FF
1787467931.848854,123,8,FF FF FF FF FF FF FF FF
1787467931.851762,123,8,FF FF FF FF FF FF FF FF
1787467931.854279,123,8,FF FF FF FF FF FF FF FF
1787467931.856429,123,8,FF FF FF FF FF FF FF FF
1787467931.858381,123,8,FF FF FF FF FF FF FF FF
1787467931.860196,123,8,FF FF FF FF FF FF FF FF
1787467931.862490,123,8,FF FF FF FF FF FF FF FF
1787467931.864351,123,8,FF FF FF FF FF FF FF FF
1787467931.866403,123,8,FF FF FF FF FF FF FF FF
1787467931.869661,123,8,FF FF FF FF FF FF FF FF
1787467931.872008,123,8,FF FF FF FF FF FF FF FF
1787467931.874192,123,8,FF FF FF FF FF FF FF FF
1787467931.876855,123,8,FF FF FF FF FF FF FF FF
1787467931.878849,123,8,FF FF FF FF FF FF FF FF
1787467931.880788,123,8,FF FF FF FF FF FF FF FF
1787467931.882808,123,8,FF FF FF FF FF FF FF FF
1787467931.884658,123,8,FF FF FF FF FF FF FF FF
1787467931.886609,123,8,FF FF FF FF FF FF FF FF
1787467931.890958,123,8,FF FF FF FF FF FF FF FF
1787467931.892387,123,8,FF FF FF FF FF FF FF FF
1787467931.893936,123,8,FF FF FF FF FF FF FF FF
1787467931.895421,123,8,FF FF FF FF FF FF FF FF
1787467931.896950,123,8,FF FF FF FF FF FF FF FF
1787467931.898930,123,8,FF FF FF FF FF FF FF FF
1787467931.900692,123,8,FF FF FF FF FF FF FF FF
1787467931.902527,123,8,FF FF FF FF FF FF FF FF
1787467931.904628,123,8,FF FF FF FF FF FF FF FF
1787467931.906823,123,8,FF FF FF FF FF FF FF FF
1787467931.908720,123,8,FF FF FF FF FF FF FF FF
1787467931.910695,123,8,FF FF FF FF FF FF FF FF
1787467931.912616,123,8,FF FF FF FF FF FF FF FF
1787467931.914786,123,8,FF FF FF FF FF FF FF FF
1787467931.918237,123,8,FF FF FF FF FF FF FF FF
1787467931.920774,123,8,FF FF FF FF FF FF FF FF
1787467931.923205,123,8,FF FF FF FF FF FF FF FF
1787467931.925721,123,8,FF FF FF FF FF FF FF FF
1787467931.927773,123,8,FF FF FF FF FF FF FF FF
1787467931.930252,123,8,FF FF FF FF FF FF FF FF
1787467931.932598,123,8,FF FF FF FF FF FF FF FF
1787467931.934441,123,8,FF FF FF FF FF FF FF FF
1787467931.936350,123,8,FF FF FF FF FF FF FF FF
1787467931.938867,123,8,FF FF FF FF FF FF FF FF
1787467931.940965,123,8,FF FF FF FF FF FF FF FF
1787467931.943340,123,8,FF FF FF FF FF FF FF FF
1787467931.945709,123,8,FF FF FF FF FF FF FF FF
1787467931.947539,123,8,FF FF FF FF FF FF FF FF
1787467931.949455,123,8,FF FF FF FF FF FF FF FF
1787467931.951276,123,8,FF FF FF FF FF FF FF FF
1787467931.953202,123,8,FF FF FF FF FF FF FF FF
1787467931.955315,123,8,FF FF FF FF FF FF FF FF
1787467931.957636,123,8,FF FF FF FF FF FF FF FF
1787467931.959731,123,8,FF FF FF FF FF FF FF FF
1787467931.962426,123,8,FF FF FF FF FF FF FF FF
1787467931.965446,123,8,FF FF FF FF FF FF FF FF
1787467931.970720,123,8,FF FF FF FF FF FF FF FF
1787467931.972963,123,8,FF FF FF FF FF FF FF FF
1787467931.975877,123,8,FF FF FF FF FF FF FF FF
1787467931.978750,123,8,FF FF FF FF FF FF FF FF
1787467931.981837,123,8,FF FF FF FF FF FF FF FF
1787467931.985134,123,8,FF FF FF FF FF FF FF FF
1787467931.987904,123,8,FF FF FF FF FF FF FF FF
1787467931.990707,123,8,FF FF FF FF FF FF FF FF
1787467931.993392,123,8,FF FF FF FF FF FF FF FF
1787467931.995988,123,8,FF FF FF FF FF FF FF FF
1787467931.999128,123,8,FF FF FF FF FF FF FF FF
1787467932.002051,123,8,FF FF FF FF FF FF FF FF
1787467932.004286,123,8,FF FF FF FF FF FF FF FF
1787467932.006645,123,8,FF FF FF FF FF FF FF FF
1787467932.008267,123,8,FF FF FF FF FF FF FF FF
1787467932.010224,123,8,FF FF FF FF FF FF FF FF
1787467932.012472,123,8,FF FF FF FF FF FF FF FF
1787467932.014143,123,8,FF FF FF FF FF FF FF FF
1787467932.018554,123,8,FF FF FF FF FF FF FF FF
1787467932.020371,123,8,FF FF FF FF FF FF FF FF
1787467932.022515,123,8,FF FF FF FF FF FF FF FF
1787467932.024272,123,8,FF FF FF FF FF FF FF FF
1787467932.026163,123,8,FF FF FF FF FF FF FF FF
1787467932.028050,123,8,FF FF FF FF FF FF FF FF
1787467932.030129,123,8,FF FF FF FF FF FF FF FF
1787467932.031759,123,8,FF FF FF FF FF FF FF FF
1787467932.033663,123,8,FF FF FF FF FF FF FF FF
1787467932.035317,123,8,FF FF FF FF FF FF FF FF
1787467932.037073,123,8,FF FF FF FF FF FF FF FF
1787467932.038884,123,8,FF FF FF FF FF FF FF FF
1787467932.040775,123,8,FF FF FF FF FF FF FF FF
1787467932.042566,123,8,FF FF FF FF FF FF FF FF
1787467932.044291,123,8,FF FF FF FF FF FF FF FF
1787467932.046286,123,8,FF FF FF FF FF FF FF FF
1787467932.047915,123,8,FF FF FF FF FF FF FF FF
1787467932.049705,123,8,FF FF FF FF FF FF FF FF
1787467932.051459,123,8,FF FF FF FF FF FF FF FF
1787467932.053414,123,8,FF FF FF FF FF FF FF FF
1787467932.056483,123,8,FF FF FF FF FF FF FF FF
1787467932.058471,123,8,FF FF FF FF FF FF FF FF
1787467932.060111,123,8,FF FF FF FF FF FF FF FF
1787467932.062285,123,8,FF FF FF FF FF FF FF FF
1787467932.064266,123,8,FF FF FF FF FF FF FF FF
1787467932.066817,123,8,FF FF FF FF FF FF FF FF
1787467932.069349,123,8,FF FF FF FF FF FF FF FF
1787467932.071359,123,8,FF FF FF FF FF FF FF FF
1787467932.073081,123,8,FF FF FF FF FF FF FF FF
1787467932.074961,123,8,FF FF FF FF FF FF FF FF
1787467932.076684,123,8,FF FF FF FF FF FF FF FF
1787467932.078682,123,8,FF FF FF FF FF FF FF FF
1787467932.080316,123,8,FF FF FF FF FF FF FF FF
1787467932.082136,123,8,FF FF FF FF FF FF FF FF
1787467932.084126,123,8,FF FF FF FF FF FF FF FF
1787467932.085811,123,8,FF FF FF FF FF FF FF FF
1787467932.087582,123,8,FF FF FF FF FF FF FF FF
1787467932.089722,123,8,FF FF FF FF FF FF FF FF
1787467932.093556,123,8,FF FF FF FF FF FF FF FF
1787467932.095996,123,8,FF FF FF FF FF FF FF FF
1787467932.098975,123,8,FF FF FF FF FF FF FF FF
1787467932.101948,123,8,FF FF FF FF FF FF FF FF
1787467932.104196,123,8,FF FF FF FF FF FF FF FF
1787467932.106849,123,8,FF FF FF FF FF FF FF FF
1787467932.109993,123,8,FF FF FF FF FF FF FF FF
1787467932.112456,123,8,FF FF FF FF FF FF FF FF
1787467932.115366,123,8,FF FF FF FF FF FF FF FF
1787467932.118094,123,8,FF FF FF FF FF FF FF FF
1787467932.120548,123,8,FF FF FF FF FF FF FF FF
1787467932.123125,123,8,FF FF FF FF FF FF FF FF
1787467932.124771,123,8,FF FF FF FF FF FF FF FF
1787467932.126816,123,8,FF FF FF FF FF FF FF FF
1787467932.128408,123,8,FF FF FF FF FF FF FF FF
1787467932.130153,123,8,FF FF FF FF FF FF FF FF
1787467932.131708,123,8,FF FF FF FF FF FF FF FF
1787467932.133443,123,8,FF FF FF FF FF FF FF FF
1787467932.135516,123,8,FF FF FF FF FF FF FF FF
1787467932.137254,123,8,FF FF FF FF FF FF FF FF
1787467932.139239,123,8,FF FF FF FF FF FF FF FF
1787467932.141100,123,8,FF FF FF FF FF FF FF FF
1787467932.142640,123,8,FF FF FF FF FF FF FF FF
1787467932.144281,123,8,FF FF FF FF FF FF FF FF
1787467932.145869,123,8,FF FF FF FF FF FF FF FF
1787467932.148261,123,8,FF FF FF FF FF FF FF FF
1787467932.150658,123,8,FF FF FF FF FF FF FF FF
1787467932.152380,123,8,FF FF FF FF FF FF FF FF
1787467932.154727,123,8,FF FF FF FF FF FF FF FF
1787467932.156645,123,8,FF FF FF FF FF FF FF FF
1787467932.162158,123,8,FF FF FF FF FF FF FF FF
1787467932.163872,123,8,FF FF FF FF FF FF FF FF
1787467932.165998,123,8,FF FF FF FF FF FF FF FF
1787467932.167698,123,8,FF FF FF FF FF FF FF FF
1787467932.169519,123,8,FF FF FF FF FF FF FF FF
1787467932.171353,123,8,FF FF FF FF FF FF FF FF
1787467932.173141,123,8,FF FF FF FF FF FF FF FF
1787467932.175209,123,8,FF FF FF FF FF FF FF FF
1787467932.177393,123,8,FF FF FF FF FF FF FF FF
1787467932.179618,123,8,FF FF FF FF FF FF FF FF
1787467932.181588,123,8,FF FF FF FF FF FF FF FF
1787467932.183706,123,8,FF FF FF FF FF FF FF FF
1787467932.185621,123,8,FF FF FF FF FF FF FF FF
1787467932.187634,123,8,FF FF FF FF FF FF FF FF
1787467932.189680,123,8,FF FF FF FF FF FF FF FF
1787467932.191484,123,8,FF FF FF FF FF FF FF FF
1787467932.193520,123,8,FF FF FF FF FF FF FF FF
1787467932.195494,123,8,FF FF FF FF FF FF FF FF
1787467932.198184,123,8,FF FF FF FF FF FF FF FF
1787467932.200138,123,8,FF FF FF FF FF FF FF FF
1787467932.201928,123,8,FF FF FF FF FF FF FF FF
1787467932.203546,123,8,FF FF FF FF FF FF FF FF
1787467932.205983,123,8,FF FF FF FF FF FF FF FF
1787467932.208393,123,8,FF FF FF FF FF FF FF FF
1787467932.210652,123,8,FF FF FF FF FF FF FF FF
1787467932.212714,123,8,FF FF FF FF FF FF FF FF
1787467932.215546,123,8,FF FF FF FF FF FF FF FF
1787467932.218354,123,8,FF FF FF FF FF FF FF FF
1787467932.221354,123,8,FF FF FF FF FF FF FF FF
1787467932.224327,123,8,FF FF FF FF FF FF FF FF
1787467932.227201,123,8,FF FF FF FF FF FF FF FF
1787467932.230154,123,8,FF FF FF FF FF FF FF FF
1787467932.233179,123,8,FF FF FF FF FF FF FF FF
1787467932.235572,123,8,FF FF FF FF FF FF FF FF
1787467932.238866,123,8,FF FF FF FF FF FF FF FF
1787467932.241828,123,8,FF FF FF FF FF FF FF FF
1787467932.243500,123,8,FF FF FF FF FF FF FF FF
1787467932.245059,123,8,FF FF FF FF FF FF FF FF
1787467932.246867,123,8,FF FF FF FF FF FF FF FF
1787467932.248656,123,8,FF FF FF FF FF FF FF FF
1787467932.250741,123,8,FF FF FF FF FF FF FF FF
1787467932.252498,123,8,FF FF FF FF FF FF FF FF
1787467932.254465,123,8,FF FF FF FF FF FF FF FF
1787467932.256097,123,8,FF FF FF FF FF FF FF FF
1787467932.257979,123,8,FF FF FF FF FF FF FF FF
1787467932.259569,123,8,FF FF FF FF FF FF FF FF
1787467932.261353,123,8,FF FF FF FF FF FF FF FF
1787467932.263032,123,8,FF FF FF FF FF FF FF FF
1787467932.264632,123,8,FF FF FF FF FF FF FF FF
1787467932.266439,123,8,FF FF FF FF FF FF FF FF
1787467932.268010,123,8,FF FF FF FF FF FF FF FF
1787467932.269742,123,8,FF FF FF FF FF FF FF FF
1787467932.271573,123,8,FF FF FF FF FF FF FF FF
1787467932.273623,123,8,FF FF FF FF FF FF FF FF
1787467932.275082,123,8,FF FF FF FF FF FF FF FF
1787467932.276816,123,8,FF FF FF FF FF FF FF FF
1787467932.278683,123,8,FF FF FF FF FF FF FF FF
1787467932.280169,123,8,FF FF FF FF FF FF FF FF
1787467932.282212,123,8,FF FF FF FF FF FF FF FF
1787467932.283941,123,8,FF FF FF FF FF FF FF FF
1787467932.285733,123,8,FF FF FF FF FF FF FF FF
1787467932.287475,123,8,FF FF FF FF FF FF FF FF
1787467932.291330,123,8,FF FF FF FF FF FF FF FF
1787467932.293214,123,8,FF FF FF FF FF FF FF FF
1787467932.295182,123,8,FF FF FF FF FF FF FF FF
1787467932.299353,123,8,FF FF FF FF FF FF FF FF
1787467932.301775,123,8,FF FF FF FF FF FF FF FF
1787467932.303468,123,8,FF FF FF FF FF FF FF FF
1787467932.305878,123,8,FF FF FF FF FF FF FF FF
1787467932.307510,123,8,FF FF FF FF FF FF FF FF
1787467932.309388,123,8,FF FF FF FF FF FF FF FF
1787467932.311141,123,8,FF FF FF FF FF FF FF FF
1787467932.313148,123,8,FF FF FF FF FF FF FF FF
1787467932.314886,123,8,FF FF FF FF FF FF FF FF
1787467932.316439,123,8,FF FF FF FF FF FF FF FF
1787467932.318724,123,8,FF FF FF FF FF FF FF FF
1787467932.320547,123,8,FF FF FF FF FF FF FF FF
1787467932.322449,123,8,FF FF FF FF FF FF FF FF
1787467932.324236,123,8,FF FF FF FF FF FF FF FF
1787467932.326020,123,8,FF FF FF FF FF FF FF FF
1787467932.327655,123,8,FF FF FF FF FF FF FF FF
1787467932.329499,123,8,FF FF FF FF FF FF FF FF
1787467932.331386,123,8,FF FF FF FF FF FF FF FF
1787467932.333892,123,8,FF FF FF FF FF FF FF FF
1787467932.336727,123,8,FF FF FF FF FF FF FF FF
1787467932.339538,123,8,FF FF FF FF FF FF FF FF
1787467932.342615,123,8,FF FF FF FF FF FF FF FF
1787467932.345823,123,8,FF FF FF FF FF FF FF FF
1787467932.348577,123,8,FF FF FF FF FF FF FF FF
1787467932.351228,123,8,FF FF FF FF FF FF FF FF
1787467932.354813,123,8,FF FF FF FF FF FF FF FF
1787467932.357650,123,8,FF FF FF FF FF FF FF FF
1787467932.360352,123,8,FF FF FF FF FF FF FF FF
1787467932.363533,123,8,FF FF FF FF FF FF FF FF
1787467932.365472,123,8,FF FF FF FF FF FF FF FF
1787467932.367259,123,8,FF FF FF FF FF FF FF FF
1787467932.368863,123,8,FF FF FF FF FF FF FF FF
1787467932.370677,123,8,FF FF FF FF FF FF FF FF
1787467932.372431,123,8,FF FF FF FF FF FF FF FF
1787467932.374395,123,8,FF FF FF FF FF FF FF FF
1787467932.376291,123,8,FF FF FF FF FF FF FF FF
1787467932.377971,123,8,FF FF FF FF FF FF FF FF
1787467932.379639,123,8,FF FF FF FF FF FF FF FF
1787467932.383087,123,8,FF FF FF FF FF FF FF FF
1787467932.385219,123,8,FF FF FF FF FF FF FF FF
1787467932.386941,123,8,FF FF FF FF FF FF FF FF
1787467932.389123,123,8,FF FF FF FF FF FF FF FF
1787467932.391042,123,8,FF FF FF FF FF FF FF FF
1787467932.392958,123,8,FF FF FF FF FF FF FF FF
1787467932.394964,123,8,FF FF FF FF FF FF FF FF
1787467932.396808,123,8,FF FF FF FF FF FF FF FF
1787467932.398585,123,8,FF FF FF FF FF FF FF FF
1787467932.400360,123,8,FF FF FF FF FF FF FF FF
1787467932.402255,123,8,FF FF FF FF FF FF FF FF
1787467932.404042,123,8,FF FF FF FF FF FF FF FF
1787467932.406180,123,8,FF FF FF FF FF FF FF FF
1787467932.407839,123,8,FF FF FF FF FF FF FF FF
1787467932.409625,123,8,FF FF FF FF FF FF FF FF
1787467932.411196,123,8,FF FF FF FF FF FF FF FF
1787467932.412939,123,8,FF FF FF FF FF FF FF FF
1787467932.414683,123,8,FF FF FF FF FF FF FF FF
1787467932.416248,123,8,FF FF FF FF FF FF FF FF
1787467932.418607,123,8,FF FF FF FF FF FF FF FF
1787467932.420392,123,8,FF FF FF FF FF FF FF FF
1787467932.422856,123,8,FF FF FF FF FF FF FF FF
1787467932.425039,123,8,FF FF FF FF FF FF FF FF
1787467932.426979,123,8,FF FF FF FF FF FF FF FF
1787467932.431698,123,8,FF FF FF FF FF FF FF FF
1787467932.433894,123,8,FF FF FF FF FF FF FF FF
1787467932.435627,123,8,FF FF FF FF FF FF FF FF
1787467932.437975,123,8,FF FF FF FF FF FF FF FF
1787467932.439916,123,8,FF FF FF FF FF FF FF FF
1787467932.445381,123,8,FF FF FF FF FF FF FF FF
1787467932.447221,123,8,FF FF FF FF FF FF FF FF
1787467932.448881,123,8,FF FF FF FF FF FF FF FF
1787467932.450946,123,8,FF FF FF FF FF FF FF FF
1787467932.452721,123,8,FF FF FF FF FF FF FF FF
1787467932.455338,123,8,FF FF FF FF FF FF FF FF
1787467932.457412,123,8,FF FF FF FF FF FF FF FF
1787467932.459133,123,8,FF FF FF FF FF FF FF FF
1787467932.460790,123,8,FF FF FF FF FF FF FF FF
1787467932.462726,123,8,FF FF FF FF FF FF FF FF
1787467932.464735,123,8,FF FF FF FF FF FF FF FF
1787467932.466714,123,8,FF FF FF FF FF FF FF FF
1787467932.468555,123,8,FF FF FF FF FF FF FF FF
1787467932.470327,123,8,FF FF FF FF FF FF FF FF
1787467932.472169,123,8,FF FF FF FF FF FF FF FF
1787467932.474728,123,8,FF FF FF FF FF FF FF FF
1787467932.477132,123,8,FF FF FF FF FF FF FF FF
1787467932.479050,123,8,FF FF FF FF FF FF FF FF
1787467932.480557,123,8,FF FF FF FF FF FF FF FF
1787467932.482178,123,8,FF FF FF FF FF FF FF FF
1787467932.483652,123,8,FF FF FF FF FF FF FF FF
1787467932.486473,123,8,FF FF FF FF FF FF FF FF
1787467932.491088,123,8,FF FF FF FF FF FF FF FF
1787467932.493291,123,8,FF FF FF FF FF FF FF FF
1787467932.495095,123,8,FF FF FF FF FF FF FF FF
1787467932.496745,123,8,FF FF FF FF FF FF FF FF
1787467932.498453,123,8,FF FF FF FF FF FF FF FF
1787467932.500190,123,8,FF FF FF FF FF FF FF FF
1787467932.501823,123,8,FF FF FF FF FF FF FF FF
1787467932.503352,123,8,FF FF FF FF FF FF FF FF
1787467932.505306,123,8,FF FF FF FF FF FF FF FF
1787467932.506895,123,8,FF FF FF FF FF FF FF FF
1787467932.508462,123,8,FF FF FF FF FF FF FF FF
1787467932.510087,123,8,FF FF FF FF FF FF FF FF
1787467932.512007,123,8,FF FF FF FF FF FF FF FF
1787467932.515689,123,8,FF FF FF FF FF FF FF FF
1787467932.518887,123,8,FF FF FF FF FF FF FF FF
1787467932.523602,123,8,FF FF FF FF FF FF FF FF
1787467932.527856,123,8,FF FF FF FF FF FF FF FF
1787467932.530427,123,8,FF FF FF FF FF FF FF FF
1787467932.532669,123,8,FF FF FF FF FF FF FF FF
1787467932.535408,123,8,FF FF FF FF FF FF FF FF
1787467932.538135,123,8,FF FF FF FF FF FF FF FF
1787467932.540797,123,8,FF FF FF FF FF FF FF FF
1787467932.543398,123,8,FF FF FF FF FF FF FF FF
1787467932.545974,123,8,FF FF FF FF FF FF FF FF
1787467932.548478,123,8,FF FF FF FF FF FF FF FF
1787467932.550822,123,8,FF FF FF FF FF FF FF FF
1787467932.552829,123,8,FF FF FF FF FF FF FF FF
1787467932.555683,123,8,FF FF FF FF FF FF FF FF
1787467932.557659,123,8,FF FF FF FF FF FF FF FF
1787467932.559491,123,8,FF FF FF FF FF FF FF FF
1787467932.561710,123,8,FF FF FF FF FF FF FF FF
1787467932.563505,123,8,FF FF FF FF FF FF FF FF
1787467932.565567,123,8,FF FF FF FF FF FF FF FF
1787467932.567548,123,8,FF FF FF FF FF FF FF FF
1787467932.569933,123,8,FF FF FF FF FF FF FF FF
1787467932.571888,123,8,FF FF FF FF FF FF FF FF
1787467932.573774,123,8,FF FF FF FF FF FF FF FF
1787467932.576763,123,8,FF FF FF FF FF FF FF FF
1787467932.582742,123,8,FF FF FF FF FF FF FF FF
1787467932.584599,123,8,FF FF FF FF FF FF FF FF
1787467932.586651,123,8,FF FF FF FF FF FF FF FF
1787467932.589017,123,8,FF FF FF FF FF FF FF FF
1787467932.590667,123,8,FF FF FF FF FF FF FF FF
1787467932.592494,123,8,FF FF FF FF FF FF FF FF
1787467932.594500,123,8,FF FF FF FF FF FF FF FF
1787467932.596959,123,8,FF FF FF FF FF FF FF FF
1787467932.598852,123,8,FF FF FF FF FF FF FF FF
1787467932.600528,123,8,FF FF FF FF FF FF FF FF
1787467932.602636,123,8,FF FF FF FF FF FF FF FF
1787467932.604668,123,8,FF FF FF FF FF FF FF FF
1787467932.606565,123,8,FF FF FF FF FF FF FF FF
1787467932.608311,123,8,FF FF FF FF FF FF FF FF
1787467932.610347,123,8,FF FF FF FF FF FF FF FF
1787467932.612417,123,8,FF FF FF FF FF FF FF FF
1787467932.614455,123,8,FF FF FF FF FF FF FF FF
1787467932.616690,123,8,FF FF FF FF FF FF FF FF
1787467932.618665,123,8,FF FF FF FF FF FF FF FF
1787467932.621726,123,8,FF FF FF FF FF FF FF FF
1787467932.626603,123,8,FF FF FF FF FF FF FF FF
1787467932.629532,123,8,FF FF FF FF FF FF FF FF
1787467932.636888,123,8,FF FF FF FF FF FF FF FF
1787467932.640453,123,8,FF FF FF FF FF FF FF FF
1787467932.644314,123,8,FF FF FF FF FF FF FF FF
1787467932.647582,123,8,FF FF FF FF FF FF FF FF
1787467932.651007,123,8,FF FF FF FF FF FF FF FF
1787467932.654031,123,8,FF FF FF FF FF FF FF FF
1787467932.657343,123,8,FF FF FF FF FF FF FF FF
1787467932.661096,123,8,FF FF FF FF FF FF FF FF
1787467932.663170,123,8,FF FF FF FF FF FF FF FF
1787467932.665434,123,8,FF FF FF FF FF FF FF FF
1787467932.667269,123,8,FF FF FF FF FF FF FF FF
1787467932.670168,123,8,FF FF FF FF FF FF FF FF
1787467932.672906,123,8,FF FF FF FF FF FF FF FF
1787467932.675026,123,8,FF FF FF FF FF FF FF FF
1787467932.680318,123,8,FF FF FF FF FF FF FF FF
1787467932.690000,123,8,FF FF FF FF FF FF FF FF
1787467932.691970,123,8,FF FF FF FF FF FF FF FF
1787467932.694062,123,8,FF FF FF FF FF FF FF FF
1787467932.697084,123,8,FF FF FF FF FF FF FF FF
1787467932.699091,123,8,FF FF FF FF FF FF FF FF
1787467932.702256,123,8,FF FF FF FF FF FF FF FF
1787467932.704473,123,8,FF FF FF FF FF FF FF FF
1787467932.706474,123,8,FF FF FF FF FF FF FF FF
1787467932.708290,123,8,FF FF FF FF FF FF FF FF
1787467932.710164,123,8,FF FF FF FF FF FF FF FF
1787467932.714734,123,8,FF FF FF FF FF FF FF FF
1787467932.717839,123,8,FF FF FF FF FF FF FF FF
1787467932.725331,123,8,FF FF FF FF FF FF FF FF
1787467932.728014,123,8,FF FF FF FF FF FF FF FF
1787467932.730253,123,8,FF FF FF FF FF FF FF FF
1787467932.732147,123,8,FF FF FF FF FF FF FF FF
1787467932.734563,123,8,FF FF FF FF FF FF FF FF
1787467932.737271,123,8,FF FF FF FF FF FF FF FF
1787467932.739288,123,8,FF FF FF FF FF FF FF FF
1787467932.741824,123,8,FF FF FF FF FF FF FF FF
1787467932.743963,123,8,FF FF FF FF FF FF FF FF
1787467932.745954,123,8,FF FF FF FF FF FF FF FF
1787467932.747648,123,8,FF FF FF FF FF FF FF FF
1787467932.749597,123,8,FF FF FF FF FF FF FF FF
1787467932.751551,123,8,FF FF FF FF FF FF FF FF
1787467932.754235,123,8,FF FF FF FF FF FF FF FF
1787467932.757198,123,8,FF FF FF FF FF FF FF FF
1787467932.760255,123,8,FF FF FF FF FF FF FF FF
1787467932.763443,123,8,FF FF FF FF FF FF FF FF
1787467932.772534,123,8,FF FF FF FF FF FF FF FF
1787467932.775813,123,8,FF FF FF FF FF FF FF FF
1787467932.779884,123,8,FF FF FF FF FF FF FF FF
1787467932.782436,123,8,FF FF FF FF FF FF FF FF
1787467932.784808,123,8,FF FF FF FF FF FF FF FF
1787467932.786649,123,8,FF FF FF FF FF FF FF FF
1787467932.788153,123,8,FF FF FF FF FF FF FF FF
1787467932.789758,123,8,FF FF FF FF FF FF FF FF
1787467932.792158,123,8,FF FF FF FF FF FF FF FF
1787467932.793856,123,8,FF FF FF FF FF FF FF FF
1787467932.795613,123,8,FF FF FF FF FF FF FF FF
1787467932.797701,123,8,FF FF FF FF FF FF FF FF
1787467932.799671,123,8,FF FF FF FF FF FF FF FF
1787467932.801610,123,8,FF FF FF FF FF FF FF FF
1787467932.803114,123,8,FF FF FF FF FF FF FF FF
1787467932.805574,123,8,FF FF FF FF FF FF FF FF
1787467932.807826,123,8,FF FF FF FF FF FF FF FF
1787467932.814294,123,8,FF FF FF FF FF FF FF FF
1787467932.816271,123,8,FF FF FF FF FF FF FF FF
1787467932.818502,123,8,FF FF FF FF FF FF FF FF
1787467932.820599,123,8,FF FF FF FF FF FF FF FF
1787467932.822534,123,8,FF FF FF FF FF FF FF FF
1787467932.824317,123,8,FF FF FF FF FF FF FF FF
1787467932.826246,123,8,FF FF FF FF FF FF FF FF
1787467932.827870,123,8,FF FF FF FF FF FF FF FF
1787467932.829646,123,8,FF FF FF FF FF FF FF FF
1787467932.831439,123,8,FF FF FF FF FF FF FF FF
1787467932.833708,123,8,FF FF FF FF FF FF FF FF
1787467932.835098,123,8,FF FF FF FF FF FF FF FF
1787467932.837214,123,8,FF FF FF FF FF FF FF FF
1787467932.839703,123,8,FF FF FF FF FF FF FF FF
1787467932.841646,123,8,FF FF FF FF FF FF FF FF
1787467932.843066,123,8,FF FF FF FF FF FF FF FF
1787467932.844459,123,8,FF FF FF FF FF FF FF FF
1787467932.847166,123,8,FF FF FF FF FF FF FF FF
1787467932.848833,123,8,FF FF FF FF FF FF FF FF
1787467932.850567,123,8,FF FF FF FF FF FF FF FF
1787467932.852489,123,8,FF FF FF FF FF FF FF FF
1787467932.855842,123,8,FF FF FF FF FF FF FF FF
1787467932.857978,123,8,FF FF FF FF FF FF FF FF
1787467932.860198,123,8,FF FF FF FF FF FF FF FF
1787467932.862081,123,8,FF FF FF FF FF FF FF FF
1787467932.863532,123,8,FF FF FF FF FF FF FF FF
1787467932.865289,123,8,FF FF FF FF FF FF FF FF
1787467932.867122,123,8,FF FF FF FF FF FF FF FF
1787467932.869379,123,8,FF FF FF FF FF FF FF FF
1787467932.871140,123,8,FF FF FF FF FF FF FF FF
1787467932.874189,123,8,FF FF FF FF FF FF FF FF
1787467932.876825,123,8,FF FF FF FF FF FF FF FF
1787467932.880783,123,8,FF FF FF FF FF FF FF FF
1787467932.884472,123,8,FF FF FF FF FF FF FF FF
1787467932.887898,123,8,FF FF FF FF FF FF FF FF
1787467932.891058,123,8,FF FF FF FF FF FF FF FF
1787467932.895410,123,8,FF FF FF FF FF FF FF FF
1787467932.901851,123,8,FF FF FF FF FF FF FF FF
1787467932.904247,123,8,FF FF FF FF FF FF FF FF
1787467932.906295,123,8,FF FF FF FF FF FF FF FF
1787467932.907841,123,8,FF FF FF FF FF FF FF FF
1787467932.909832,123,8,FF FF FF FF FF FF FF FF
1787467932.911667,123,8,FF FF FF FF FF FF FF FF
1787467932.913560,123,8,FF FF FF FF FF FF FF FF
1787467932.915338,123,8,FF FF FF FF FF FF FF FF
1787467932.917514,123,8,FF FF FF FF FF FF FF FF
1787467932.919459,123,8,FF FF FF FF FF FF FF FF
1787467932.921534,123,8,FF FF FF FF FF FF FF FF
1787467932.923374,123,8,FF FF FF FF FF FF FF FF
1787467932.925211,123,8,FF FF FF FF FF FF FF FF
1787467932.927250,123,8,FF FF FF FF FF FF FF FF
1787467932.928799,123,8,FF FF FF FF FF FF FF FF
1787467932.930627,123,8,FF FF FF FF FF FF FF FF
1787467932.932390,123,8,FF FF FF FF FF FF FF FF
1787467932.934345,123,8,FF FF FF FF FF FF FF FF
1787467932.935760,123,8,FF FF FF FF FF FF FF FF
1787467932.937727,123,8,FF FF FF FF FF FF FF FF
1787467932.940399,123,8,FF FF FF FF FF FF FF FF
1787467932.942630,123,8,FF FF FF FF FF FF FF FF
1787467932.945753,123,8,FF FF FF FF FF FF FF FF
1787467932.949961,123,8,FF FF FF FF FF FF FF FF
1787467932.949980,123,8,FF FF FF FF FF FF FF FF
1787467932.951007,123,8,FF FF FF FF FF FF FF FF
1787467932.952667,123,8,FF FF FF FF FF FF FF FF
1787467932.954527,123,8,FF FF FF FF FF FF FF FF
1787467932.956486,123,8,FF FF FF FF FF FF FF FF
1787467932.958342,123,8,FF FF FF FF FF FF FF FF
1787467932.960227,123,8,FF FF FF FF FF FF FF FF
1787467932.962285,123,8,FF FF FF FF FF FF FF FF
1787467932.964062,123,8,FF FF FF FF FF FF FF FF
1787467932.966147,123,8,FF FF FF FF FF FF FF FF
1787467932.968022,123,8,FF FF FF FF FF FF FF FF
1787467932.970081,123,8,FF FF FF FF FF FF FF FF
1787467932.972117,123,8,FF FF FF FF FF FF FF FF
1787467932.974341,123,8,FF FF FF FF FF FF FF FF
1787467932.976154,123,8,FF FF FF FF FF FF FF FF
1787467932.977955,123,8,FF FF FF FF FF FF FF FF
1787467932.979630,123,8,FF FF FF FF FF FF FF FF
1787467932.981370,123,8,FF FF FF FF FF FF FF FF
1787467932.983219,123,8,FF FF FF FF FF FF FF FF
1787467932.987272,123,8,FF FF FF FF FF FF FF FF
1787467932.988519,123,8,FF FF FF FF FF FF FF FF
1787467932.996358,123,8,FF FF FF FF FF FF FF FF
1787467932.999678,123,8,FF FF FF FF FF FF FF FF
1787467933.002787,123,8,FF FF FF FF FF FF FF FF
1787467933.005745,123,8,FF FF FF FF FF FF FF FF
1787467933.009608,123,8,FF FF FF FF FF FF FF FF
1787467933.012887,123,8,FF FF FF FF FF FF FF FF
1787467933.016205,123,8,FF FF FF FF FF FF FF FF
1787467933.019522,123,8,FF FF FF FF FF FF FF FF
1787467933.023336,123,8,FF FF FF FF FF FF FF FF
1787467933.025329,123,8,FF FF FF FF FF FF FF FF
1787467933.027340,123,8,FF FF FF FF FF FF FF FF
1787467933.030473,123,8,FF FF FF FF FF FF FF FF
1787467933.032264,123,8,FF FF FF FF FF FF FF FF
1787467933.034981,123,8,FF FF FF FF FF FF FF FF
1787467933.037163,123,8,FF FF FF FF FF FF FF FF
1787467933.038872,123,8,FF FF FF FF FF FF FF FF
1787467933.040305,123,8,FF FF FF FF FF FF FF FF
1787467933.042460,123,8,FF FF FF FF FF FF FF FF
1787467933.044427,123,8,FF FF FF FF FF FF FF FF
1787467933.046015,123,8,FF FF FF FF FF FF FF FF
1787467933.047704,123,8,FF FF FF FF FF FF FF FF
1787467933.049507,123,8,FF FF FF FF FF FF FF FF
1787467933.051218,123,8,FF FF FF FF FF FF FF FF
1787467933.052900,123,8,FF FF FF FF FF FF FF FF
1787467933.054928,123,8,FF FF FF FF FF FF FF FF
1787467933.056718,123,8,FF FF FF FF FF FF FF FF
1787467933.058628,123,8,FF FF FF FF FF FF FF FF
1787467933.060289,123,8,FF FF FF FF FF FF FF FF
1787467933.062108,123,8,FF FF FF FF FF FF FF FF
1787467933.064140,123,8,FF FF FF FF FF FF FF FF
1787467933.066190,123,8,FF FF FF FF FF FF FF FF
1787467933.067959,123,8,FF FF FF FF FF FF FF FF
1787467933.069863,123,8,FF FF FF FF FF FF FF FF
1787467933.072656,123,8,FF FF FF FF FF FF FF FF
1787467933.074557,123,8,FF FF FF FF FF FF FF FF
1787467933.076721,123,8,FF FF FF FF FF FF FF FF
1787467933.079311,123,8,FF FF FF FF FF FF FF FF
1787467933.084079,123,8,FF FF FF FF FF FF FF FF
1787467933.086294,123,8,FF FF FF FF FF FF FF FF
1787467933.088308,123,8,FF FF FF FF FF FF FF FF
1787467933.090707,123,8,FF FF FF FF FF FF FF FF
1787467933.093489,123,8,FF FF FF FF FF FF FF FF
1787467933.096298,123,8,FF FF FF FF FF FF FF FF
1787467933.099374,123,8,FF FF FF FF FF FF FF FF
1787467933.101601,123,8,FF FF FF FF FF FF FF FF
1787467933.103854,123,8,FF FF FF FF FF FF FF FF
1787467933.106113,123,8,FF FF FF FF FF FF FF FF
1787467933.107904,123,8,FF FF FF FF FF FF FF FF
1787467933.109957,123,8,FF FF FF FF FF FF FF FF
1787467933.112490,123,8,FF FF FF FF FF FF FF FF
1787467933.114496,123,8,FF FF FF FF FF FF FF FF
1787467933.116905,123,8,FF FF FF FF FF FF FF FF
1787467933.123258,123,8,FF FF FF FF FF FF FF FF
1787467933.126903,123,8,FF FF FF FF FF FF FF FF
1787467933.132092,123,8,FF FF FF FF FF FF FF FF
1787467933.134511,123,8,FF FF FF FF FF FF FF FF
1787467933.136108,123,8,FF FF FF FF FF FF FF FF
1787467933.138592,123,8,FF FF FF FF FF FF FF FF
1787467933.140341,123,8,FF FF FF FF FF FF FF FF
1787467933.142105,123,8,FF FF FF FF FF FF FF FF
1787467933.143782,123,8,FF FF FF FF FF FF FF FF
1787467933.145463,123,8,FF FF FF FF FF FF FF FF
1787467933.147211,123,8,FF FF FF FF FF FF FF FF
1787467933.148842,123,8,FF FF FF FF FF FF FF FF
1787467933.150764,123,8,FF FF FF FF FF FF FF FF
1787467933.152325,123,8,FF FF FF FF FF FF FF FF
1787467933.154409,123,8,FF FF FF FF FF FF FF FF
1787467933.156129,123,8,FF FF FF FF FF FF FF FF
1787467933.157882,123,8,FF FF FF FF FF FF FF FF
1787467933.159639,123,8,FF FF FF FF FF FF FF FF
1787467933.161631,123,8,FF FF FF FF FF FF FF FF
1787467933.163331,123,8,FF FF FF FF FF FF FF FF
1787467933.165883,123,8,FF FF FF FF FF FF FF FF
1787467933.170387,123,8,FF FF FF FF FF FF FF FF
1787467933.174068,123,8,FF FF FF FF FF FF FF FF
1787467933.176886,123,8,FF FF FF FF FF FF FF FF
1787467933.180153,123,8,FF FF FF FF FF FF FF FF
1787467933.183748,123,8,FF FF FF FF FF FF FF FF
1787467933.187775,123,8,FF FF FF FF FF FF FF FF
1787467933.191301,123,8,FF FF FF FF FF FF FF FF
1787467933.194729,123,8,FF FF FF FF FF FF FF FF
1787467933.198177,123,8,FF FF FF FF FF FF FF FF
1787467933.201079,123,8,FF FF FF FF FF FF FF FF
1787467933.204034,123,8,FF FF FF FF FF FF FF FF
1787467933.206213,123,8,FF FF FF FF FF FF FF FF
1787467933.210544,123,8,FF FF FF FF FF FF FF FF
1787467933.212731,123,8,FF FF FF FF FF FF FF FF
1787467933.215576,123,8,FF FF FF FF FF FF FF FF
1787467933.217919,123,8,FF FF FF FF FF FF FF FF
1787467933.220516,123,8,FF FF FF FF FF FF FF FF
1787467933.222597,123,8,FF FF FF FF FF FF FF FF
1787467933.224245,123,8,FF FF FF FF FF FF FF FF
1787467933.226347,123,8,FF FF FF FF FF FF FF FF
1787467933.227962,123,8,FF FF FF FF FF FF FF FF
1787467933.229836,123,8,FF FF FF FF FF FF FF FF
1787467933.231446,123,8,FF FF FF FF FF FF FF FF
1787467933.233041,123,8,FF FF FF FF FF FF FF FF
1787467933.234916,123,8,FF FF FF FF FF FF FF FF
1787467933.236910,123,8,FF FF FF FF FF FF FF FF
1787467933.238981,123,8,FF FF FF FF FF FF FF FF
1787467933.240690,123,8,FF FF FF FF FF FF FF FF
1787467933.242429,123,8,FF FF FF FF FF FF FF FF
1787467933.244068,123,8,FF FF FF FF FF FF FF FF
1787467933.245861,123,8,FF FF FF FF FF FF FF FF
1787467933.247407,123,8,FF FF FF FF FF FF FF FF
1787467933.248984,123,8,FF FF FF FF FF FF FF FF
1787467933.250760,123,8,FF FF FF FF FF FF FF FF
1787467933.253132,123,8,FF FF FF FF FF FF FF FF
1787467933.255024,123,8,FF FF FF FF FF FF FF FF
1787467933.256952,123,8,FF FF FF FF FF FF FF FF
1787467933.259778,123,8,FF FF FF FF FF FF FF FF
1787467933.262387,123,8,FF FF FF FF FF FF FF FF
1787467933.264405,123,8,FF FF FF FF FF FF FF FF
1787467933.266353,123,8,FF FF FF FF FF FF FF FF
1787467933.268612,123,8,FF FF FF FF FF FF FF FF
1787467933.271426,123,8,FF FF FF FF FF FF FF FF
1787467933.273378,123,8,FF FF FF FF FF FF FF FF
1787467933.275215,123,8,FF FF FF FF FF FF FF FF
1787467933.277071,123,8,FF FF FF FF FF FF FF FF
1787467933.279413,123,8,FF FF FF FF FF FF FF FF
1787467933.281138,123,8,FF FF FF FF FF FF FF FF
1787467933.283251,123,8,FF FF FF FF FF FF FF FF
1787467933.285963,123,8,FF FF FF FF FF FF FF FF
1787467933.288326,123,8,FF FF FF FF FF FF FF FF
1787467933.290395,123,8,FF FF FF FF FF FF FF FF
1787467933.293057,123,8,FF FF FF FF FF FF FF FF
1787467933.297112,123,8,FF FF FF FF FF FF FF FF
1787467933.300759,123,8,FF FF FF FF FF FF FF FF
1787467933.303725,123,8,FF FF FF FF FF FF FF FF
1787467933.307611,123,8,FF FF FF FF FF FF FF FF
1787467933.310689,123,8,FF FF FF FF FF FF FF FF
1787467933.314095,123,8,FF FF FF FF FF FF FF FF
1787467933.317235,123,8,FF FF FF FF FF FF FF FF
1787467933.320676,123,8,FF FF FF FF FF FF FF FF
1787467933.323189,123,8,FF FF FF FF FF FF FF FF
1787467933.325390,123,8,FF FF FF FF FF FF FF FF
1787467933.327217,123,8,FF FF FF FF FF FF FF FF
1787467933.329706,123,8,FF FF FF FF FF FF FF FF
1787467933.331624,123,8,FF FF FF FF FF FF FF FF
1787467933.333563,123,8,FF FF FF FF FF FF FF FF
1787467933.335337,123,8,FF FF FF FF FF FF FF FF
1787467933.337694,123,8,FF FF FF FF FF FF FF FF
1787467933.339540,123,8,FF FF FF FF FF FF FF FF
1787467933.341623,123,8,FF FF FF FF FF FF FF FF
1787467933.344316,123,8,FF FF FF FF FF FF FF FF
1787467933.346686,123,8,FF FF FF FF FF FF FF FF
1787467933.350041,123,8,FF FF FF FF FF FF FF FF
1787467933.355902,123,8,FF FF FF FF FF FF FF FF
1787467933.358096,123,8,FF FF FF FF FF FF FF FF
1787467933.359594,123,8,FF FF FF FF FF FF FF FF
1787467933.361957,123,8,FF FF FF FF FF FF FF FF
1787467933.363863,123,8,FF FF FF FF FF FF FF FF
1787467933.365675,123,8,FF FF FF FF FF FF FF FF
1787467933.367727,123,8,FF FF FF FF FF FF FF FF
1787467933.370691,123,8,FF FF FF FF FF FF FF FF
1787467933.374525,123,8,FF FF FF FF FF FF FF FF
1787467933.380872,123,8,FF FF FF FF FF FF FF FF
1787467933.383770,123,8,FF FF FF FF FF FF FF FF
1787467933.390097,123,8,FF FF FF FF FF FF FF FF
1787467933.395042,123,8,FF FF FF FF FF FF FF FF
1787467933.399168,123,8,FF FF FF FF FF FF FF FF
1787467933.402547,123,8,FF FF FF FF FF FF FF FF
1787467933.408196,123,8,FF FF FF FF FF FF FF FF
1787467933.410863,123,8,FF FF FF FF FF FF FF FF
1787467933.415390,123,8,FF FF FF FF FF FF FF FF
1787467933.420140,123,8,FF FF FF FF FF FF FF FF
1787467933.424217,123,8,FF FF FF FF FF FF FF FF
1787467933.428406,123,8,FF FF FF FF FF FF FF FF
1787467933.433693,123,8,FF FF FF FF FF FF FF FF
1787467933.436190,123,8,FF FF FF FF FF FF FF FF
1787467933.441440,123,8,FF FF FF FF FF FF FF FF
1787467933.445487,123,8,FF FF FF FF FF FF FF FF
1787467933.450399,123,8,FF FF FF FF FF FF FF FF
1787467933.453552,123,8,FF FF FF FF FF FF FF FF
1787467933.456349,123,8,FF FF FF FF FF FF FF FF
1787467933.459086,123,8,FF FF FF FF FF FF FF FF
1787467933.462380,123,8,FF FF FF FF FF FF FF FF
1787467933.465506,123,8,FF FF FF FF FF FF FF FF
1787467933.468750,123,8,FF FF FF FF FF FF FF FF
1787467933.471717,123,8,FF FF FF FF FF FF FF FF
1787467933.473915,123,8,FF FF FF FF FF FF FF FF
1787467933.475734,123,8,FF FF FF FF FF FF FF FF
1787467933.477509,123,8,FF FF FF FF FF FF FF FF
1787467933.479356,123,8,FF FF FF FF FF FF FF FF
1787467933.481210,123,8,FF FF FF FF FF FF FF FF
1787467933.483021,123,8,FF FF FF FF FF FF FF FF
1787467933.485186,123,8,FF FF FF FF FF FF FF FF
1787467933.487334,123,8,FF FF FF FF FF FF FF FF
1787467933.490140,123,8,FF FF FF FF FF FF FF FF
1787467933.493106,123,8,FF FF FF FF FF FF FF FF
1787467933.495144,123,8,FF FF FF FF FF FF FF FF
1787467933.498155,123,8,FF FF FF FF FF FF FF FF
1787467933.500320,123,8,FF FF FF FF FF FF FF FF
1787467933.502435,123,8,FF FF FF FF FF FF FF FF
1787467933.504803,123,8,FF FF FF FF FF FF FF FF
1787467933.507108,123,8,FF FF FF FF FF FF FF FF
1787467933.509039,123,8,FF FF FF FF FF FF FF FF
1787467933.510958,123,8,FF FF FF FF FF FF FF FF
1787467933.512775,123,8,FF FF FF FF FF FF FF FF
1787467933.514696,123,8,FF FF FF FF FF FF FF FF
1787467933.516338,123,8,FF FF FF FF FF FF FF FF
1787467933.518227,123,8,FF FF FF FF FF FF FF FF
1787467933.519973,123,8,FF FF FF FF FF FF FF FF
1787467933.521809,123,8,FF FF FF FF FF FF FF FF
1787467933.523477,123,8,FF FF FF FF FF FF FF FF
1787467933.525250,123,8,FF FF FF FF FF FF FF FF
1787467933.526834,123,8,FF FF FF FF FF FF FF FF
1787467933.528448,123,8,FF FF FF FF FF FF FF FF
1787467933.530109,123,8,FF FF FF FF FF FF FF FF
1787467933.531718,123,8,FF FF FF FF FF FF FF FF
1787467933.533466,123,8,FF FF FF FF FF FF FF FF
1787467933.535257,123,8,FF FF FF FF FF FF FF FF
1787467933.537226,123,8,FF FF FF FF FF FF FF FF
1787467933.539882,123,8,FF FF FF FF FF FF FF FF
1787467933.542161,123,8,FF FF FF FF FF FF FF FF
1787467933.544274,123,8,FF FF FF FF FF FF FF FF
1787467933.546291,123,8,FF FF FF FF FF FF FF FF
1787467933.548529,123,8,FF FF FF FF FF FF FF FF
1787467933.550713,123,8,FF FF FF FF FF FF FF FF
1787467933.552675,123,8,FF FF FF FF FF FF FF FF
1787467933.554868,123,8,FF FF FF FF FF FF FF FF
1787467933.556991,123,8,FF FF FF FF FF FF FF FF
1787467933.558853,123,8,FF FF FF FF FF FF FF FF
1787467933.560824,123,8,FF FF FF FF FF FF FF FF
1787467933.563317,123,8,FF FF FF FF FF FF FF FF
1787467933.566579,123,8,FF FF FF FF FF FF FF FF
1787467933.570196,123,8,FF FF FF FF FF FF FF FF
1787467933.573263,123,8,FF FF FF FF FF FF FF FF
1787467933.576547,123,8,FF FF FF FF FF FF FF FF
1787467933.580179,123,8,FF FF FF FF FF FF FF FF
1787467933.584180,123,8,FF FF FF FF FF FF FF FF
1787467933.588327,123,8,FF FF FF FF FF FF FF FF
1787467933.591632,123,8,FF FF FF FF FF FF FF FF
1787467933.593770,123,8,FF FF FF FF FF FF FF FF
1787467933.597438,123,8,FF FF FF FF FF FF FF FF
1787467933.599311,123,8,FF FF FF FF FF FF FF FF
1787467933.601275,123,8,FF FF FF FF FF FF FF FF
1787467933.603326,123,8,FF FF FF FF FF FF FF FF
1787467933.605298,123,8,FF FF FF FF FF FF FF FF
1787467933.607129,123,8,FF FF FF FF FF FF FF FF
1787467933.608890,123,8,FF FF FF FF FF FF FF FF
1787467933.610733,123,8,FF FF FF FF FF FF FF FF
1787467933.612589,123,8,FF FF FF FF FF FF FF FF
1787467933.614466,123,8,FF FF FF FF FF FF FF FF
1787467933.616490,123,8,FF FF FF FF FF FF FF FF
1787467933.618704,123,8,FF FF FF FF FF FF FF FF
1787467933.620914,123,8,FF FF FF FF FF FF FF FF
1787467933.622749,123,8,FF FF FF FF FF FF FF FF
1787467933.624767,123,8,FF FF FF FF FF FF FF FF
1787467933.627004,123,8,FF FF FF FF FF FF FF FF
1787467933.629162,123,8,FF FF FF FF FF FF FF FF
1787467933.631702,123,8,FF FF FF FF FF FF FF FF
1787467933.635355,123,8,FF FF FF FF FF FF FF FF
1787467933.637921,123,8,FF FF FF FF FF FF FF FF
1787467933.639681,123,8,FF FF FF FF FF FF FF FF
1787467933.644745,123,8,FF FF FF FF FF FF FF FF
1787467933.644765,123,8,FF FF FF FF FF FF FF FF
1787467933.646581,123,8,FF FF FF FF FF FF FF FF
1787467933.648454,123,8,FF FF FF FF FF FF FF FF
1787467933.650764,123,8,FF FF FF FF FF FF FF FF
1787467933.653191,123,8,FF FF FF FF FF FF FF FF
1787467933.655694,123,8,FF FF FF FF FF FF FF FF
1787467933.658038,123,8,FF FF FF FF FF FF FF FF
1787467933.660504,123,8,FF FF FF FF FF FF FF FF
1787467933.662963,123,8,FF FF FF FF FF FF FF FF
1787467933.665371,123,8,FF FF FF FF FF FF FF FF
1787467933.667923,123,8,FF FF FF FF FF FF FF FF
1787467933.670670,123,8,FF FF FF FF FF FF FF FF
1787467933.673322,123,8,FF FF FF FF FF FF FF FF
1787467933.675685,123,8,FF FF FF FF FF FF FF FF
1787467933.678241,123,8,FF FF FF FF FF FF FF FF
1787467933.680985,123,8,FF FF FF FF FF FF FF FF
1787467933.691822,123,8,FF FF FF FF FF FF FF FF
1787467933.698822,123,8,FF FF FF FF FF FF FF FF
1787467933.701965,123,8,FF FF FF FF FF FF FF FF
1787467933.704527,123,8,FF FF FF FF FF FF FF FF
1787467933.707292,123,8,FF FF FF FF FF FF FF FF
1787467933.710573,123,8,FF FF FF FF FF FF FF FF
1787467933.713956,123,8,FF FF FF FF FF FF FF FF
1787467933.721647,123,8,FF FF FF FF FF FF FF FF
1787467933.724681,123,8,FF FF FF FF FF FF FF FF
1787467933.729041,123,8,FF FF FF FF FF FF FF FF
1787467933.732294,123,8,FF FF FF FF FF FF FF FF
1787467933.735634,123,8,FF FF FF FF FF FF FF FF
1787467933.739208,123,8,FF FF FF FF FF FF FF FF
1787467933.742604,123,8,FF FF FF FF FF FF FF FF
1787467933.745850,123,8,FF FF FF FF FF FF FF FF
1787467933.752473,123,8,FF FF FF FF FF FF FF FF
1787467933.754716,123,8,FF FF FF FF FF FF FF FF
1787467933.756799,123,8,FF FF FF FF FF FF FF FF
1787467933.758648,123,8,FF FF FF FF FF FF FF FF
1787467933.760726,123,8,FF FF FF FF FF FF FF FF
1787467933.762745,123,8,FF FF FF FF FF FF FF FF
1787467933.764740,123,8,FF FF FF FF FF FF FF FF
1787467933.766768,123,8,FF FF FF FF FF FF FF FF
1787467933.768911,123,8,FF FF FF FF FF FF FF FF
1787467933.770864,123,8,FF FF FF FF FF FF FF FF
1787467933.772742,123,8,FF FF FF FF FF FF FF FF
1787467933.774895,123,8,FF FF FF FF FF FF FF FF
1787467933.777125,123,8,FF FF FF FF FF FF FF FF
1787467933.779270,123,8,FF FF FF FF FF FF FF FF
1787467933.781500,123,8,FF FF FF FF FF FF FF FF
1787467933.784064,123,8,FF FF FF FF FF FF FF FF
1787467933.787000,123,8,FF FF FF FF FF FF FF FF
1787467933.790020,123,8,FF FF FF FF FF FF FF FF
1787467933.792487,123,8,FF FF FF FF FF FF FF FF
1787467933.798798,123,8,FF FF FF FF FF FF FF FF
1787467933.801167,123,8,FF FF FF FF FF FF FF FF
1787467933.803046,123,8,FF FF FF FF FF FF FF FF
1787467933.804931,123,8,FF FF FF FF FF FF FF FF
1787467933.806986,123,8,FF FF FF FF FF FF FF FF
1787467933.810652,123,8,FF FF FF FF FF FF FF FF
1787467933.812793,123,8,FF FF FF FF FF FF FF FF
1787467933.815096,123,8,FF FF FF FF FF FF FF FF
1787467933.818279,123,8,FF FF FF FF FF FF FF FF
1787467933.821639,123,8,FF FF FF FF FF FF FF FF
1787467933.824711,123,8,FF FF FF FF FF FF FF FF
1787467933.827662,123,8,FF FF FF FF FF FF FF FF
1787467933.831527,123,8,FF FF FF FF FF FF FF FF
1787467933.837719,123,8,FF FF FF FF FF FF FF FF
1787467933.840735,123,8,FF FF FF FF FF FF FF FF
1787467933.845305,123,8,FF FF FF FF FF FF FF FF
1787467933.851864,123,8,FF FF FF FF FF FF FF FF
1787467933.855805,123,8,FF FF FF FF FF FF FF FF
1787467933.859144,123,8,FF FF FF FF FF FF FF FF
1787467933.861997,123,8,FF FF FF FF FF FF FF FF
1787467933.865044,123,8,FF FF FF FF FF FF FF FF
1787467933.866960,123,8,FF FF FF FF FF FF FF FF
1787467933.868815,123,8,FF FF FF FF FF FF FF FF
1787467933.871845,123,8,FF FF FF FF FF FF FF FF
1787467933.873943,123,8,FF FF FF FF FF FF FF FF
1787467933.875650,123,8,FF FF FF FF FF FF FF FF
1787467933.877351,123,8,FF FF FF FF FF FF FF FF
1787467933.879919,123,8,FF FF FF FF FF FF FF FF
1787467933.882752,123,8,FF FF FF FF FF FF FF FF
1787467933.886103,123,8,FF FF FF FF FF FF FF FF
1787467933.888445,123,8,FF FF FF FF FF FF FF FF
1787467933.891366,123,8,FF FF FF FF FF FF FF FF
1787467933.893530,123,8,FF FF FF FF FF FF FF FF
1787467933.895303,123,8,FF FF FF FF FF FF FF FF
1787467933.897727,123,8,FF FF FF FF FF FF FF FF
1787467933.899979,123,8,FF FF FF FF FF FF FF FF
1787467933.902403,123,8,FF FF FF FF FF FF FF FF
1787467933.905347,123,8,FF FF FF FF FF FF FF FF
1787467933.907777,123,8,FF FF FF FF FF FF FF FF
1787467933.910147,123,8,FF FF FF FF FF FF FF FF
1787467933.912408,123,8,FF FF FF FF FF FF FF FF
1787467933.914930,123,8,FF FF FF FF FF FF FF FF
1787467933.917279,123,8,FF FF FF FF FF FF FF FF
1787467933.921211,123,8,FF FF FF FF FF FF FF FF
1787467933.924032,123,8,FF FF FF FF FF FF FF FF
1787467933.930785,123,8,FF FF FF FF FF FF FF FF
1787467933.934611,123,8,FF FF FF FF FF FF FF FF
1787467933.937442,123,8,FF FF FF FF FF FF FF FF
1787467933.940192,123,8,FF FF FF FF FF FF FF FF
1787467933.944088,123,8,FF FF FF FF FF FF FF FF
1787467933.946738,123,8,FF FF FF FF FF FF FF FF
1787467933.949291,123,8,FF FF FF FF FF FF FF FF
1787467933.951599,123,8,FF FF FF FF FF FF FF FF
1787467933.954949,123,8,FF FF FF FF FF FF FF FF
1787467933.956894,123,8,FF FF FF FF FF FF FF FF
1787467933.958970,123,8,FF FF FF FF FF FF FF FF
1787467933.961371,123,8,FF FF FF FF FF FF FF FF
1787467933.963541,123,8,FF FF FF FF FF FF FF FF
1787467933.965712,123,8,FF FF FF FF FF FF FF FF
1787467933.968031,123,8,FF FF FF FF FF FF FF FF
1787467933.970507,123,8,FF FF FF FF FF FF FF FF
1787467933.972676,123,8,FF FF FF FF FF FF FF FF
1787467933.975312,123,8,FF FF FF FF FF FF FF FF
1787467933.977891,123,8,FF FF FF FF FF FF FF FF
1787467933.980474,123,8,FF FF FF FF FF FF FF FF
1787467933.983590,123,8,FF FF FF FF FF FF FF FF
1787467933.987721,123,8,FF FF FF FF FF FF FF FF
1787467933.991063,123,8,FF FF FF FF FF FF FF FF
1787467933.994554,123,8,FF FF FF FF FF FF FF FF
1787467933.998505,123,8,FF FF FF FF FF FF FF FF
1787467934.002202,123,8,FF FF FF FF FF FF FF FF
1787467934.006244,123,8,FF FF FF FF FF FF FF FF
1787467934.010051,123,8,FF FF FF FF FF FF FF FF
1787467934.012401,123,8,FF FF FF FF FF FF FF FF
1787467934.014263,123,8,FF FF FF FF FF FF FF FF
1787467934.016783,123,8,FF FF FF FF FF FF FF FF
1787467934.019070,123,8,FF FF FF FF FF FF FF FF
1787467934.021644,123,8,FF FF FF FF FF FF FF FF
1787467934.024098,123,8,FF FF FF FF FF FF FF FF
1787467934.026459,123,8,FF FF FF FF FF FF FF FF
1787467934.028333,123,8,FF FF FF FF FF FF FF FF
1787467934.033556,123,8,FF FF FF FF FF FF FF FF
1787467934.035433,123,8,FF FF FF FF FF FF FF FF
1787467934.037789,123,8,FF FF FF FF FF FF FF FF
1787467934.039699,123,8,FF FF FF FF FF FF FF FF
1787467934.041721,123,8,FF FF FF FF FF FF FF FF
1787467934.043371,123,8,FF FF FF FF FF FF FF FF
1787467934.046333,123,8,FF FF FF FF FF FF FF FF
1787467934.048265,123,8,FF FF FF FF FF FF FF FF
1787467934.050405,123,8,FF FF FF FF FF FF FF FF
1787467934.053160,123,8,FF FF FF FF FF FF FF FF
1787467934.055642,123,8,FF FF FF FF FF FF FF FF
1787467934.058550,123,8,FF FF FF FF FF FF FF FF
1787467934.060862,123,8,FF FF FF FF FF FF FF FF
1787467934.062803,123,8,FF FF FF FF FF FF FF FF
1787467934.065286,123,8,FF FF FF FF FF FF FF FF
1787467934.067389,123,8,FF FF FF FF FF FF FF FF
1787467934.070518,123,8,FF FF FF FF FF FF FF FF
1787467934.073735,123,8,FF FF FF FF FF FF FF FF
1787467934.076639,123,8,FF FF FF FF FF FF FF FF
1787467934.082936,123,8,FF FF FF FF FF FF FF FF
1787467934.085156,123,8,FF FF FF FF FF FF FF FF
1787467934.088156,123,8,FF FF FF FF FF FF FF FF
1787467934.090369,123,8,FF FF FF FF FF FF FF FF
1787467934.092799,123,8,FF FF FF FF FF FF FF FF
1787467934.095378,123,8,FF FF FF FF FF FF FF FF
1787467934.098232,123,8,FF FF FF FF FF FF FF FF
1787467934.101560,123,8,FF FF FF FF FF FF FF FF
1787467934.105161,123,8,FF FF FF FF FF FF FF FF
1787467934.108332,123,8,FF FF FF FF FF FF FF FF
1787467934.111860,123,8,FF FF FF FF FF FF FF FF
1787467934.116840,123,8,FF FF FF FF FF FF FF FF
1787467934.120054,123,8,FF FF FF FF FF FF FF FF
1787467934.124047,123,8,FF FF FF FF FF FF FF FF
1787467934.129302,123,8,FF FF FF FF FF FF FF FF
1787467934.132787,123,8,FF FF FF FF FF FF FF FF
1787467934.135325,123,8,FF FF FF FF FF FF FF FF
1787467934.137577,123,8,FF FF FF FF FF FF FF FF
1787467934.139296,123,8,FF FF FF FF FF FF FF FF
1787467934.141977,123,8,FF FF FF FF FF FF FF FF
1787467934.144095,123,8,FF FF FF FF FF FF FF FF
1787467934.146111,123,8,FF FF FF FF FF FF FF FF
1787467934.148060,123,8,FF FF FF FF FF FF FF FF
1787467934.150618,123,8,FF FF FF FF FF FF FF FF
1787467934.152693,123,8,FF FF FF FF FF FF FF FF
1787467934.154808,123,8,FF FF FF FF FF FF FF FF
1787467934.157519,123,8,FF FF FF FF FF FF FF FF
1787467934.159692,123,8,FF FF FF FF FF FF FF FF
1787467934.162894,123,8,FF FF FF FF FF FF FF FF
1787467934.165839,123,8,FF FF FF FF FF FF FF FF
1787467934.168127,123,8,FF FF FF FF FF FF FF FF
1787467934.172176,123,8,FF FF FF FF FF FF FF FF
1787467934.174553,123,8,FF FF FF FF FF FF FF FF
1787467934.176833,123,8,FF FF FF FF FF FF FF FF
1787467934.180217,123,8,FF FF FF FF FF FF FF FF
1787467934.186046,123,8,FF FF FF FF FF FF FF FF
1787467934.189656,123,8,FF FF FF FF FF FF FF FF
1787467934.192900,123,8,FF FF FF FF FF FF FF FF
1787467934.194981,123,8,FF FF FF FF FF FF FF FF
1787467934.197175,123,8,FF FF FF FF FF FF FF FF
1787467934.199845,123,8,FF FF FF FF FF FF FF FF
1787467934.201897,123,8,FF FF FF FF FF FF FF FF
1787467934.207274,123,8,FF FF FF FF FF FF FF FF
1787467934.209721,123,8,FF FF FF FF FF FF FF FF
1787467934.212650,123,8,FF FF FF FF FF FF FF FF
1787467934.214906,123,8,FF FF FF FF FF FF FF FF
1787467934.216615,123,8,FF FF FF FF FF FF FF FF
1787467934.218665,123,8,FF FF FF FF FF FF FF FF
1787467934.221215,123,8,FF FF FF FF FF FF FF FF
1787467934.224271,123,8,FF FF FF FF FF FF FF FF
1787467934.227550,123,8,FF FF FF FF FF FF FF FF
1787467934.230810,123,8,FF FF FF FF FF FF FF FF
1787467934.234315,123,8,FF FF FF FF FF FF FF FF
1787467934.237132,123,8,FF FF FF FF FF FF FF FF
1787467934.240254,123,8,FF FF FF FF FF FF FF FF
1787467934.243606,123,8,FF FF FF FF FF FF FF FF
1787467934.247290,123,8,FF FF FF FF FF FF FF FF
1787467934.251588,123,8,FF FF FF FF FF FF FF FF
1787467934.254253,123,8,FF FF FF FF FF FF FF FF
1787467934.257291,123,8,FF FF FF FF FF FF FF FF
1787467934.263297,123,8,FF FF FF FF FF FF FF FF
1787467934.265271,123,8,FF FF FF FF FF FF FF FF
1787467934.267141,123,8,FF FF FF FF FF FF FF FF
1787467934.269294,123,8,FF FF FF FF FF FF FF FF
1787467934.271123,123,8,FF FF FF FF FF FF FF FF
1787467934.272721,123,8,FF FF FF FF FF FF FF FF
1787467934.274874,123,8,FF FF FF FF FF FF FF FF
1787467934.276722,123,8,FF FF FF FF FF FF FF FF
1787467934.278921,123,8,FF FF FF FF FF FF FF FF
1787467934.280801,123,8,FF FF FF FF FF FF FF FF
1787467934.283201,123,8,FF FF FF FF FF FF FF FF
1787467934.284927,123,8,FF FF FF FF FF FF FF FF
1787467934.287695,123,8,FF FF FF FF FF FF FF FF
1787467934.290231,123,8,FF FF FF FF FF FF FF FF
1787467934.292147,123,8,FF FF FF FF FF FF FF FF
1787467934.298021,123,8,FF FF FF FF FF FF FF FF
1787467934.300129,123,8,FF FF FF FF FF FF FF FF
1787467934.303838,123,8,FF FF FF FF FF FF FF FF
1787467934.306895,123,8,FF FF FF FF FF FF FF FF
1787467934.309857,123,8,FF FF FF FF FF FF FF FF
1787467934.312516,123,8,FF FF FF FF FF FF FF FF
1787467934.315094,123,8,FF FF FF FF FF FF FF FF
1787467934.317869,123,8,FF FF FF FF FF FF FF FF
1787467934.320543,123,8,FF FF FF FF FF FF FF FF
1787467934.323494,123,8,FF FF FF FF FF FF FF FF
1787467934.325614,123,8,FF FF FF FF FF FF FF FF
1787467934.327189,123,8,FF FF FF FF FF FF FF FF
1787467934.329592,123,8,FF FF FF FF FF FF FF FF
1787467934.331585,123,8,FF FF FF FF FF FF FF FF
1787467934.333651,123,8,FF FF FF FF FF FF FF FF
1787467934.335609,123,8,FF FF FF FF FF FF FF FF
1787467934.338874,123,8,FF FF FF FF FF FF FF FF
1787467934.340557,123,8,FF FF FF FF FF FF FF FF
1787467934.342553,123,8,FF FF FF FF FF FF FF FF
1787467934.349314,123,8,FF FF FF FF FF FF FF FF
1787467934.353165,123,8,FF FF FF FF FF FF FF FF
1787467934.355755,123,8,FF FF FF FF FF FF FF FF
1787467934.357826,123,8,FF FF FF FF FF FF FF FF
1787467934.359790,123,8,FF FF FF FF FF FF FF FF
1787467934.362216,123,8,FF FF FF FF FF FF FF FF
1787467934.364702,123,8,FF FF FF FF FF FF FF FF
1787467934.366710,123,8,FF FF FF FF FF FF FF FF
1787467934.368585,123,8,FF FF FF FF FF FF FF FF
1787467934.371946,123,8,FF FF FF FF FF FF FF FF
1787467934.383070,123,8,FF FF FF FF FF FF FF FF
1787467934.387392,123,8,FF FF FF FF FF FF FF FF
1787467934.390531,123,8,FF FF FF FF FF FF FF FF
1787467934.394810,123,8,FF FF FF FF FF FF FF FF
1787467934.397774,123,8,FF FF FF FF FF FF FF FF
1787467934.400731,123,8,FF FF FF FF FF FF FF FF
1787467934.403704,123,8,FF FF FF FF FF FF FF FF
1787467934.406226,123,8,FF FF FF FF FF FF FF FF
1787467934.408658,123,8,FF FF FF FF FF FF FF FF
1787467934.411313,123,8,FF FF FF FF FF FF FF FF
1787467934.413639,123,8,FF FF FF FF FF FF FF FF
1787467934.415563,123,8,FF FF FF FF FF FF FF FF
1787467934.417527,123,8,FF FF FF FF FF FF FF FF
1787467934.419281,123,8,FF FF FF FF FF FF FF FF
1787467934.422168,123,8,FF FF FF FF FF FF FF FF
1787467934.423810,123,8,FF FF FF FF FF FF FF FF
1787467934.425688,123,8,FF FF FF FF FF FF FF FF
1787467934.427667,123,8,FF FF FF FF FF FF FF FF
1787467934.430196,123,8,FF FF FF FF FF FF FF FF
1787467934.432149,123,8,FF FF FF FF FF FF FF FF
1787467934.434744,123,8,FF FF FF FF FF FF FF FF
1787467934.437489,123,8,FF FF FF FF FF FF FF FF
1787467934.439678,123,8,FF FF FF FF FF FF FF FF
1787467934.442231,123,8,FF FF FF FF FF FF FF FF
1787467934.445079,123,8,FF FF FF FF FF FF FF FF
1787467934.447825,123,8,FF FF FF FF FF FF FF FF
1787467934.450649,123,8,FF FF FF FF FF FF FF FF
1787467934.453690,123,8,FF FF FF FF FF FF FF FF
1787467934.456887,123,8,FF FF FF FF FF FF FF FF
1787467934.458850,123,8,FF FF FF FF FF FF FF FF
1787467934.460642,123,8,FF FF FF FF FF FF FF FF
1787467934.462565,123,8,FF FF FF FF FF FF FF FF
1787467934.464856,123,8,FF FF FF FF FF FF FF FF
1787467934.467099,123,8,FF FF FF FF FF FF FF FF
1787467934.468933,123,8,FF FF FF FF FF FF FF FF
1787467934.471334,123,8,FF FF FF FF FF FF FF FF
1787467934.473268,123,8,FF FF FF FF FF FF FF FF
1787467934.475059,123,8,FF FF FF FF FF FF FF FF
1787467934.477703,123,8,FF FF FF FF FF FF FF FF
1787467934.479868,123,8,FF FF FF FF FF FF FF FF
1787467934.482372,123,8,FF FF FF FF FF FF FF FF
1787467934.485095,123,8,FF FF FF FF FF FF FF FF
1787467934.488218,123,8,FF FF FF FF FF FF FF FF
1787467934.490987,123,8,FF FF FF FF FF FF FF FF
1787467934.494117,123,8,FF FF FF FF FF FF FF FF
1787467934.497529,123,8,FF FF FF FF FF FF FF FF
1787467934.498413,123,8,FF FF FF FF FF FF FF FF
1787467934.500423,123,8,FF FF FF FF FF FF FF FF
1787467934.502576,123,8,FF FF FF FF FF FF FF FF
1787467934.504460,123,8,FF FF FF FF FF FF FF FF
1787467934.507051,123,8,FF FF FF FF FF FF FF FF
1787467934.509105,123,8,FF FF FF FF FF FF FF FF
1787467934.510706,123,8,FF FF FF FF FF FF FF FF
1787467934.512875,123,8,FF FF FF FF FF FF FF FF
1787467934.515245,123,8,FF FF FF FF FF FF FF FF
1787467934.517773,123,8,FF FF FF FF FF FF FF FF
1787467934.520427,123,8,FF FF FF FF FF FF FF FF
1787467934.523184,123,8,FF FF FF FF FF FF FF FF
1787467934.526775,123,8,FF FF FF FF FF FF FF FF
1787467934.530109,123,8,FF FF FF FF FF FF FF FF
1787467934.534938,123,8,FF FF FF FF FF FF FF FF
1787467934.537206,123,8,FF FF FF FF FF FF FF FF
1787467934.545184,123,8,FF FF FF FF FF FF FF FF
1787467934.545218,123,8,FF FF FF FF FF FF FF FF
1787467934.545223,123,8,FF FF FF FF FF FF FF FF
1787467934.548549,123,8,FF FF FF FF FF FF FF FF
1787467934.551544,123,8,FF FF FF FF FF FF FF FF
1787467934.554559,123,8,FF FF FF FF FF FF FF FF
1787467934.556553,123,8,FF FF FF FF FF FF FF FF
1787467934.558713,123,8,FF FF FF FF FF FF FF FF
1787467934.561889,123,8,FF FF FF FF FF FF FF FF
1787467934.563933,123,8,FF FF FF FF FF FF FF FF
1787467934.566284,123,8,FF FF FF FF FF FF FF FF
1787467934.568223,123,8,FF FF FF FF FF FF FF FF
1787467934.570949,123,8,FF FF FF FF FF FF FF FF
1787467934.573413,123,8,FF FF FF FF FF FF FF FF
1787467934.575614,123,8,FF FF FF FF FF FF FF FF
1787467934.578021,123,8,FF FF FF FF FF FF FF FF
1787467934.583474,123,8,FF FF FF FF FF FF FF FF
1787467934.585928,123,8,FF FF FF FF FF FF FF FF
1787467934.588658,123,8,FF FF FF FF FF FF FF FF
1787467934.591501,123,8,FF FF FF FF FF FF FF FF
1787467934.593767,123,8,FF FF FF FF FF FF FF FF
1787467934.596008,123,8,FF FF FF FF FF FF FF FF
1787467934.598076,123,8,FF FF FF FF FF FF FF FF
1787467934.599769,123,8,FF FF FF FF FF FF FF FF
1787467934.602395,123,8,FF FF FF FF FF FF FF FF
1787467934.604263,123,8,FF FF FF FF FF FF FF FF
1787467934.606400,123,8,FF FF FF FF FF FF FF FF
1787467934.608449,123,8,FF FF FF FF FF FF FF FF
1787467934.610471,123,8,FF FF FF FF FF FF FF FF
1787467934.612378,123,8,FF FF FF FF FF FF FF FF
1787467934.615180,123,8,FF FF FF FF FF FF FF FF
1787467934.617619,123,8,FF FF FF FF FF FF FF FF
1787467934.619717,123,8,FF FF FF FF FF FF FF FF
1787467934.621933,123,8,FF FF FF FF FF FF FF FF
1787467934.623971,123,8,FF FF FF FF FF FF FF FF
1787467934.626185,123,8,FF FF FF FF FF FF FF FF
1787467934.630670,123,8,FF FF FF FF FF FF FF FF
1787467934.632606,123,8,FF FF FF FF FF FF FF FF
1787467934.634646,123,8,FF FF FF FF FF FF FF FF
1787467934.641108,123,8,FF FF FF FF FF FF FF FF
1787467934.644924,123,8,FF FF FF FF FF FF FF FF
1787467934.649698,123,8,FF FF FF FF FF FF FF FF
1787467934.652285,123,8,FF FF FF FF FF FF FF FF
1787467934.655693,123,8,FF FF FF FF FF FF FF FF
1787467934.658267,123,8,FF FF FF FF FF FF FF FF
1787467934.660861,123,8,FF FF FF FF FF FF FF FF
1787467934.664367,123,8,FF FF FF FF FF FF FF FF
1787467934.668320,123,8,FF FF FF FF FF FF FF FF
1787467934.671602,123,8,FF FF FF FF FF FF FF FF
1787467934.673733,123,8,FF FF FF FF FF FF FF FF
1787467934.675570,123,8,FF FF FF FF FF FF FF FF
1787467934.677211,123,8,FF FF FF FF FF FF FF FF
1787467934.680997,123,8,FF FF FF FF FF FF FF FF
1787467934.684240,123,8,FF FF FF FF FF FF FF FF
1787467934.686514,123,8,FF FF FF FF FF FF FF FF
1787467934.690905,123,8,FF FF FF FF FF FF FF FF
1787467934.700740,123,8,FF FF FF FF FF FF FF FF
1787467934.706219,123,8,FF FF FF FF FF FF FF FF
1787467934.709592,123,8,FF FF FF FF FF FF FF FF
1787467934.712351,123,8,FF FF FF FF FF FF FF FF
1787467934.715740,123,8,FF FF FF FF FF FF FF FF
1787467934.718673,123,8,FF FF FF FF FF FF FF FF
1787467934.721186,123,8,FF FF FF FF FF FF FF FF
1787467934.723987,123,8,FF FF FF FF FF FF FF FF
1787467934.726549,123,8,FF FF FF FF FF FF FF FF
1787467934.731641,123,8,FF FF FF FF FF FF FF FF
1787467934.734032,123,8,FF FF FF FF FF FF FF FF
1787467934.736923,123,8,FF FF FF FF FF FF FF FF
1787467934.739758,123,8,FF FF FF FF FF FF FF FF
1787467934.742599,123,8,FF FF FF FF FF FF FF FF
1787467934.744858,123,8,FF FF FF FF FF FF FF FF
1787467934.746893,123,8,FF FF FF FF FF FF FF FF
1787467934.748837,123,8,FF FF FF FF FF FF FF FF
1787467934.750715,123,8,FF FF FF FF FF FF FF FF
1787467934.752792,123,8,FF FF FF FF FF FF FF FF
1787467934.754955,123,8,FF FF FF FF FF FF FF FF
1787467934.756918,123,8,FF FF FF FF FF FF FF FF
1787467934.759175,123,8,FF FF FF FF FF FF FF FF
1787467934.761205,123,8,FF FF FF FF FF FF FF FF
1787467934.764359,123,8,FF FF FF FF FF FF FF FF
1787467934.767596,123,8,FF FF FF FF FF FF FF FF
1787467934.770898,123,8,FF FF FF FF FF FF FF FF
1787467934.774228,123,8,FF FF FF FF FF FF FF FF
1787467934.781839,123,8,FF FF FF FF FF FF FF FF
1787467934.786306,123,8,FF FF FF FF FF FF FF FF
1787467934.789700,123,8,FF FF FF FF FF FF FF FF
1787467934.793318,123,8,FF FF FF FF FF FF FF FF
1787467934.795471,123,8,FF FF FF FF FF FF FF FF
1787467934.798012,123,8,FF FF FF FF FF FF FF FF
1787467934.800076,123,8,FF FF FF FF FF FF FF FF
1787467934.802438,123,8,FF FF FF FF FF FF FF FF
1787467934.805461,123,8,FF FF FF FF FF FF FF FF
1787467934.807352,123,8,FF FF FF FF FF FF FF FF
1787467934.809190,123,8,FF FF FF FF FF FF FF FF
1787467934.811398,123,8,FF FF FF FF FF FF FF FF
1787467934.813689,123,8,FF FF FF FF FF FF FF FF
1787467934.815378,123,8,FF FF FF FF FF FF FF FF
1787467934.817400,123,8,FF FF FF FF FF FF FF FF
1787467934.819926,123,8,FF FF FF FF FF FF FF FF
1787467934.822384,123,8,FF FF FF FF FF FF FF FF
1787467934.829169,123,8,FF FF FF FF FF FF FF FF
1787467934.831818,123,8,FF FF FF FF FF FF FF FF
1787467934.834991,123,8,FF FF FF FF FF FF FF FF
1787467934.842331,123,8,FF FF FF FF FF FF FF FF
1787467934.844894,123,8,FF FF FF FF FF FF FF FF
1787467934.847331,123,8,FF FF FF FF FF FF FF FF
1787467934.850092,123,8,FF FF FF FF FF FF FF FF
1787467934.852390,123,8,FF FF FF FF FF FF FF FF
1787467934.854988,123,8,FF FF FF FF FF FF FF FF
1787467934.856912,123,8,FF FF FF FF FF FF FF FF
1787467934.859513,123,8,FF FF FF FF FF FF FF FF
1787467934.862598,123,8,FF FF FF FF FF FF FF FF
1787467934.864892,123,8,FF FF FF FF FF FF FF FF
1787467934.867751,123,8,FF FF FF FF FF FF FF FF
1787467934.877845,123,8,FF FF FF FF FF FF FF FF
1787467934.881348,123,8,FF FF FF FF FF FF FF FF
1787467934.884391,123,8,FF FF FF FF FF FF FF FF
1787467934.887986,123,8,FF FF FF FF FF FF FF FF
1787467934.890652,123,8,FF FF FF FF FF FF FF FF
1787467934.894683,123,8,FF FF FF FF FF FF FF FF
1787467934.897979,123,8,FF FF FF FF FF FF FF FF
1787467934.900878,123,8,FF FF FF FF FF FF FF FF
1787467934.903974,123,8,FF FF FF FF FF FF FF FF
1787467934.906995,123,8,FF FF FF FF FF FF FF FF
1787467934.910161,123,8,FF FF FF FF FF FF FF FF
1787467934.914676,123,8,FF FF FF FF FF FF FF FF
1787467934.918266,123,8,FF FF FF FF FF FF FF FF
1787467934.921437,123,8,FF FF FF FF FF FF FF FF
1787467934.924268,123,8,FF FF FF FF FF FF FF FF
1787467934.927425,123,8,FF FF FF FF FF FF FF FF
1787467934.931520,123,8,FF FF FF FF FF FF FF FF
1787467934.935722,123,8,FF FF FF FF FF FF FF FF
1787467934.944719,123,8,FF FF FF FF FF FF FF FF
1787467934.944750,123,8,FF FF FF FF FF FF FF FF
1787467934.946057,123,8,FF FF FF FF FF FF FF FF
1787467934.948061,123,8,FF FF FF FF FF FF FF FF
1787467934.950121,123,8,FF FF FF FF FF FF FF FF
1787467934.952293,123,8,FF FF FF FF FF FF FF FF
1787467934.954305,123,8,FF FF FF FF FF FF FF FF
1787467934.956213,123,8,FF FF FF FF FF FF FF FF
1787467934.958230,123,8,FF FF FF FF FF FF FF FF
1787467934.960222,123,8,FF FF FF FF FF FF FF FF
1787467934.962273,123,8,FF FF FF FF FF FF FF FF
1787467934.964400,123,8,FF FF FF FF FF FF FF FF
1787467934.966281,123,8,FF FF FF FF FF FF FF FF
1787467934.968924,123,8,FF FF FF FF FF FF FF FF
1787467934.970993,123,8,FF FF FF FF FF FF FF FF
1787467934.973612,123,8,FF FF FF FF FF FF FF FF
1787467934.975821,123,8,FF FF FF FF FF FF FF FF
1787467934.978734,123,8,FF FF FF FF FF FF FF FF
1787467934.981081,123,8,FF FF FF FF FF FF FF FF
1787467934.983083,123,8,FF FF FF FF FF FF FF FF
1787467934.985617,123,8,FF FF FF FF FF FF FF FF
1787467934.987523,123,8,FF FF FF FF FF FF FF FF
1787467934.989506,123,8,FF FF FF FF FF FF FF FF
1787467934.991458,123,8,FF FF FF FF FF FF FF FF
1787467934.993536,123,8,FF FF FF FF FF FF FF FF
1787467934.995545,123,8,FF FF FF FF FF FF FF FF
1787467934.997664,123,8,FF FF FF FF FF FF FF FF
1787467934.999440,123,8,FF FF FF FF FF FF FF FF
1787467935.001558,123,8,FF FF FF FF FF FF FF FF
1787467935.003612,123,8,FF FF FF FF FF FF FF FF
1787467935.006096,123,8,FF FF FF FF FF FF FF FF
1787467935.007961,123,8,FF FF FF FF FF FF FF FF
1787467935.009889,123,8,FF FF FF FF FF FF FF FF
1787467935.012524,123,8,FF FF FF FF FF FF FF FF
1787467935.017275,123,8,FF FF FF FF FF FF FF FF
1787467935.020360,123,8,FF FF FF FF FF FF FF FF
1787467935.023209,123,8,FF FF FF FF FF FF FF FF
1787467935.026996,123,8,FF FF FF FF FF FF FF FF
1787467935.029287,123,8,FF FF FF FF FF FF FF FF
1787467935.031078,123,8,FF FF FF FF FF FF FF FF
1787467935.033783,123,8,FF FF FF FF FF FF FF FF
1787467935.036979,123,8,FF FF FF FF FF FF FF FF
1787467935.040351,123,8,FF FF FF FF FF FF FF FF
1787467935.043482,123,8,FF FF FF FF FF FF FF FF
1787467935.046663,123,8,FF FF FF FF FF FF FF FF
1787467935.049686,123,8,FF FF FF FF FF FF FF FF
1787467935.052658,123,8,FF FF FF FF FF FF FF FF
1787467935.055490,123,8,FF FF FF FF FF FF FF FF
1787467935.058573,123,8,FF FF FF FF FF FF FF FF
1787467935.062529,123,8,FF FF FF FF FF FF FF FF
1787467935.064296,123,8,FF FF FF FF FF FF FF FF
1787467935.067342,123,8,FF FF FF FF FF FF FF FF
1787467935.069644,123,8,FF FF FF FF FF FF FF FF
1787467935.071716,123,8,FF FF FF FF FF FF FF FF
1787467935.074070,123,8,FF FF FF FF FF FF FF FF
1787467935.076009,123,8,FF FF FF FF FF FF FF FF
1787467935.077942,123,8,FF FF FF FF FF FF FF FF
1787467935.079723,123,8,FF FF FF FF FF FF FF FF
1787467935.084280,123,8,FF FF FF FF FF FF FF FF
1787467935.087519,123,8,FF FF FF FF FF FF FF FF
1787467935.090234,123,8,FF FF FF FF FF FF FF FF
1787467935.092257,123,8,FF FF FF FF FF FF FF FF
1787467935.098966,123,8,FF FF FF FF FF FF FF FF
1787467935.103797,123,8,FF FF FF FF FF FF FF FF
1787467935.107211,123,8,FF FF FF FF FF FF FF FF
1787467935.109456,123,8,FF FF FF FF FF FF FF FF
1787467935.111369,123,8,FF FF FF FF FF FF FF FF
1787467935.114816,123,8,FF FF FF FF FF FF FF FF
1787467935.117365,123,8,FF FF FF FF FF FF FF FF
1787467935.119999,123,8,FF FF FF FF FF FF FF FF
1787467935.122950,123,8,FF FF FF FF FF FF FF FF
1787467935.126747,123,8,FF FF FF FF FF FF FF FF
1787467935.127837,123,8,FF FF FF FF FF FF FF FF
1787467935.135036,123,8,FF FF FF FF FF FF FF FF
1787467935.139544,123,8,FF FF FF FF FF FF FF FF
1787467935.146812,123,8,FF FF FF FF FF FF FF FF
1787467935.154878,123,8,FF FF FF FF FF FF FF FF
1787467935.157488,123,8,FF FF FF FF FF FF FF FF
1787467935.160086,123,8,FF FF FF FF FF FF FF FF
1787467935.167152,123,8,FF FF FF FF FF FF FF FF
1787467935.169851,123,8,FF FF FF FF FF FF FF FF
1787467935.172076,123,8,FF FF FF FF FF FF FF FF
1787467935.174717,123,8,FF FF FF FF FF FF FF FF
1787467935.177029,123,8,FF FF FF FF FF FF FF FF
1787467935.179466,123,8,FF FF FF FF FF FF FF FF
1787467935.181731,123,8,FF FF FF FF FF FF FF FF
1787467935.186332,123,8,FF FF FF FF FF FF FF FF
1787467935.189597,123,8,FF FF FF FF FF FF FF FF
1787467935.193110,123,8,FF FF FF FF FF FF FF FF
1787467935.196417,123,8,FF FF FF FF FF FF FF FF
1787467935.207788,123,8,FF FF FF FF FF FF FF FF
1787467935.213001,123,8,FF FF FF FF FF FF FF FF
1787467935.214079,123,8,FF FF FF FF FF FF FF FF
1787467935.216230,123,8,FF FF FF FF FF FF FF FF
1787467935.218626,123,8,FF FF FF FF FF FF FF FF
1787467935.220790,123,8,FF FF FF FF FF FF FF FF
1787467935.222815,123,8,FF FF FF FF FF FF FF FF
1787467935.224532,123,8,FF FF FF FF FF FF FF FF
1787467935.226709,123,8,FF FF FF FF FF FF FF FF
1787467935.228650,123,8,FF FF FF FF FF FF FF FF
1787467935.231015,123,8,FF FF FF FF FF FF FF FF
1787467935.233041,123,8,FF FF FF FF FF FF FF FF
1787467935.235739,123,8,FF FF FF FF FF FF FF FF
1787467935.237942,123,8,FF FF FF FF FF FF FF FF
1787467935.240128,123,8,FF FF FF FF FF FF FF FF
1787467935.242472,123,8,FF FF FF FF FF FF FF FF
1787467935.244534,123,8,FF FF FF FF FF FF FF FF
1787467935.246995,123,8,FF FF FF FF FF FF FF FF
1787467935.249199,123,8,FF FF FF FF FF FF FF FF
1787467935.255007,123,8,FF FF FF FF FF FF FF FF
1787467935.256460,123,8,FF FF FF FF FF FF FF FF
1787467935.260075,123,8,FF FF FF FF FF FF FF FF
1787467935.264211,123,8,FF FF FF FF FF FF FF FF
1787467935.267093,123,8,FF FF FF FF FF FF FF FF
1787467935.269706,123,8,FF FF FF FF FF FF FF FF
1787467935.272267,123,8,FF FF FF FF FF FF FF FF
1787467935.274956,123,8,FF FF FF FF FF FF FF FF
1787467935.277403,123,8,FF FF FF FF FF FF FF FF
1787467935.279987,123,8,FF FF FF FF FF FF FF FF
1787467935.282528,123,8,FF FF FF FF FF FF FF FF
1787467935.284934,123,8,FF FF FF FF FF FF FF FF
1787467935.287333,123,8,FF FF FF FF FF FF FF FF
1787467935.289943,123,8,FF FF FF FF FF FF FF FF
1787467935.292824,123,8,FF FF FF FF FF FF FF FF
1787467935.295490,123,8,FF FF FF FF FF FF FF FF
1787467935.299189,123,8,FF FF FF FF FF FF FF FF
1787467935.302569,123,8,FF FF FF FF FF FF FF FF
1787467935.307226,123,8,FF FF FF FF FF FF FF FF
1787467935.311173,123,8,FF FF FF FF FF FF FF FF
1787467935.315940,123,8,FF FF FF FF FF FF FF FF
1787467935.319142,123,8,FF FF FF FF FF FF FF FF
1787467935.322968,123,8,FF FF FF FF FF FF FF FF
1787467935.326525,123,8,FF FF FF FF FF FF FF FF
1787467935.329706,123,8,FF FF FF FF FF FF FF FF
1787467935.332387,123,8,FF FF FF FF FF FF FF FF
1787467935.335014,123,8,FF FF FF FF FF FF FF FF
1787467935.337061,123,8,FF FF FF FF FF FF FF FF
1787467935.339094,123,8,FF FF FF FF FF FF FF FF
1787467935.341524,123,8,FF FF FF FF FF FF FF FF
1787467935.343333,123,8,FF FF FF FF FF FF FF FF
1787467935.345155,123,8,FF FF FF FF FF FF FF FF
1787467935.350445,123,8,FF FF FF FF FF FF FF FF
1787467935.353186,123,8,FF FF FF FF FF FF FF FF
1787467935.355960,123,8,FF FF FF FF FF FF FF FF
1787467935.360419,123,8,FF FF FF FF FF FF FF FF
1787467935.362616,123,8,FF FF FF FF FF FF FF FF
1787467935.364845,123,8,FF FF FF FF FF FF FF FF
1787467935.367891,123,8,FF FF FF FF FF FF FF FF
1787467935.370469,123,8,FF FF FF FF FF FF FF FF
1787467935.372350,123,8,FF FF FF FF FF FF FF FF
1787467935.374328,123,8,FF FF FF FF FF FF FF FF
1787467935.376328,123,8,FF FF FF FF FF FF FF FF
1787467935.378296,123,8,FF FF FF FF FF FF FF FF
1787467935.380263,123,8,FF FF FF FF FF FF FF FF
1787467935.382732,123,8,FF FF FF FF FF FF FF FF
1787467935.384806,123,8,FF FF FF FF FF FF FF FF
1787467935.387175,123,8,FF FF FF FF FF FF FF FF
1787467935.389881,123,8,FF FF FF FF FF FF FF FF
1787467935.391987,123,8,FF FF FF FF FF FF FF FF
1787467935.393923,123,8,FF FF FF FF FF FF FF FF
1787467935.396421,123,8,FF FF FF FF FF FF FF FF
1787467935.398374,123,8,FF FF FF FF FF FF FF FF
1787467935.401505,123,8,FF FF FF FF FF FF FF FF
1787467935.403866,123,8,FF FF FF FF FF FF FF FF
1787467935.406611,123,8,FF FF FF FF FF FF FF FF
1787467935.409610,123,8,FF FF FF FF FF FF FF FF
1787467935.411500,123,8,FF FF FF FF FF FF FF FF
1787467935.413588,123,8,FF FF FF FF FF FF FF FF
1787467935.415795,123,8,FF FF FF FF FF FF FF FF
1787467935.418276,123,8,FF FF FF FF FF FF FF FF
1787467935.420292,123,8,FF FF FF FF FF FF FF FF
1787467935.422942,123,8,FF FF FF FF FF FF FF FF
1787467935.426365,123,8,FF FF FF FF FF FF FF FF
1787467935.429871,123,8,FF FF FF FF FF FF FF FF
1787467935.435338,123,8,FF FF FF FF FF FF FF FF
1787467935.438897,123,8,FF FF FF FF FF FF FF FF
1787467935.443302,123,8,FF FF FF FF FF FF FF FF
1787467935.450560,123,8,FF FF FF FF FF FF FF FF
1787467935.454700,123,8,FF FF FF FF FF FF FF FF
1787467935.457124,123,8,FF FF FF FF FF FF FF FF
1787467935.459667,123,8,FF FF FF FF FF FF FF FF
1787467935.462219,123,8,FF FF FF FF FF FF FF FF
1787467935.464117,123,8,FF FF FF FF FF FF FF FF
1787467935.466318,123,8,FF FF FF FF FF FF FF FF
1787467935.468713,123,8,FF FF FF FF FF FF FF FF
1787467935.471150,123,8,FF FF FF FF FF FF FF FF
1787467935.473146,123,8,FF FF FF FF FF FF FF FF
1787467935.475161,123,8,FF FF FF FF FF FF FF FF
1787467935.477784,123,8,FF FF FF FF FF FF FF FF
1787467935.479806,123,8,FF FF FF FF FF FF FF FF
1787467935.482042,123,8,FF FF FF FF FF FF FF FF
1787467935.484199,123,8,FF FF FF FF FF FF FF FF
1787467935.486665,123,8,FF FF FF FF FF FF FF FF
1787467935.488538,123,8,FF FF FF FF FF FF FF FF
1787467935.490628,123,8,FF FF FF FF FF FF FF FF
1787467935.493688,123,8,FF FF FF FF FF FF FF FF
1787467935.497617,123,8,FF FF FF FF FF FF FF FF
1787467935.500369,123,8,FF FF FF FF FF FF FF FF
1787467935.504093,123,8,FF FF FF FF FF FF FF FF
1787467935.506225,123,8,FF FF FF FF FF FF FF FF
1787467935.508129,123,8,FF FF FF FF FF FF FF FF
1787467935.510360,123,8,FF FF FF FF FF FF FF FF
1787467935.512210,123,8,FF FF FF FF FF FF FF FF
1787467935.514139,123,8,FF FF FF FF FF FF FF FF
1787467935.516316,123,8,FF FF FF FF FF FF FF FF
1787467935.518531,123,8,FF FF FF FF FF FF FF FF
1787467935.521056,123,8,FF FF FF FF FF FF FF FF
1787467935.523092,123,8,FF FF FF FF FF FF FF FF
1787467935.525531,123,8,FF FF FF FF FF FF FF FF
1787467935.527934,123,8,FF FF FF FF FF FF FF FF
1787467935.530365,123,8,FF FF FF FF FF FF FF FF
1787467935.532322,123,8,FF FF FF FF FF FF FF FF
1787467935.534398,123,8,FF FF FF FF FF FF FF FF
1787467935.537762,123,8,FF FF FF FF FF FF FF FF
1787467935.539745,123,8,FF FF FF FF FF FF FF FF
1787467935.542192,123,8,FF FF FF FF FF FF FF FF
1787467935.546379,123,8,FF FF FF FF FF FF FF FF
1787467935.549872,123,8,FF FF FF FF FF FF FF FF
1787467935.552905,123,8,FF FF FF FF FF FF FF FF
1787467935.556381,123,8,FF FF FF FF FF FF FF FF
1787467935.559772,123,8,FF FF FF FF FF FF FF FF
1787467935.563268,123,8,FF FF FF FF FF FF FF FF
1787467935.566850,123,8,FF FF FF FF FF FF FF FF
1787467935.570432,123,8,FF FF FF FF FF FF FF FF
1787467935.572988,123,8,FF FF FF FF FF FF FF FF
1787467935.575182,123,8,FF FF FF FF FF FF FF FF
1787467935.577079,123,8,FF FF FF FF FF FF FF FF
1787467935.578999,123,8,FF FF FF FF FF FF FF FF
1787467935.582788,123,8,FF FF FF FF FF FF FF FF
1787467935.585649,123,8,FF FF FF FF FF FF FF FF
1787467935.588249,123,8,FF FF FF FF FF FF FF FF
1787467935.594104,123,8,FF FF FF FF FF FF FF FF
1787467935.595965,123,8,FF FF FF FF FF FF FF FF
1787467935.597652,123,8,FF FF FF FF FF FF FF FF
1787467935.599617,123,8,FF FF FF FF FF FF FF FF
1787467935.602231,123,8,FF FF FF FF FF FF FF FF
1787467935.604194,123,8,FF FF FF FF FF FF FF FF
1787467935.606491,123,8,FF FF FF FF FF FF FF FF
1787467935.608601,123,8,FF FF FF FF FF FF FF FF
1787467935.611640,123,8,FF FF FF FF FF FF FF FF
1787467935.614462,123,8,FF FF FF FF FF FF FF FF
1787467935.616804,123,8,FF FF FF FF FF FF FF FF
1787467935.619797,123,8,FF FF FF FF FF FF FF FF
1787467935.622341,123,8,FF FF FF FF FF FF FF FF
1787467935.627505,123,8,FF FF FF FF FF FF FF FF
1787467935.630708,123,8,FF FF FF FF FF FF FF FF
1787467935.634228,123,8,FF FF FF FF FF FF FF FF
1787467935.636819,123,8,FF FF FF FF FF FF FF FF
1787467935.639290,123,8,FF FF FF FF FF FF FF FF
1787467935.641592,123,8,FF FF FF FF FF FF FF FF
1787467935.643734,123,8,FF FF FF FF FF FF FF FF
1787467935.645980,123,8,FF FF FF FF FF FF FF FF
1787467935.647839,123,8,FF FF FF FF FF FF FF FF
1787467935.650008,123,8,FF FF FF FF FF FF FF FF
1787467935.652128,123,8,FF FF FF FF FF FF FF FF
1787467935.654603,123,8,FF FF FF FF FF FF FF FF
1787467935.656516,123,8,FF FF FF FF FF FF FF FF
1787467935.658629,123,8,FF FF FF FF FF FF FF FF
1787467935.660608,123,8,FF FF FF FF FF FF FF FF
1787467935.662958,123,8,FF FF FF FF FF FF FF FF
1787467935.666345,123,8,FF FF FF FF FF FF FF FF
1787467935.670258,123,8,FF FF FF FF FF FF FF FF
1787467935.674667,123,8,FF FF FF FF FF FF FF FF
1787467935.677832,123,8,FF FF FF FF FF FF FF FF
1787467935.683032,123,8,FF FF FF FF FF FF FF FF
1787467935.693802,123,8,FF FF FF FF FF FF FF FF
1787467935.702852,123,8,FF FF FF FF FF FF FF FF
1787467935.705394,123,8,FF FF FF FF FF FF FF FF
1787467935.707944,123,8,FF FF FF FF FF FF FF FF
1787467935.711123,123,8,FF FF FF FF FF FF FF FF
1787467935.714169,123,8,FF FF FF FF FF FF FF FF
1787467935.716736,123,8,FF FF FF FF FF FF FF FF
1787467935.720004,123,8,FF FF FF FF FF FF FF FF
1787467935.723890,123,8,FF FF FF FF FF FF FF FF
1787467935.730246,123,8,FF FF FF FF FF FF FF FF
1787467935.733088,123,8,FF FF FF FF FF FF FF FF
1787467935.735283,123,8,FF FF FF FF FF FF FF FF
1787467935.737553,123,8,FF FF FF FF FF FF FF FF
1787467935.739790,123,8,FF FF FF FF FF FF FF FF
1787467935.742724,123,8,FF FF FF FF FF FF FF FF
1787467935.745513,123,8,FF FF FF FF FF FF FF FF
1787467935.748625,123,8,FF FF FF FF FF FF FF FF
1787467935.752064,123,8,FF FF FF FF FF FF FF FF
1787467935.755443,123,8,FF FF FF FF FF FF FF FF
1787467935.758336,123,8,FF FF FF FF FF FF FF FF
1787467935.760869,123,8,FF FF FF FF FF FF FF FF
1787467935.763534,123,8,FF FF FF FF FF FF FF FF
1787467935.770941,123,8,FF FF FF FF FF FF FF FF
1787467935.780760,123,8,FF FF FF FF FF FF FF FF
1787467935.784104,123,8,FF FF FF FF FF FF FF FF
1787467935.788320,123,8,FF FF FF FF FF FF FF FF
1787467935.792411,123,8,FF FF FF FF FF FF FF FF
1787467935.796262,123,8,FF FF FF FF FF FF FF FF
1787467935.799651,123,8,FF FF FF FF FF FF FF FF
1787467935.803243,123,8,FF FF FF FF FF FF FF FF
1787467935.806273,123,8,FF FF FF FF FF FF FF FF
1787467935.809437,123,8,FF FF FF FF FF FF FF FF
1787467935.812136,123,8,FF FF FF FF FF FF FF FF
1787467935.815558,123,8,FF FF FF FF FF FF FF FF
1787467935.822125,123,8,FF FF FF FF FF FF FF FF
1787467935.824525,123,8,FF FF FF FF FF FF FF FF
1787467935.826900,123,8,FF FF FF FF FF FF FF FF
1787467935.829052,123,8,FF FF FF FF FF FF FF FF
1787467935.830876,123,8,FF FF FF FF FF FF FF FF
1787467935.833150,123,8,FF FF FF FF FF FF FF FF
1787467935.835413,123,8,FF FF FF FF FF FF FF FF
1787467935.838161,123,8,FF FF FF FF FF FF FF FF
1787467935.840495,123,8,FF FF FF FF FF FF FF FF
1787467935.842989,123,8,FF FF FF FF FF FF FF FF
1787467935.845575,123,8,FF FF FF FF FF FF FF FF
1787467935.847566,123,8,FF FF FF FF FF FF FF FF
1787467935.849862,123,8,FF FF FF FF FF FF FF FF
1787467935.851915,123,8,FF FF FF FF FF FF FF FF
1787467935.854037,123,8,FF FF FF FF FF FF FF FF
1787467935.857485,123,8,FF FF FF FF FF FF FF FF
1787467935.859317,123,8,FF FF FF FF FF FF FF FF
1787467935.861383,123,8,FF FF FF FF FF FF FF FF
1787467935.864001,123,8,FF FF FF FF FF FF FF FF
1787467935.866395,123,8,FF FF FF FF FF FF FF FF
1787467935.869196,123,8,FF FF FF FF FF FF FF FF
1787467935.871422,123,8,FF FF FF FF FF FF FF FF
1787467935.873659,123,8,FF FF FF FF FF FF FF FF
1787467935.875647,123,8,FF FF FF FF FF FF FF FF
1787467935.877666,123,8,FF FF FF FF FF FF FF FF
1787467935.879348,123,8,FF FF FF FF FF FF FF FF
1787467935.881277,123,8,FF FF FF FF FF FF FF FF
1787467935.883113,123,8,FF FF FF FF FF FF FF FF
1787467935.885199,123,8,FF FF FF FF FF FF FF FF
1787467935.887031,123,8,FF FF FF FF FF FF FF FF
1787467935.888644,123,8,FF FF FF FF FF FF FF FF
1787467935.890827,123,8,FF FF FF FF FF FF FF FF
1787467935.892488,123,8,FF FF FF FF FF FF FF FF
1787467935.894572,123,8,FF FF FF FF FF FF FF FF
1787467935.896805,123,8,FF FF FF FF FF FF FF FF
1787467935.898774,123,8,FF FF FF FF FF FF FF FF
1787467935.900593,123,8,FF FF FF FF FF FF FF FF
1787467935.905155,123,8,FF FF FF FF FF FF FF FF
1787467935.912433,123,8,FF FF FF FF FF FF FF FF
1787467935.915814,123,8,FF FF FF FF FF FF FF FF
1787467935.918918,123,8,FF FF FF FF FF FF FF FF
1787467935.922068,123,8,FF FF FF FF FF FF FF FF
1787467935.925832,123,8,FF FF FF FF FF FF FF FF
1787467935.928984,123,8,FF FF FF FF FF FF FF FF
1787467935.931960,123,8,FF FF FF FF FF FF FF FF
1787467935.934025,123,8,FF FF FF FF FF FF FF FF
1787467935.936543,123,8,FF FF FF FF FF FF FF FF
1787467935.939662,123,8,FF FF FF FF FF FF FF FF
1787467935.942962,123,8,FF FF FF FF FF FF FF FF
1787467935.945638,123,8,FF FF FF FF FF FF FF FF
1787467935.947599,123,8,FF FF FF FF FF FF FF FF
1787467935.949541,123,8,FF FF FF FF FF FF FF FF
1787467935.951809,123,8,FF FF FF FF FF FF FF FF
1787467935.953812,123,8,FF FF FF FF FF FF FF FF
1787467935.955384,123,8,FF FF FF FF FF FF FF FF
1787467935.957520,123,8,FF FF FF FF FF FF FF FF
1787467935.959321,123,8,FF FF FF FF FF FF FF FF
1787467935.961026,123,8,FF FF FF FF FF FF FF FF
1787467935.963061,123,8,FF FF FF FF FF FF FF FF
1787467935.965269,123,8,FF FF FF FF FF FF FF FF
1787467935.967295,123,8,FF FF FF FF FF FF FF FF
1787467935.969719,123,8,FF FF FF FF FF FF FF FF
1787467935.971449,123,8,FF FF FF FF FF FF FF FF
1787467935.973377,123,8,FF FF FF FF FF FF FF FF
1787467935.975251,123,8,FF FF FF FF FF FF FF FF
1787467935.977159,123,8,FF FF FF FF FF FF FF FF
1787467935.978983,123,8,FF FF FF FF FF FF FF FF
1787467935.980867,123,8,FF FF FF FF FF FF FF FF
1787467935.983094,123,8,FF FF FF FF FF FF FF FF
1787467935.985585,123,8,FF FF FF FF FF FF FF FF
1787467935.987403,123,8,FF FF FF FF FF FF FF FF
1787467935.989396,123,8,FF FF FF FF FF FF FF FF
1787467935.991455,123,8,FF FF FF FF FF FF FF FF
1787467935.993246,123,8,FF FF FF FF FF FF FF FF
1787467935.994822,123,8,FF FF FF FF FF FF FF FF
1787467935.996495,123,8,FF FF FF FF FF FF FF FF
1787467935.998159,123,8,FF FF FF FF FF FF FF FF
1787467935.999667,123,8,FF FF FF FF FF FF FF FF
1787467936.006554,123,8,FF FF FF FF FF FF FF FF
1787467936.008086,123,8,FF FF FF FF FF FF FF FF
1787467936.009697,123,8,FF FF FF FF FF FF FF FF
1787467936.011178,123,8,FF FF FF FF FF FF FF FF
1787467936.012648,123,8,FF FF FF FF FF FF FF FF
1787467936.014238,123,8,FF FF FF FF FF FF FF FF
1787467936.016075,123,8,FF FF FF FF FF FF FF FF
1787467936.018342,123,8,FF FF FF FF FF FF FF FF
1787467936.020301,123,8,FF FF FF FF FF FF FF FF
1787467936.023170,123,8,FF FF FF FF FF FF FF FF
1787467936.026247,123,8,FF FF FF FF FF FF FF FF
1787467936.029843,123,8,FF FF FF FF FF FF FF FF
1787467936.033139,123,8,FF FF FF FF FF FF FF FF
1787467936.036486,123,8,FF FF FF FF FF FF FF FF
1787467936.039959,123,8,FF FF FF FF FF FF FF FF
1787467936.043833,123,8,FF FF FF FF FF FF FF FF
1787467936.046999,123,8,FF FF FF FF FF FF FF FF
1787467936.054056,123,8,FF FF FF FF FF FF FF FF
1787467936.056554,123,8,FF FF FF FF FF FF FF FF
1787467936.058851,123,8,FF FF FF FF FF FF FF FF
1787467936.061038,123,8,FF FF FF FF FF FF FF FF
1787467936.063007,123,8,FF FF FF FF FF FF FF FF
1787467936.064728,123,8,FF FF FF FF FF FF FF FF
1787467936.066278,123,8,FF FF FF FF FF FF FF FF
1787467936.067988,123,8,FF FF FF FF FF FF FF FF
1787467936.070402,123,8,FF FF FF FF FF FF FF FF
1787467936.072398,123,8,FF FF FF FF FF FF FF FF
1787467936.074228,123,8,FF FF FF FF FF FF FF FF
1787467936.075989,123,8,FF FF FF FF FF FF FF FF
1787467936.078051,123,8,FF FF FF FF FF FF FF FF
1787467936.080127,123,8,FF FF FF FF FF FF FF FF
1787467936.082323,123,8,FF FF FF FF FF FF FF FF
1787467936.084816,123,8,FF FF FF FF FF FF FF FF
1787467936.086734,123,8,FF FF FF FF FF FF FF FF
1787467936.088323,123,8,FF FF FF FF FF FF FF FF
1787467936.090869,123,8,FF FF FF FF FF FF FF FF
1787467936.092573,123,8,FF FF FF FF FF FF FF FF
1787467936.094608,123,8,FF FF FF FF FF FF FF FF
1787467936.097104,123,8,FF FF FF FF FF FF FF FF
1787467936.099202,123,8,FF FF FF FF FF FF FF FF
1787467936.102022,123,8,FF FF FF FF FF FF FF FF
1787467936.103469,123,8,FF FF FF FF FF FF FF FF
1787467936.105065,123,8,FF FF FF FF FF FF FF FF
1787467936.106769,123,8,FF FF FF FF FF FF FF FF
1787467936.108708,123,8,FF FF FF FF FF FF FF FF
1787467936.110891,123,8,FF FF FF FF FF FF FF FF
1787467936.112765,123,8,FF FF FF FF FF FF FF FF
1787467936.114908,123,8,FF FF FF FF FF FF FF FF
1787467936.116742,123,8,FF FF FF FF FF FF FF FF
1787467936.119128,123,8,FF FF FF FF FF FF FF FF
1787467936.121213,123,8,FF FF FF FF FF FF FF FF
1787467936.123458,123,8,FF FF FF FF FF FF FF FF
1787467936.125468,123,8,FF FF FF FF FF FF FF FF
1787467936.128056,123,8,FF FF FF FF FF FF FF FF
1787467936.130266,123,8,FF FF FF FF FF FF FF FF
1787467936.132398,123,8,FF FF FF FF FF FF FF FF
1787467936.133895,123,8,FF FF FF FF FF FF FF FF
1787467936.135791,123,8,FF FF FF FF FF FF FF FF
1787467936.138614,123,8,FF FF FF FF FF FF FF FF
1787467936.140446,123,8,FF FF FF FF FF FF FF FF
1787467936.143942,123,8,FF FF FF FF FF FF FF FF
1787467936.146281,123,8,FF FF FF FF FF FF FF FF
1787467936.148804,123,8,FF FF FF FF FF FF FF FF
1787467936.152415,123,8,FF FF FF FF FF FF FF FF
1787467936.155823,123,8,FF FF FF FF FF FF FF FF
1787467936.159148,123,8,FF FF FF FF FF FF FF FF
1787467936.162551,123,8,FF FF FF FF FF FF FF FF
1787467936.165830,123,8,FF FF FF FF FF FF FF FF
1787467936.168996,123,8,FF FF FF FF FF FF FF FF
1787467936.172171,123,8,FF FF FF FF FF FF FF FF
1787467936.174310,123,8,FF FF FF FF FF FF FF FF
1787467936.176278,123,8,FF FF FF FF FF FF FF FF
1787467936.179277,123,8,FF FF FF FF FF FF FF FF
1787467936.181718,123,8,FF FF FF FF FF FF FF FF
1787467936.183645,123,8,FF FF FF FF FF FF FF FF
1787467936.188048,123,8,FF FF FF FF FF FF FF FF
1787467936.189046,123,8,FF FF FF FF FF FF FF FF
1787467936.191263,123,8,FF FF FF FF FF FF FF FF
1787467936.193408,123,8,FF FF FF FF FF FF FF FF
1787467936.196353,123,8,FF FF FF FF FF FF FF FF
1787467936.198862,123,8,FF FF FF FF FF FF FF FF
1787467936.201135,123,8,FF FF FF FF FF FF FF FF
1787467936.203262,123,8,FF FF FF FF FF FF FF FF
1787467936.205097,123,8,FF FF FF FF FF FF FF FF
1787467936.207330,123,8,FF FF FF FF FF FF FF FF
1787467936.209372,123,8,FF FF FF FF FF FF FF FF
1787467936.211463,123,8,FF FF FF FF FF FF FF FF
1787467936.213482,123,8,FF FF FF FF FF FF FF FF
1787467936.215460,123,8,FF FF FF FF FF FF FF FF
1787467936.217849,123,8,FF FF FF FF FF FF FF FF
1787467936.220544,123,8,FF FF FF FF FF FF FF FF
1787467936.222758,123,8,FF FF FF FF FF FF FF FF
1787467936.224704,123,8,FF FF FF FF FF FF FF FF
1787467936.226943,123,8,FF FF FF FF FF FF FF FF
1787467936.229211,123,8,FF FF FF FF FF FF FF FF
1787467936.231606,123,8,FF FF FF FF FF FF FF FF
1787467936.234764,123,8,FF FF FF FF FF FF FF FF
1787467936.236996,123,8,FF FF FF FF FF FF FF FF
1787467936.239216,123,8,FF FF FF FF FF FF FF FF
1787467936.241610,123,8,FF FF FF FF FF FF FF FF
1787467936.244092,123,8,FF FF FF FF FF FF FF FF
1787467936.245996,123,8,FF FF FF FF FF FF FF FF
1787467936.247913,123,8,FF FF FF FF FF FF FF FF
1787467936.249854,123,8,FF FF FF FF FF FF FF FF
1787467936.251902,123,8,FF FF FF FF FF FF FF FF
1787467936.253898,123,8,FF FF FF FF FF FF FF FF
1787467936.255669,123,8,FF FF FF FF FF FF FF FF
1787467936.257954,123,8,FF FF FF FF FF FF FF FF
1787467936.260517,123,8,FF FF FF FF FF FF FF FF
1787467936.263609,123,8,FF FF FF FF FF FF FF FF
1787467936.267043,123,8,FF FF FF FF FF FF FF FF
1787467936.270939,123,8,FF FF FF FF FF FF FF FF
1787467936.275161,123,8,FF FF FF FF FF FF FF FF
1787467936.278605,123,8,FF FF FF FF FF FF FF FF
1787467936.281807,123,8,FF FF FF FF FF FF FF FF
1787467936.285153,123,8,FF FF FF FF FF FF FF FF
1787467936.288392,123,8,FF FF FF FF FF FF FF FF
1787467936.291632,123,8,FF FF FF FF FF FF FF FF
1787467936.294389,123,8,FF FF FF FF FF FF FF FF
1787467936.296575,123,8,FF FF FF FF FF FF FF FF
1787467936.298463,123,8,FF FF FF FF FF FF FF FF
1787467936.300431,123,8,FF FF FF FF FF FF FF FF
1787467936.302418,123,8,FF FF FF FF FF FF FF FF
1787467936.304306,123,8,FF FF FF FF FF FF FF FF
1787467936.309099,123,8,FF FF FF FF FF FF FF FF
1787467936.310902,123,8,FF FF FF FF FF FF FF FF
1787467936.312525,123,8,FF FF FF FF FF FF FF FF
1787467936.314250,123,8,FF FF FF FF FF FF FF FF
1787467936.316127,123,8,FF FF FF FF FF FF FF FF
1787467936.320111,123,8,FF FF FF FF FF FF FF FF
1787467936.323099,123,8,FF FF FF FF FF FF FF FF
1787467936.325107,123,8,FF FF FF FF FF FF FF FF
1787467936.327157,123,8,FF FF FF FF FF FF FF FF
1787467936.329618,123,8,FF FF FF FF FF FF FF FF
1787467936.331525,123,8,FF FF FF FF FF FF FF FF
1787467936.333660,123,8,FF FF FF FF FF FF FF FF
1787467936.335642,123,8,FF FF FF FF FF FF FF FF
1787467936.337698,123,8,FF FF FF FF FF FF FF FF
1787467936.339554,123,8,FF FF FF FF FF FF FF FF
1787467936.341468,123,8,FF FF FF FF FF FF FF FF
1787467936.343127,123,8,FF FF FF FF FF FF FF FF
1787467936.345128,123,8,FF FF FF FF FF FF FF FF
1787467936.347131,123,8,FF FF FF FF FF FF FF FF
1787467936.349099,123,8,FF FF FF FF FF FF FF FF
1787467936.351362,123,8,FF FF FF FF FF FF FF FF
1787467936.353668,123,8,FF FF FF FF FF FF FF FF
1787467936.355746,123,8,FF FF FF FF FF FF FF FF
1787467936.357983,123,8,FF FF FF FF FF FF FF FF
1787467936.360149,123,8,FF FF FF FF FF FF FF FF
1787467936.362296,123,8,FF FF FF FF FF FF FF FF
1787467936.364214,123,8,FF FF FF FF FF FF FF FF
1787467936.368825,123,8,FF FF FF FF FF FF FF FF
1787467936.371173,123,8,FF FF FF FF FF FF FF FF
1787467936.373875,123,8,FF FF FF FF FF FF FF FF
1787467936.375768,123,8,FF FF FF FF FF FF FF FF
1787467936.378105,123,8,FF FF FF FF FF FF FF FF
1787467936.381226,123,8,FF FF FF FF FF FF FF FF
1787467936.383770,123,8,FF FF FF FF FF FF FF FF
1787467936.387013,123,8,FF FF FF FF FF FF FF FF
1787467936.390466,123,8,FF FF FF FF FF FF FF FF
1787467936.394162,123,8,FF FF FF FF FF FF FF FF
1787467936.397268,123,8,FF FF FF FF FF FF FF FF
1787467936.400448,123,8,FF FF FF FF FF FF FF FF
1787467936.404011,123,8,FF FF FF FF FF FF FF FF
1787467936.407586,123,8,FF FF FF FF FF FF FF FF
1787467936.411034,123,8,FF FF FF FF FF FF FF FF
1787467936.414541,123,8,FF FF FF FF FF FF FF FF
1787467936.416393,123,8,FF FF FF FF FF FF FF FF
1787467936.419027,123,8,FF FF FF FF FF FF FF FF
1787467936.421474,123,8,FF FF FF FF FF FF FF FF
1787467936.423945,123,8,FF FF FF FF FF FF FF FF
1787467936.426073,123,8,FF FF FF FF FF FF FF FF
1787467936.428029,123,8,FF FF FF FF FF FF FF FF
1787467936.430318,123,8,FF FF FF FF FF FF FF FF
1787467936.432545,123,8,FF FF FF FF FF FF FF FF
1787467936.434569,123,8,FF FF FF FF FF FF FF FF
1787467936.436337,123,8,FF FF FF FF FF FF FF FF
1787467936.439160,123,8,FF FF FF FF FF FF FF FF
1787467936.441319,123,8,FF FF FF FF FF FF FF FF
1787467936.443763,123,8,FF FF FF FF FF FF FF FF
1787467936.446362,123,8,FF FF FF FF FF FF FF FF
1787467936.448180,123,8,FF FF FF FF FF FF FF FF
1787467936.450703,123,8,FF FF FF FF FF FF FF FF
1787467936.452872,123,8,FF FF FF FF FF FF FF FF
1787467936.454889,123,8,FF FF FF FF FF FF FF FF
1787467936.456680,123,8,FF FF FF FF FF FF FF FF
1787467936.458934,123,8,FF FF FF FF FF FF FF FF
1787467936.460591,123,8,FF FF FF FF FF FF FF FF
1787467936.463015,123,8,FF FF FF FF FF FF FF FF
1787467936.465184,123,8,FF FF FF FF FF FF FF FF
1787467936.468639,123,8,FF FF FF FF FF FF FF FF
1787467936.471234,123,8,FF FF FF FF FF FF FF FF
1787467936.472865,123,8,FF FF FF FF FF FF FF FF
1787467936.474466,123,8,FF FF FF FF FF FF FF FF
1787467936.476592,123,8,FF FF FF FF FF FF FF FF
1787467936.478458,123,8,FF FF FF FF FF FF FF FF
1787467936.479889,123,8,FF FF FF FF FF FF FF FF
1787467936.481926,123,8,FF FF FF FF FF FF FF FF
1787467936.484470,123,8,FF FF FF FF FF FF FF FF
1787467936.486457,123,8,FF FF FF FF FF FF FF FF
1787467936.488615,123,8,FF FF FF FF FF FF FF FF
1787467936.490879,123,8,FF FF FF FF FF FF FF FF
1787467936.493733,123,8,FF FF FF FF FF FF FF FF
1787467936.495780,123,8,FF FF FF FF FF FF FF FF
1787467936.498024,123,8,FF FF FF FF FF FF FF FF
1787467936.499865,123,8,FF FF FF FF FF FF FF FF
1787467936.502276,123,8,FF FF FF FF FF FF FF FF
1787467936.505693,123,8,FF FF FF FF FF FF FF FF
1787467936.515746,123,8,FF FF FF FF FF FF FF FF
1787467936.522387,123,8,FF FF FF FF FF FF FF FF
1787467936.526147,123,8,FF FF FF FF FF FF FF FF
1787467936.528999,123,8,FF FF FF FF FF FF FF FF
1787467936.531863,123,8,FF FF FF FF FF FF FF FF
1787467936.534468,123,8,FF FF FF FF FF FF FF FF
1787467936.536492,123,8,FF FF FF FF FF FF FF FF
1787467936.538522,123,8,FF FF FF FF FF FF FF FF
1787467936.540311,123,8,FF FF FF FF FF FF FF FF
1787467936.542594,123,8,FF FF FF FF FF FF FF FF
1787467936.544367,123,8,FF FF FF FF FF FF FF FF
1787467936.546336,123,8,FF FF FF FF FF FF FF FF
1787467936.548061,123,8,FF FF FF FF FF FF FF FF
1787467936.550179,123,8,FF FF FF FF FF FF FF FF
1787467936.552926,123,8,FF FF FF FF FF FF FF FF
1787467936.555854,123,8,FF FF FF FF FF FF FF FF
1787467936.558641,123,8,FF FF FF FF FF FF FF FF
1787467936.563529,123,8,FF FF FF FF FF FF FF FF
1787467936.567588,123,8,FF FF FF FF FF FF FF FF
1787467936.570506,123,8,FF FF FF FF FF FF FF FF
1787467936.573662,123,8,FF FF FF FF FF FF FF FF
1787467936.576041,123,8,FF FF FF FF FF FF FF FF
1787467936.578151,123,8,FF FF FF FF FF FF FF FF
1787467936.580020,123,8,FF FF FF FF FF FF FF FF
1787467936.582113,123,8,FF FF FF FF FF FF FF FF
1787467936.584574,123,8,FF FF FF FF FF FF FF FF
1787467936.586594,123,8,FF FF FF FF FF FF FF FF
1787467936.588218,123,8,FF FF FF FF FF FF FF FF
1787467936.590410,123,8,FF FF FF FF FF FF FF FF
1787467936.592451,123,8,FF FF FF FF FF FF FF FF
1787467936.594684,123,8,FF FF FF FF FF FF FF FF
1787467936.596590,123,8,FF FF FF FF FF FF FF FF
1787467936.598676,123,8,FF FF FF FF FF FF FF FF
1787467936.601640,123,8,FF FF FF FF FF FF FF FF
1787467936.603748,123,8,FF FF FF FF FF FF FF FF
1787467936.606533,123,8,FF FF FF FF FF FF FF FF
1787467936.612805,123,8,FF FF FF FF FF FF FF FF
1787467936.615504,123,8,FF FF FF FF FF FF FF FF
1787467936.617911,123,8,FF FF FF FF FF FF FF FF
1787467936.619928,123,8,FF FF FF FF FF FF FF FF
1787467936.622513,123,8,FF FF FF FF FF FF FF FF
1787467936.626961,123,8,FF FF FF FF FF FF FF FF
1787467936.630557,123,8,FF FF FF FF FF FF FF FF
1787467936.634245,123,8,FF FF FF FF FF FF FF FF
1787467936.637754,123,8,FF FF FF FF FF FF FF FF
1787467936.640917,123,8,FF FF FF FF FF FF FF FF
1787467936.644001,123,8,FF FF FF FF FF FF FF FF
1787467936.648180,123,8,FF FF FF FF FF FF FF FF
1787467936.651028,123,8,FF FF FF FF FF FF FF FF
1787467936.658735,123,8,FF FF FF FF FF FF FF FF
1787467936.660593,123,8,FF FF FF FF FF FF FF FF
1787467936.662425,123,8,FF FF FF FF FF FF FF FF
1787467936.664132,123,8,FF FF FF FF FF FF FF FF
1787467936.666712,123,8,FF FF FF FF FF FF FF FF
1787467936.668569,123,8,FF FF FF FF FF FF FF FF
1787467936.670380,123,8,FF FF FF FF FF FF FF FF
1787467936.671966,123,8,FF FF FF FF FF FF FF FF
1787467936.673852,123,8,FF FF FF FF FF FF FF FF
1787467936.675703,123,8,FF FF FF FF FF FF FF FF
1787467936.677999,123,8,FF FF FF FF FF FF FF FF
1787467936.679994,123,8,FF FF FF FF FF FF FF FF
1787467936.682225,123,8,FF FF FF FF FF FF FF FF
1787467936.684521,123,8,FF FF FF FF FF FF FF FF
1787467936.690753,123,8,FF FF FF FF FF FF FF FF
1787467936.699580,123,8,FF FF FF FF FF FF FF FF
1787467936.703465,123,8,FF FF FF FF FF FF FF FF
1787467936.705778,123,8,FF FF FF FF FF FF FF FF
1787467936.708135,123,8,FF FF FF FF FF FF FF FF
1787467936.711043,123,8,FF FF FF FF FF FF FF FF
1787467936.713478,123,8,FF FF FF FF FF FF FF FF
1787467936.715333,123,8,FF FF FF FF FF FF FF FF
1787467936.717939,123,8,FF FF FF FF FF FF FF FF
1787467936.719996,123,8,FF FF FF FF FF FF FF FF
1787467936.721945,123,8,FF FF FF FF FF FF FF FF
1787467936.723861,123,8,FF FF FF FF FF FF FF FF
1787467936.725907,123,8,FF FF FF FF FF FF FF FF
1787467936.727865,123,8,FF FF FF FF FF FF FF FF
1787467936.729943,123,8,FF FF FF FF FF FF FF FF
1787467936.731850,123,8,FF FF FF FF FF FF FF FF
1787467936.734531,123,8,FF FF FF FF FF FF FF FF
1787467936.736823,123,8,FF FF FF FF FF FF FF FF
1787467936.738750,123,8,FF FF FF FF FF FF FF FF
1787467936.740569,123,8,FF FF FF FF FF FF FF FF
1787467936.743161,123,8,FF FF FF FF FF FF FF FF
1787467936.746238,123,8,FF FF FF FF FF FF FF FF
1787467936.749383,123,8,FF FF FF FF FF FF FF FF
1787467936.754757,123,8,FF FF FF FF FF FF FF FF
1787467936.757121,123,8,FF FF FF FF FF FF FF FF
1787467936.760571,123,8,FF FF FF FF FF FF FF FF
1787467936.763534,123,8,FF FF FF FF FF FF FF FF
1787467936.767073,123,8,FF FF FF FF FF FF FF FF
1787467936.770193,123,8,FF FF FF FF FF FF FF FF
1787467936.773066,123,8,FF FF FF FF FF FF FF FF
1787467936.775595,123,8,FF FF FF FF FF FF FF FF
1787467936.778081,123,8,FF FF FF FF FF FF FF FF
1787467936.780012,123,8,FF FF FF FF FF FF FF FF
1787467936.782398,123,8,FF FF FF FF FF FF FF FF
1787467936.785732,123,8,FF FF FF FF FF FF FF FF
1787467936.788026,123,8,FF FF FF FF FF FF FF FF
1787467936.790179,123,8,FF FF FF FF FF FF FF FF
1787467936.794625,123,8,FF FF FF FF FF FF FF FF
1787467936.796589,123,8,FF FF FF FF FF FF FF FF
1787467936.799363,123,8,FF FF FF FF FF FF FF FF
1787467936.801638,123,8,FF FF FF FF FF FF FF FF
1787467936.803602,123,8,FF FF FF FF FF FF FF FF
1787467936.806179,123,8,FF FF FF FF FF FF FF FF
1787467936.807929,123,8,FF FF FF FF FF FF FF FF
1787467936.809732,123,8,FF FF FF FF FF FF FF FF
1787467936.811488,123,8,FF FF FF FF FF FF FF FF
1787467936.813275,123,8,FF FF FF FF FF FF FF FF
1787467936.814877,123,8,FF FF FF FF FF FF FF FF
1787467936.816778,123,8,FF FF FF FF FF FF FF FF
1787467936.818592,123,8,FF FF FF FF FF FF FF FF
1787467936.820185,123,8,FF FF FF FF FF FF FF FF
1787467936.822143,123,8,FF FF FF FF FF FF FF FF
1787467936.823955,123,8,FF FF FF FF FF FF FF FF
1787467936.825860,123,8,FF FF FF FF FF FF FF FF
1787467936.827553,123,8,FF FF FF FF FF FF FF FF
1787467936.829323,123,8,FF FF FF FF FF FF FF FF
1787467936.830949,123,8,FF FF FF FF FF FF FF FF
1787467936.833027,123,8,FF FF FF FF FF FF FF FF
1787467936.835449,123,8,FF FF FF FF FF FF FF FF
1787467936.837552,123,8,FF FF FF FF FF FF FF FF
1787467936.840557,123,8,FF FF FF FF FF FF FF FF
1787467936.842286,123,8,FF FF FF FF FF FF FF FF
1787467936.844707,123,8,FF FF FF FF FF FF FF FF
1787467936.846936,123,8,FF FF FF FF FF FF FF FF
1787467936.849108,123,8,FF FF FF FF FF FF FF FF
1787467936.852087,123,8,FF FF FF FF FF FF FF FF
1787467936.854439,123,8,FF FF FF FF FF FF FF FF
1787467936.856261,123,8,FF FF FF FF FF FF FF FF
1787467936.858322,123,8,FF FF FF FF FF FF FF FF
1787467936.859936,123,8,FF FF FF FF FF FF FF FF
1787467936.861961,123,8,FF FF FF FF FF FF FF FF
1787467936.864958,123,8,FF FF FF FF FF FF FF FF
1787467936.868300,123,8,FF FF FF FF FF FF FF FF
1787467936.871937,123,8,FF FF FF FF FF FF FF FF
1787467936.875508,123,8,FF FF FF FF FF FF FF FF
1787467936.878015,123,8,FF FF FF FF FF FF FF FF
1787467936.880396,123,8,FF FF FF FF FF FF FF FF
1787467936.883823,123,8,FF FF FF FF FF FF FF FF
1787467936.889048,123,8,FF FF FF FF FF FF FF FF
1787467936.891779,123,8,FF FF FF FF FF FF FF FF
1787467936.894893,123,8,FF FF FF FF FF FF FF FF
1787467936.897859,123,8,FF FF FF FF FF FF FF FF
1787467936.900158,123,8,FF FF FF FF FF FF FF FF
1787467936.903096,123,8,FF FF FF FF FF FF FF FF
1787467936.905333,123,8,FF FF FF FF FF FF FF FF
1787467936.907035,123,8,FF FF FF FF FF FF FF FF
1787467936.908676,123,8,FF FF FF FF FF FF FF FF
1787467936.910505,123,8,FF FF FF FF FF FF FF FF
1787467936.912553,123,8,FF FF FF FF FF FF FF FF
1787467936.914939,123,8,FF FF FF FF FF FF FF FF
1787467936.917517,123,8,FF FF FF FF FF FF FF FF
1787467936.919228,123,8,FF FF FF FF FF FF FF FF
1787467936.920865,123,8,FF FF FF FF FF FF FF FF
1787467936.923203,123,8,FF FF FF FF FF FF FF FF
1787467936.926893,123,8,FF FF FF FF FF FF FF FF
1787467936.928723,123,8,FF FF FF FF FF FF FF FF
1787467936.930625,123,8,FF FF FF FF FF FF FF FF
1787467936.932770,123,8,FF FF FF FF FF FF FF FF
1787467936.934978,123,8,FF FF FF FF FF FF FF FF
1787467936.937905,123,8,FF FF FF FF FF FF FF FF
1787467936.940386,123,8,FF FF FF FF FF FF FF FF
1787467936.942302,123,8,FF FF FF FF FF FF FF FF
1787467936.944327,123,8,FF FF FF FF FF FF FF FF
1787467936.947468,123,8,FF FF FF FF FF FF FF FF
1787467936.950635,123,8,FF FF FF FF FF FF FF FF
1787467936.953240,123,8,FF FF FF FF FF FF FF FF
1787467936.955122,123,8,FF FF FF FF FF FF FF FF
1787467936.956846,123,8,FF FF FF FF FF FF FF FF
1787467936.958745,123,8,FF FF FF FF FF FF FF FF
1787467936.960780,123,8,FF FF FF FF FF FF FF FF
1787467936.962940,123,8,FF FF FF FF FF FF FF FF
1787467936.964704,123,8,FF FF FF FF FF FF FF FF
1787467936.966908,123,8,FF FF FF FF FF FF FF FF
1787467936.969411,123,8,FF FF FF FF FF FF FF FF
1787467936.971151,123,8,FF FF FF FF FF FF FF FF
1787467936.973098,123,8,FF FF FF FF FF FF FF FF
1787467936.975923,123,8,FF FF FF FF FF FF FF FF
1787467936.978362,123,8,FF FF FF FF FF FF FF FF
1787467936.980391,123,8,FF FF FF FF FF FF FF FF
1787467936.983555,123,8,FF FF FF FF FF FF FF FF
1787467936.987944,123,8,FF FF FF FF FF FF FF FF
1787467936.990514,123,8,FF FF FF FF FF FF FF FF
1787467936.994301,123,8,FF FF FF FF FF FF FF FF
1787467936.996963,123,8,FF FF FF FF FF FF FF FF
1787467937.000175,123,8,FF FF FF FF FF FF FF FF
1787467937.003868,123,8,FF FF FF FF FF FF FF FF
1787467937.007046,123,8,FF FF FF FF FF FF FF FF
1787467937.009879,123,8,FF FF FF FF FF FF FF FF
1787467937.012587,123,8,FF FF FF FF FF FF FF FF
1787467937.015003,123,8,FF FF FF FF FF FF FF FF
1787467937.017220,123,8,FF FF FF FF FF FF FF FF
1787467937.019110,123,8,FF FF FF FF FF FF FF FF
1787467937.020802,123,8,FF FF FF FF FF FF FF FF
1787467937.023191,123,8,FF FF FF FF FF FF FF FF
1787467937.024882,123,8,FF FF FF FF FF FF FF FF
1787467937.026861,123,8,FF FF FF FF FF FF FF FF
1787467937.028660,123,8,FF FF FF FF FF FF FF FF
1787467937.030545,123,8,FF FF FF FF FF FF FF FF
1787467937.032587,123,8,FF FF FF FF FF FF FF FF
1787467937.036214,123,8,FF FF FF FF FF FF FF FF
1787467937.037880,123,8,FF FF FF FF FF FF FF FF
1787467937.040269,123,8,FF FF FF FF FF FF FF FF
1787467937.043308,123,8,FF FF FF FF FF FF FF FF
1787467937.047768,123,8,FF FF FF FF FF FF FF FF
1787467937.050738,123,8,FF FF FF FF FF FF FF FF
1787467937.053218,123,8,FF FF FF FF FF FF FF FF
1787467937.055638,123,8,FF FF FF FF FF FF FF FF
1787467937.058121,123,8,FF FF FF FF FF FF FF FF
1787467937.060092,123,8,FF FF FF FF FF FF FF FF
1787467937.062759,123,8,FF FF FF FF FF FF FF FF
1787467937.065255,123,8,FF FF FF FF FF FF FF FF
1787467937.068264,123,8,FF FF FF FF FF FF FF FF
1787467937.070744,123,8,FF FF FF FF FF FF FF FF
1787467937.073385,123,8,FF FF FF FF FF FF FF FF
1787467937.076026,123,8,FF FF FF FF FF FF FF FF
1787467937.078341,123,8,FF FF FF FF FF FF FF FF
1787467937.080470,123,8,FF FF FF FF FF FF FF FF
1787467937.083877,123,8,FF FF FF FF FF FF FF FF
1787467937.086372,123,8,FF FF FF FF FF FF FF FF
1787467937.088888,123,8,FF FF FF FF FF FF FF FF
1787467937.095414,123,8,FF FF FF FF FF FF FF FF
1787467937.098060,123,8,FF FF FF FF FF FF FF FF
1787467937.100328,123,8,FF FF FF FF FF FF FF FF
1787467937.102743,123,8,FF FF FF FF FF FF FF FF
1787467937.106264,123,8,FF FF FF FF FF FF FF FF
1787467937.109399,123,8,FF FF FF FF FF FF FF FF
1787467937.112035,123,8,FF FF FF FF FF FF FF FF
1787467937.115344,123,8,FF FF FF FF FF FF FF FF
1787467937.118580,123,8,FF FF FF FF FF FF FF FF
1787467937.121891,123,8,FF FF FF FF FF FF FF FF
1787467937.125117,123,8,FF FF FF FF FF FF FF FF
1787467937.128353,123,8,FF FF FF FF FF FF FF FF
1787467937.133066,123,8,FF FF FF FF FF FF FF FF
1787467937.136120,123,8,FF FF FF FF FF FF FF FF
1787467937.138646,123,8,FF FF FF FF FF FF FF FF
1787467937.144056,123,8,FF FF FF FF FF FF FF FF
1787467937.146572,123,8,FF FF FF FF FF FF FF FF
1787467937.148569,123,8,FF FF FF FF FF FF FF FF
1787467937.150918,123,8,FF FF FF FF FF FF FF FF
1787467937.153707,123,8,FF FF FF FF FF FF FF FF
1787467937.156081,123,8,FF FF FF FF FF FF FF FF
1787467937.158535,123,8,FF FF FF FF FF FF FF FF
1787467937.160637,123,8,FF FF FF FF FF FF FF FF
1787467937.162905,123,8,FF FF FF FF FF FF FF FF
1787467937.164778,123,8,FF FF FF FF FF FF FF FF
1787467937.167428,123,8,FF FF FF FF FF FF FF FF
1787467937.169414,123,8,FF FF FF FF FF FF FF FF
1787467937.171479,123,8,FF FF FF FF FF FF FF FF
1787467937.173810,123,8,FF FF FF FF FF FF FF FF
1787467937.177503,123,8,FF FF FF FF FF FF FF FF
1787467937.182516,123,8,FF FF FF FF FF FF FF FF
1787467937.185006,123,8,FF FF FF FF FF FF FF FF
1787467937.187253,123,8,FF FF FF FF FF FF FF FF
1787467937.189560,123,8,FF FF FF FF FF FF FF FF
1787467937.193708,123,8,FF FF FF FF FF FF FF FF
1787467937.199803,123,8,FF FF FF FF FF FF FF FF
1787467937.202286,123,8,FF FF FF FF FF FF FF FF
1787467937.204660,123,8,FF FF FF FF FF FF FF FF
1787467937.207568,123,8,FF FF FF FF FF FF FF FF
1787467937.210734,123,8,FF FF FF FF FF FF FF FF
1787467937.213447,123,8,FF FF FF FF FF FF FF FF
1787467937.215810,123,8,FF FF FF FF FF FF FF FF
1787467937.218692,123,8,FF FF FF FF FF FF FF FF
1787467937.221229,123,8,FF FF FF FF FF FF FF FF
1787467937.224498,123,8,FF FF FF FF FF FF FF FF
1787467937.228829,123,8,FF FF FF FF FF FF FF FF
1787467937.233373,123,8,FF FF FF FF FF FF FF FF
1787467937.237198,123,8,FF FF FF FF FF FF FF FF
1787467937.242248,123,8,FF FF FF FF FF FF FF FF
1787467937.245975,123,8,FF FF FF FF FF FF FF FF
1787467937.249022,123,8,FF FF FF FF FF FF FF FF
1787467937.251678,123,8,FF FF FF FF FF FF FF FF
1787467937.254369,123,8,FF FF FF FF FF FF FF FF
1787467937.256274,123,8,FF FF FF FF FF FF FF FF
1787467937.258397,123,8,FF FF FF FF FF FF FF FF
1787467937.260212,123,8,FF FF FF FF FF FF FF FF
1787467937.262400,123,8,FF FF FF FF FF FF FF FF
1787467937.264144,123,8,FF FF FF FF FF FF FF FF
1787467937.266681,123,8,FF FF FF FF FF FF FF FF
1787467937.268657,123,8,FF FF FF FF FF FF FF FF
1787467937.270756,123,8,FF FF FF FF FF FF FF FF
1787467937.273796,123,8,FF FF FF FF FF FF FF FF
1787467937.275435,123,8,FF FF FF FF FF FF FF FF
1787467937.281958,123,8,FF FF FF FF FF FF FF FF
1787467937.284062,123,8,FF FF FF FF FF FF FF FF
1787467937.286188,123,8,FF FF FF FF FF FF FF FF
1787467937.288220,123,8,FF FF FF FF FF FF FF FF
1787467937.290320,123,8,FF FF FF FF FF FF FF FF
1787467937.292011,123,8,FF FF FF FF FF FF FF FF
1787467937.294127,123,8,FF FF FF FF FF FF FF FF
1787467937.295988,123,8,FF FF FF FF FF FF FF FF
1787467937.298066,123,8,FF FF FF FF FF FF FF FF
1787467937.300408,123,8,FF FF FF FF FF FF FF FF
1787467937.303137,123,8,FF FF FF FF FF FF FF FF
1787467937.306204,123,8,FF FF FF FF FF FF FF FF
1787467937.308990,123,8,FF FF FF FF FF FF FF FF
1787467937.311834,123,8,FF FF FF FF FF FF FF FF
1787467937.314715,123,8,FF FF FF FF FF FF FF FF
1787467937.319021,123,8,FF FF FF FF FF FF FF FF
1787467937.321267,123,8,FF FF FF FF FF FF FF FF
1787467937.330056,123,8,FF FF FF FF FF FF FF FF
1787467937.334109,123,8,FF FF FF FF FF FF FF FF
1787467937.337874,123,8,FF FF FF FF FF FF FF FF
1787467937.342038,123,8,FF FF FF FF FF FF FF FF
1787467937.346853,123,8,FF FF FF FF FF FF FF FF
1787467937.351672,123,8,FF FF FF FF FF FF FF FF
1787467937.356235,123,8,FF FF FF FF FF FF FF FF
1787467937.363102,123,8,FF FF FF FF FF FF FF FF
1787467937.367697,123,8,FF FF FF FF FF FF FF FF
1787467937.371576,123,8,FF FF FF FF FF FF FF FF
1787467937.374101,123,8,FF FF FF FF FF FF FF FF
1787467937.376342,123,8,FF FF FF FF FF FF FF FF
1787467937.378356,123,8,FF FF FF FF FF FF FF FF
1787467937.379879,123,8,FF FF FF FF FF FF FF FF
1787467937.382471,123,8,FF FF FF FF FF FF FF FF
1787467937.384660,123,8,FF FF FF FF FF FF FF FF
1787467937.386921,123,8,FF FF FF FF FF FF FF FF
1787467937.388959,123,8,FF FF FF FF FF FF FF FF
1787467937.391071,123,8,FF FF FF FF FF FF FF FF
1787467937.393082,123,8,FF FF FF FF FF FF FF FF
1787467937.395000,123,8,FF FF FF FF FF FF FF FF
1787467937.396841,123,8,FF FF FF FF FF FF FF FF
1787467937.398930,123,8,FF FF FF FF FF FF FF FF
1787467937.401196,123,8,FF FF FF FF FF FF FF FF
1787467937.403283,123,8,FF FF FF FF FF FF FF FF
1787467937.405430,123,8,FF FF FF FF FF FF FF FF
1787467937.407890,123,8,FF FF FF FF FF FF FF FF
1787467937.410044,123,8,FF FF FF FF FF FF FF FF
1787467937.412662,123,8,FF FF FF FF FF FF FF FF
1787467937.420068,123,8,FF FF FF FF FF FF FF FF
1787467937.422395,123,8,FF FF FF FF FF FF FF FF
1787467937.424566,123,8,FF FF FF FF FF FF FF FF
1787467937.426636,123,8,FF FF FF FF FF FF FF FF
1787467937.428928,123,8,FF FF FF FF FF FF FF FF
1787467937.431546,123,8,FF FF FF FF FF FF FF FF
1787467937.434989,123,8,FF FF FF FF FF FF FF FF
1787467937.437954,123,8,FF FF FF FF FF FF FF FF
1787467937.440823,123,8,FF FF FF FF FF FF FF FF
1787467937.446451,123,8,FF FF FF FF FF FF FF FF
1787467937.449156,123,8,FF FF FF FF FF FF FF FF
1787467937.453055,123,8,FF FF FF FF FF FF FF FF
1787467937.458868,123,8,FF FF FF FF FF FF FF FF
1787467937.461751,123,8,FF FF FF FF FF FF FF FF
1787467937.465907,123,8,FF FF FF FF FF FF FF FF
1787467937.469851,123,8,FF FF FF FF FF FF FF FF
1787467937.472853,123,8,FF FF FF FF FF FF FF FF
1787467937.475893,123,8,FF FF FF FF FF FF FF FF
1787467937.478948,123,8,FF FF FF FF FF FF FF FF
1787467937.481998,123,8,FF FF FF FF FF FF FF FF
1787467937.485309,123,8,FF FF FF FF FF FF FF FF
1787467937.488743,123,8,FF FF FF FF FF FF FF FF
1787467937.492098,123,8,FF FF FF FF FF FF FF FF
1787467937.494361,123,8,FF FF FF FF FF FF FF FF
1787467937.496151,123,8,FF FF FF FF FF FF FF FF
1787467937.498346,123,8,FF FF FF FF FF FF FF FF
1787467937.503160,123,8,FF FF FF FF FF FF FF FF
1787467937.506353,123,8,FF FF FF FF FF FF FF FF
1787467937.509249,123,8,FF FF FF FF FF FF FF FF
1787467937.511911,123,8,FF FF FF FF FF FF FF FF
1787467937.514522,123,8,FF FF FF FF FF FF FF FF
1787467937.516575,123,8,FF FF FF FF FF FF FF FF
1787467937.519086,123,8,FF FF FF FF FF FF FF FF
1787467937.520736,123,8,FF FF FF FF FF FF FF FF
1787467937.522646,123,8,FF FF FF FF FF FF FF FF
1787467937.524502,123,8,FF FF FF FF FF FF FF FF
1787467937.527070,123,8,FF FF FF FF FF FF FF FF
1787467937.529415,123,8,FF FF FF FF FF FF FF FF
1787467937.531563,123,8,FF FF FF FF FF FF FF FF
1787467937.534357,123,8,FF FF FF FF FF FF FF FF
1787467937.536499,123,8,FF FF FF FF FF FF FF FF
1787467937.539119,123,8,FF FF FF FF FF FF FF FF
1787467937.542198,123,8,FF FF FF FF FF FF FF FF
1787467937.548478,123,8,FF FF FF FF FF FF FF FF
1787467937.552035,123,8,FF FF FF FF FF FF FF FF
1787467937.554829,123,8,FF FF FF FF FF FF FF FF
1787467937.557547,123,8,FF FF FF FF FF FF FF FF
1787467937.559068,123,8,FF FF FF FF FF FF FF FF
1787467937.561007,123,8,FF FF FF FF FF FF FF FF
1787467937.562877,123,8,FF FF FF FF FF FF FF FF
1787467937.564399,123,8,FF FF FF FF FF FF FF FF
1787467937.566609,123,8,FF FF FF FF FF FF FF FF
1787467937.568828,123,8,FF FF FF FF FF FF FF FF
1787467937.571309,123,8,FF FF FF FF FF FF FF FF
1787467937.573858,123,8,FF FF FF FF FF FF FF FF
1787467937.576543,123,8,FF FF FF FF FF FF FF FF
1787467937.579516,123,8,FF FF FF FF FF FF FF FF
1787467937.582764,123,8,FF FF FF FF FF FF FF FF
1787467937.587740,123,8,FF FF FF FF FF FF FF FF
1787467937.593533,123,8,FF FF FF FF FF FF FF FF
1787467937.597507,123,8,FF FF FF FF FF FF FF FF
1787467937.601256,123,8,FF FF FF FF FF FF FF FF
1787467937.605603,123,8,FF FF FF FF FF FF FF FF
1787467937.607382,123,8,FF FF FF FF FF FF FF FF
1787467937.610572,123,8,FF FF FF FF FF FF FF FF
1787467937.612582,123,8,FF FF FF FF FF FF FF FF
1787467937.614703,123,8,FF FF FF FF FF FF FF FF
1787467937.617133,123,8,FF FF FF FF FF FF FF FF
1787467937.619145,123,8,FF FF FF FF FF FF FF FF
1787467937.621022,123,8,FF FF FF FF FF FF FF FF
1787467937.622995,123,8,FF FF FF FF FF FF FF FF
1787467937.625612,123,8,FF FF FF FF FF FF FF FF
1787467937.627611,123,8,FF FF FF FF FF FF FF FF
1787467937.629472,123,8,FF FF FF FF FF FF FF FF
1787467937.631400,123,8,FF FF FF FF FF FF FF FF
1787467937.633654,123,8,FF FF FF FF FF FF FF FF
1787467937.635922,123,8,FF FF FF FF FF FF FF FF
1787467937.638213,123,8,FF FF FF FF FF FF FF FF
1787467937.640372,123,8,FF FF FF FF FF FF FF FF
1787467937.643267,123,8,FF FF FF FF FF FF FF FF
1787467937.646255,123,8,FF FF FF FF FF FF FF FF
1787467937.650265,123,8,FF FF FF FF FF FF FF FF
1787467937.651910,123,8,FF FF FF FF FF FF FF FF
1787467937.654483,123,8,FF FF FF FF FF FF FF FF
1787467937.658086,123,8,FF FF FF FF FF FF FF FF
1787467937.659546,123,8,FF FF FF FF FF FF FF FF
1787467937.661985,123,8,FF FF FF FF FF FF FF FF
1787467937.664282,123,8,FF FF FF FF FF FF FF FF
1787467937.666690,123,8,FF FF FF FF FF FF FF FF
1787467937.668500,123,8,FF FF FF FF FF FF FF FF
1787467937.670722,123,8,FF FF FF FF FF FF FF FF
1787467937.673001,123,8,FF FF FF FF FF FF FF FF
1787467937.675196,123,8,FF FF FF FF FF FF FF FF
1787467937.677311,123,8,FF FF FF FF FF FF FF FF
1787467937.679754,123,8,FF FF FF FF FF FF FF FF
1787467937.682869,123,8,FF FF FF FF FF FF FF FF
1787467937.686975,123,8,FF FF FF FF FF FF FF FF
1787467937.694570,123,8,FF FF FF FF FF FF FF FF
1787467937.698100,123,8,FF FF FF FF FF FF FF FF
1787467937.705452,123,8,FF FF FF FF FF FF FF FF
1787467937.705494,123,8,FF FF FF FF FF FF FF FF
1787467937.705499,123,8,FF FF FF FF FF FF FF FF
1787467937.708846,123,8,FF FF FF FF FF FF FF FF
1787467937.715763,123,8,FF FF FF FF FF FF FF FF
1787467937.719758,123,8,FF FF FF FF FF FF FF FF
1787467937.727396,123,8,FF FF FF FF FF FF FF FF
1787467937.727436,123,8,FF FF FF FF FF FF FF FF
1787467937.729167,123,8,FF FF FF FF FF FF FF FF
1787467937.731703,123,8,FF FF FF FF FF FF FF FF
1787467937.734363,123,8,FF FF FF FF FF FF FF FF
1787467937.736488,123,8,FF FF FF FF FF FF FF FF
1787467937.738618,123,8,FF FF FF FF FF FF FF FF
1787467937.740733,123,8,FF FF FF FF FF FF FF FF
1787467937.742792,123,8,FF FF FF FF FF FF FF FF
1787467937.744641,123,8,FF FF FF FF FF FF FF FF
1787467937.746769,123,8,FF FF FF FF FF FF FF FF
1787467937.748750,123,8,FF FF FF FF FF FF FF FF
1787467937.752006,123,8,FF FF FF FF FF FF FF FF
1787467937.754591,123,8,FF FF FF FF FF FF FF FF
1787467937.757238,123,8,FF FF FF FF FF FF FF FF
1787467937.758408,123,8,FF FF FF FF FF FF FF FF
1787467937.760113,123,8,FF FF FF FF FF FF FF FF
1787467937.762261,123,8,FF FF FF FF FF FF FF FF
1787467937.763893,123,8,FF FF FF FF FF FF FF FF
1787467937.765615,123,8,FF FF FF FF FF FF FF FF
1787467937.768747,123,8,FF FF FF FF FF FF FF FF
1787467937.770427,123,8,FF FF FF FF FF FF FF FF
1787467937.772547,123,8,FF FF FF FF FF FF FF FF
1787467937.774928,123,8,FF FF FF FF FF FF FF FF
1787467937.776811,123,8,FF FF FF FF FF FF FF FF
1787467937.779557,123,8,FF FF FF FF FF FF FF FF
1787467937.782409,123,8,FF FF FF FF FF FF FF FF
1787467937.784803,123,8,FF FF FF FF FF FF FF FF
1787467937.787467,123,8,FF FF FF FF FF FF FF FF
1787467937.790351,123,8,FF FF FF FF FF FF FF FF
1787467937.792483,123,8,FF FF FF FF FF FF FF FF
1787467937.794924,123,8,FF FF FF FF FF FF FF FF
1787467937.797725,123,8,FF FF FF FF FF FF FF FF
1787467937.800283,123,8,FF FF FF FF FF FF FF FF
1787467937.806463,123,8,FF FF FF FF FF FF FF FF
1787467937.807787,123,8,FF FF FF FF FF FF FF FF
1787467937.809972,123,8,FF FF FF FF FF FF FF FF
1787467937.811652,123,8,FF FF FF FF FF FF FF FF
1787467937.813850,123,8,FF FF FF FF FF FF FF FF
1787467937.815984,123,8,FF FF FF FF FF FF FF FF
1787467937.818129,123,8,FF FF FF FF FF FF FF FF
1787467937.820314,123,8,FF FF FF FF FF FF FF FF
1787467937.822948,123,8,FF FF FF FF FF FF FF FF
1787467937.826504,123,8,FF FF FF FF FF FF FF FF
1787467937.829803,123,8,FF FF FF FF FF FF FF FF
1787467937.832971,123,8,FF FF FF FF FF FF FF FF
1787467937.836101,123,8,FF FF FF FF FF FF FF FF
1787467937.839324,123,8,FF FF FF FF FF FF FF FF
1787467937.843038,123,8,FF FF FF FF FF FF FF FF
1787467937.846985,123,8,FF FF FF FF FF FF FF FF
1787467937.849377,123,8,FF FF FF FF FF FF FF FF
1787467937.852858,123,8,FF FF FF FF FF FF FF FF
1787467937.855198,123,8,FF FF FF FF FF FF FF FF
1787467937.857087,123,8,FF FF FF FF FF FF FF FF
1787467937.858766,123,8,FF FF FF FF FF FF FF FF
1787467937.860448,123,8,FF FF FF FF FF FF FF FF
1787467937.862516,123,8,FF FF FF FF FF FF FF FF
1787467937.864676,123,8,FF FF FF FF FF FF FF FF
1787467937.866956,123,8,FF FF FF FF FF FF FF FF
1787467937.868860,123,8,FF FF FF FF FF FF FF FF
1787467937.871116,123,8,FF FF FF FF FF FF FF FF
1787467937.873430,123,8,FF FF FF FF FF FF FF FF
1787467937.875500,123,8,FF FF FF FF FF FF FF FF
1787467937.877432,123,8,FF FF FF FF FF FF FF FF
1787467937.879320,123,8,FF FF FF FF FF FF FF FF
1787467937.881510,123,8,FF FF FF FF FF FF FF FF
1787467937.883640,123,8,FF FF FF FF FF FF FF FF
1787467937.886690,123,8,FF FF FF FF FF FF FF FF
1787467937.888572,123,8,FF FF FF FF FF FF FF FF
1787467937.891277,123,8,FF FF FF FF FF FF FF FF
1787467937.897254,123,8,FF FF FF FF FF FF FF FF
1787467937.901916,123,8,FF FF FF FF FF FF FF FF
1787467937.903617,123,8,FF FF FF FF FF FF FF FF
1787467937.905478,123,8,FF FF FF FF FF FF FF FF
1787467937.907378,123,8,FF FF FF FF FF FF FF FF
1787467937.909469,123,8,FF FF FF FF FF FF FF FF
1787467937.911530,123,8,FF FF FF FF FF FF FF FF
1787467937.913375,123,8,FF FF FF FF FF FF FF FF
1787467937.915488,123,8,FF FF FF FF FF FF FF FF
1787467937.918451,123,8,FF FF FF FF FF FF FF FF
1787467937.920237,123,8,FF FF FF FF FF FF FF FF
1787467937.922204,123,8,FF FF FF FF FF FF FF FF
1787467937.924109,123,8,FF FF FF FF FF FF FF FF
1787467937.926224,123,8,FF FF FF FF FF FF FF FF
1787467937.927926,123,8,FF FF FF FF FF FF FF FF
1787467937.929932,123,8,FF FF FF FF FF FF FF FF
1787467937.932564,123,8,FF FF FF FF FF FF FF FF
1787467937.935138,123,8,FF FF FF FF FF FF FF FF
1787467937.937733,123,8,FF FF FF FF FF FF FF FF
1787467937.946028,123,8,FF FF FF FF FF FF FF FF
1787467937.947246,123,8,FF FF FF FF FF FF FF FF
1787467937.950796,123,8,FF FF FF FF FF FF FF FF
1787467937.953771,123,8,FF FF FF FF FF FF FF FF
1787467937.957366,123,8,FF FF FF FF FF FF FF FF
1787467937.960321,123,8,FF FF FF FF FF FF FF FF
1787467937.963876,123,8,FF FF FF FF FF FF FF FF
1787467937.967080,123,8,FF FF FF FF FF FF FF FF
1787467937.970701,123,8,FF FF FF FF FF FF FF FF
1787467937.973579,123,8,FF FF FF FF FF FF FF FF
1787467937.975280,123,8,FF FF FF FF FF FF FF FF
1787467937.977285,123,8,FF FF FF FF FF FF FF FF
1787467937.979457,123,8,FF FF FF FF FF FF FF FF
1787467937.981575,123,8,FF FF FF FF FF FF FF FF
1787467937.983428,123,8,FF FF FF FF FF FF FF FF
1787467937.985386,123,8,FF FF FF FF FF FF FF FF
1787467937.987396,123,8,FF FF FF FF FF FF FF FF
1787467937.989106,123,8,FF FF FF FF FF FF FF FF
1787467937.990991,123,8,FF FF FF FF FF FF FF FF
1787467937.993752,123,8,FF FF FF FF FF FF FF FF
1787467937.995653,123,8,FF FF FF FF FF FF FF FF
1787467937.997933,123,8,FF FF FF FF FF FF FF FF
1787467938.000079,123,8,FF FF FF FF FF FF FF FF
1787467938.002215,123,8,FF FF FF FF FF FF FF FF
1787467938.004020,123,8,FF FF FF FF FF FF FF FF
1787467938.005848,123,8,FF FF FF FF FF FF FF FF
1787467938.007860,123,8,FF FF FF FF FF FF FF FF
1787467938.009832,123,8,FF FF FF FF FF FF FF FF
1787467938.011548,123,8,FF FF FF FF FF FF FF FF
1787467938.013303,123,8,FF FF FF FF FF FF FF FF
1787467938.015847,123,8,FF FF FF FF FF FF FF FF
1787467938.017877,123,8,FF FF FF FF FF FF FF FF
1787467938.019554,123,8,FF FF FF FF FF FF FF FF
1787467938.021452,123,8,FF FF FF FF FF FF FF FF
1787467938.023263,123,8,FF FF FF FF FF FF FF FF
1787467938.025211,123,8,FF FF FF FF FF FF FF FF
1787467938.027061,123,8,FF FF FF FF FF FF FF FF
1787467938.028837,123,8,FF FF FF FF FF FF FF FF
1787467938.030757,123,8,FF FF FF FF FF FF FF FF
1787467938.032743,123,8,FF FF FF FF FF FF FF FF
1787467938.035183,123,8,FF FF FF FF FF FF FF FF
1787467938.037145,123,8,FF FF FF FF FF FF FF FF
1787467938.039001,123,8,FF FF FF FF FF FF FF FF
1787467938.040796,123,8,FF FF FF FF FF FF FF FF
1787467938.043051,123,8,FF FF FF FF FF FF FF FF
1787467938.045392,123,8,FF FF FF FF FF FF FF FF
1787467938.047075,123,8,FF FF FF FF FF FF FF FF
1787467938.049545,123,8,FF FF FF FF FF FF FF FF
1787467938.051291,123,8,FF FF FF FF FF FF FF FF
1787467938.053246,123,8,FF FF FF FF FF FF FF FF
1787467938.055368,123,8,FF FF FF FF FF FF FF FF
1787467938.057266,123,8,FF FF FF FF FF FF FF FF
1787467938.058975,123,8,FF FF FF FF FF FF FF FF
1787467938.060697,123,8,FF FF FF FF FF FF FF FF
1787467938.063236,123,8,FF FF FF FF FF FF FF FF
1787467938.066130,123,8,FF FF FF FF FF FF FF FF
1787467938.070303,123,8,FF FF FF FF FF FF FF FF
1787467938.077383,123,8,FF FF FF FF FF FF FF FF
1787467938.083474,123,8,FF FF FF FF FF FF FF FF
1787467938.086399,123,8,FF FF FF FF FF FF FF FF
1787467938.090250,123,8,FF FF FF FF FF FF FF FF
1787467938.093439,123,8,FF FF FF FF FF FF FF FF
1787467938.095422,123,8,FF FF FF FF FF FF FF FF
1787467938.097383,123,8,FF FF FF FF FF FF FF FF
1787467938.099609,123,8,FF FF FF FF FF FF FF FF
1787467938.101526,123,8,FF FF FF FF FF FF FF FF
1787467938.103521,123,8,FF FF FF FF FF FF FF FF
1787467938.105303,123,8,FF FF FF FF FF FF FF FF
1787467938.107985,123,8,FF FF FF FF FF FF FF FF
1787467938.109954,123,8,FF FF FF FF FF FF FF FF
1787467938.111643,123,8,FF FF FF FF FF FF FF FF
1787467938.113542,123,8,FF FF FF FF FF FF FF FF
1787467938.117600,123,8,FF FF FF FF FF FF FF FF
1787467938.120385,123,8,FF FF FF FF FF FF FF FF
1787467938.123183,123,8,FF FF FF FF FF FF FF FF
1787467938.128920,123,8,FF FF FF FF FF FF FF FF
1787467938.131274,123,8,FF FF FF FF FF FF FF FF
1787467938.133606,123,8,FF FF FF FF FF FF FF FF
1787467938.135343,123,8,FF FF FF FF FF FF FF FF
1787467938.136960,123,8,FF FF FF FF FF FF FF FF
1787467938.138978,123,8,FF FF FF FF FF FF FF FF
1787467938.140734,123,8,FF FF FF FF FF FF FF FF
1787467938.143143,123,8,FF FF FF FF FF FF FF FF
1787467938.145750,123,8,FF FF FF FF FF FF FF FF
1787467938.147523,123,8,FF FF FF FF FF FF FF FF
1787467938.149857,123,8,FF FF FF FF FF FF FF FF
1787467938.151916,123,8,FF FF FF FF FF FF FF FF
1787467938.154038,123,8,FF FF FF FF FF FF FF FF
1787467938.156032,123,8,FF FF FF FF FF FF FF FF
1787467938.158478,123,8,FF FF FF FF FF FF FF FF
1787467938.161187,123,8,FF FF FF FF FF FF FF FF
1787467938.163736,123,8,FF FF FF FF FF FF FF FF
1787467938.167492,123,8,FF FF FF FF FF FF FF FF
1787467938.170766,123,8,FF FF FF FF FF FF FF FF
1787467938.173547,123,8,FF FF FF FF FF FF FF FF
1787467938.176858,123,8,FF FF FF FF FF FF FF FF
1787467938.179444,123,8,FF FF FF FF FF FF FF FF
1787467938.182075,123,8,FF FF FF FF FF FF FF FF
1787467938.185441,123,8,FF FF FF FF FF FF FF FF
1787467938.188678,123,8,FF FF FF FF FF FF FF FF
1787467938.191491,123,8,FF FF FF FF FF FF FF FF
1787467938.194633,123,8,FF FF FF FF FF FF FF FF
1787467938.197444,123,8,FF FF FF FF FF FF FF FF
1787467938.200560,123,8,FF FF FF FF FF FF FF FF
1787467938.203671,123,8,FF FF FF FF FF FF FF FF
1787467938.208061,123,8,FF FF FF FF FF FF FF FF
1787467938.211380,123,8,FF FF FF FF FF FF FF FF
1787467938.214819,123,8,FF FF FF FF FF FF FF FF
1787467938.217190,123,8,FF FF FF FF FF FF FF FF
1787467938.219976,123,8,FF FF FF FF FF FF FF FF
1787467938.222028,123,8,FF FF FF FF FF FF FF FF
1787467938.225134,123,8,FF FF FF FF FF FF FF FF
1787467938.227272,123,8,FF FF FF FF FF FF FF FF
1787467938.229779,123,8,FF FF FF FF FF FF FF FF
1787467938.231897,123,8,FF FF FF FF FF FF FF FF
1787467938.234288,123,8,FF FF FF FF FF FF FF FF
1787467938.236109,123,8,FF FF FF FF FF FF FF FF
1787467938.238212,123,8,FF FF FF FF FF FF FF FF
1787467938.240015,123,8,FF FF FF FF FF FF FF FF
1787467938.241860,123,8,FF FF FF FF FF FF FF FF
1787467938.243847,123,8,FF FF FF FF FF FF FF FF
1787467938.245604,123,8,FF FF FF FF FF FF FF FF
1787467938.247490,123,8,FF FF FF FF FF FF FF FF
1787467938.249753,123,8,FF FF FF FF FF FF FF FF
1787467938.251655,123,8,FF FF FF FF FF FF FF FF
1787467938.253407,123,8,FF FF FF FF FF FF FF FF
1787467938.255637,123,8,FF FF FF FF FF FF FF FF
1787467938.257569,123,8,FF FF FF FF FF FF FF FF
1787467938.259525,123,8,FF FF FF FF FF FF FF FF
1787467938.261370,123,8,FF FF FF FF FF FF FF FF
1787467938.263720,123,8,FF FF FF FF FF FF FF FF
1787467938.266469,123,8,FF FF FF FF FF FF FF FF
1787467938.268688,123,8,FF FF FF FF FF FF FF FF
1787467938.274463,123,8,FF FF FF FF FF FF FF FF
1787467938.276252,123,8,FF FF FF FF FF FF FF FF
1787467938.277886,123,8,FF FF FF FF FF FF FF FF
1787467938.279873,123,8,FF FF FF FF FF FF FF FF
1787467938.282098,123,8,FF FF FF FF FF FF FF FF
1787467938.283971,123,8,FF FF FF FF FF FF FF FF
1787467938.286331,123,8,FF FF FF FF FF FF FF FF
1787467938.288141,123,8,FF FF FF FF FF FF FF FF
1787467938.290246,123,8,FF FF FF FF FF FF FF FF
1787467938.292307,123,8,FF FF FF FF FF FF FF FF
1787467938.294291,123,8,FF FF FF FF FF FF FF FF
1787467938.296082,123,8,FF FF FF FF FF FF FF FF
1787467938.298299,123,8,FF FF FF FF FF FF FF FF
1787467938.300148,123,8,FF FF FF FF FF FF FF FF
1787467938.302125,123,8,FF FF FF FF FF FF FF FF
1787467938.304682,123,8,FF FF FF FF FF FF FF FF
1787467938.308072,123,8,FF FF FF FF FF FF FF FF
1787467938.310776,123,8,FF FF FF FF FF FF FF FF
1787467938.313349,123,8,FF FF FF FF FF FF FF FF
1787467938.315834,123,8,FF FF FF FF FF FF FF FF
1787467938.319841,123,8,FF FF FF FF FF FF FF FF
1787467938.323828,123,8,FF FF FF FF FF FF FF FF
1787467938.326492,123,8,FF FF FF FF FF FF FF FF
1787467938.329328,123,8,FF FF FF FF FF FF FF FF
1787467938.332771,123,8,FF FF FF FF FF FF FF FF
1787467938.335060,123,8,FF FF FF FF FF FF FF FF
1787467938.336825,123,8,FF FF FF FF FF FF FF FF
1787467938.338805,123,8,FF FF FF FF FF FF FF FF
1787467938.340553,123,8,FF FF FF FF FF FF FF FF
1787467938.342460,123,8,FF FF FF FF FF FF FF FF
1787467938.344431,123,8,FF FF FF FF FF FF FF FF
1787467938.346605,123,8,FF FF FF FF FF FF FF FF
1787467938.348493,123,8,FF FF FF FF FF FF FF FF
1787467938.350709,123,8,FF FF FF FF FF FF FF FF
1787467938.353398,123,8,FF FF FF FF FF FF FF FF
1787467938.358078,123,8,FF FF FF FF FF FF FF FF
1787467938.359977,123,8,FF FF FF FF FF FF FF FF
1787467938.361739,123,8,FF FF FF FF FF FF FF FF
1787467938.363723,123,8,FF FF FF FF FF FF FF FF
1787467938.366440,123,8,FF FF FF FF FF FF FF FF
1787467938.368164,123,8,FF FF FF FF FF FF FF FF
1787467938.370578,123,8,FF FF FF FF FF FF FF FF
1787467938.372400,123,8,FF FF FF FF FF FF FF FF
1787467938.374259,123,8,FF FF FF FF FF FF FF FF
1787467938.375913,123,8,FF FF FF FF FF FF FF FF
1787467938.377368,123,8,FF FF FF FF FF FF FF FF
1787467938.379264,123,8,FF FF FF FF FF FF FF FF
1787467938.381175,123,8,FF FF FF FF FF FF FF FF
1787467938.383328,123,8,FF FF FF FF FF FF FF FF
1787467938.385562,123,8,FF FF FF FF FF FF FF FF
1787467938.387698,123,8,FF FF FF FF FF FF FF FF
1787467938.390404,123,8,FF FF FF FF FF FF FF FF
1787467938.393116,123,8,FF FF FF FF FF FF FF FF
1787467938.396015,123,8,FF FF FF FF FF FF FF FF
1787467938.399734,123,8,FF FF FF FF FF FF FF FF
1787467938.402063,123,8,FF FF FF FF FF FF FF FF
1787467938.406753,123,8,FF FF FF FF FF FF FF FF
1787467938.408764,123,8,FF FF FF FF FF FF FF FF
1787467938.411699,123,8,FF FF FF FF FF FF FF FF
1787467938.414311,123,8,FF FF FF FF FF FF FF FF
1787467938.416380,123,8,FF FF FF FF FF FF FF FF
1787467938.418380,123,8,FF FF FF FF FF FF FF FF
1787467938.421107,123,8,FF FF FF FF FF FF FF FF
1787467938.423633,123,8,FF FF FF FF FF FF FF FF
1787467938.427166,123,8,FF FF FF FF FF FF FF FF
1787467938.430578,123,8,FF FF FF FF FF FF FF FF
1787467938.434164,123,8,FF FF FF FF FF FF FF FF
1787467938.437690,123,8,FF FF FF FF FF FF FF FF
1787467938.440774,123,8,FF FF FF FF FF FF FF FF
1787467938.443882,123,8,FF FF FF FF FF FF FF FF
1787467938.452105,123,8,FF FF FF FF FF FF FF FF
1787467938.456878,123,8,FF FF FF FF FF FF FF FF
1787467938.458445,123,8,FF FF FF FF FF FF FF FF
1787467938.460464,123,8,FF FF FF FF FF FF FF FF
1787467938.464298,123,8,FF FF FF FF FF FF FF FF
1787467938.466009,123,8,FF FF FF FF FF FF FF FF
1787467938.468723,123,8,FF FF FF FF FF FF FF FF
1787467938.470946,123,8,FF FF FF FF FF FF FF FF
1787467938.472756,123,8,FF FF FF FF FF FF FF FF
1787467938.474757,123,8,FF FF FF FF FF FF FF FF
1787467938.476608,123,8,FF FF FF FF FF FF FF FF
1787467938.478615,123,8,FF FF FF FF FF FF FF FF
1787467938.480317,123,8,FF FF FF FF FF FF FF FF
1787467938.482903,123,8,FF FF FF FF FF FF FF FF
1787467938.485142,123,8,FF FF FF FF FF FF FF FF
1787467938.487233,123,8,FF FF FF FF FF FF FF FF
1787467938.488944,123,8,FF FF FF FF FF FF FF FF
1787467938.490853,123,8,FF FF FF FF FF FF FF FF
1787467938.492689,123,8,FF FF FF FF FF FF FF FF
1787467938.494731,123,8,FF FF FF FF FF FF FF FF
1787467938.496491,123,8,FF FF FF FF FF FF FF FF
1787467938.498652,123,8,FF FF FF FF FF FF FF FF
1787467938.501292,123,8,FF FF FF FF FF FF FF FF
1787467938.503726,123,8,FF FF FF FF FF FF FF FF
1787467938.506469,123,8,FF FF FF FF FF FF FF FF
1787467938.512141,123,8,FF FF FF FF FF FF FF FF
1787467938.512190,123,8,FF FF FF FF FF FF FF FF
1787467938.513772,123,8,FF FF FF FF FF FF FF FF
1787467938.515482,123,8,FF FF FF FF FF FF FF FF
1787467938.518003,123,8,FF FF FF FF FF FF FF FF
1787467938.520423,123,8,FF FF FF FF FF FF FF FF
1787467938.522533,123,8,FF FF FF FF FF FF FF FF
1787467938.524861,123,8,FF FF FF FF FF FF FF FF
1787467938.526730,123,8,FF FF FF FF FF FF FF FF
1787467938.528618,123,8,FF FF FF FF FF FF FF FF
1787467938.531245,123,8,FF FF FF FF FF FF FF FF
1787467938.534223,123,8,FF FF FF FF FF FF FF FF
1787467938.536567,123,8,FF FF FF FF FF FF FF FF
1787467938.538940,123,8,FF FF FF FF FF FF FF FF
1787467938.541461,123,8,FF FF FF FF FF FF FF FF
1787467938.544889,123,8,FF FF FF FF FF FF FF FF
1787467938.549840,123,8,FF FF FF FF FF FF FF FF
1787467938.558136,123,8,FF FF FF FF FF FF FF FF
1787467938.566516,123,8,FF FF FF FF FF FF FF FF
1787467938.570191,123,8,FF FF FF FF FF FF FF FF
1787467938.572865,123,8,FF FF FF FF FF FF FF FF
1787467938.575030,123,8,FF FF FF FF FF FF FF FF
1787467938.576803,123,8,FF FF FF FF FF FF FF FF
1787467938.578660,123,8,FF FF FF FF FF FF FF FF
1787467938.580416,123,8,FF FF FF FF FF FF FF FF
1787467938.582821,123,8,FF FF FF FF FF FF FF FF
1787467938.584693,123,8,FF FF FF FF FF FF FF FF
1787467938.586922,123,8,FF FF FF FF FF FF FF FF
1787467938.588828,123,8,FF FF FF FF FF FF FF FF
1787467938.590984,123,8,FF FF FF FF FF FF FF FF
1787467938.592890,123,8,FF FF FF FF FF FF FF FF
1787467938.594941,123,8,FF FF FF FF FF FF FF FF
1787467938.596934,123,8,FF FF FF FF FF FF FF FF
1787467938.599439,123,8,FF FF FF FF FF FF FF FF
1787467938.601960,123,8,FF FF FF FF FF FF FF FF
1787467938.604361,123,8,FF FF FF FF FF FF FF FF
1787467938.606316,123,8,FF FF FF FF FF FF FF FF
1787467938.611641,123,8,FF FF FF FF FF FF FF FF
1787467938.613899,123,8,FF FF FF FF FF FF FF FF
1787467938.616334,123,8,FF FF FF FF FF FF FF FF
1787467938.618761,123,8,FF FF FF FF FF FF FF FF
1787467938.620814,123,8,FF FF FF FF FF FF FF FF
1787467938.622817,123,8,FF FF FF FF FF FF FF FF
1787467938.624830,123,8,FF FF FF FF FF FF FF FF
1787467938.626954,123,8,FF FF FF FF FF FF FF FF
1787467938.628973,123,8,FF FF FF FF FF FF FF FF
1787467938.631207,123,8,FF FF FF FF FF FF FF FF
1787467938.634227,123,8,FF FF FF FF FF FF FF FF
1787467938.636811,123,8,FF FF FF FF FF FF FF FF
1787467938.639661,123,8,FF FF FF FF FF FF FF FF
1787467938.643101,123,8,FF FF FF FF FF FF FF FF
1787467938.647863,123,8,FF FF FF FF FF FF FF FF
1787467938.651041,123,8,FF FF FF FF FF FF FF FF
1787467938.655614,123,8,FF FF FF FF FF FF FF FF
1787467938.660840,123,8,FF FF FF FF FF FF FF FF
1787467938.664906,123,8,FF FF FF FF FF FF FF FF
1787467938.669806,123,8,FF FF FF FF FF FF FF FF
1787467938.673851,123,8,FF FF FF FF FF FF FF FF
1787467938.677822,123,8,FF FF FF FF FF FF FF FF
1787467938.681098,123,8,FF FF FF FF FF FF FF FF
1787467938.684625,123,8,FF FF FF FF FF FF FF FF
1787467938.688038,123,8,FF FF FF FF FF FF FF FF
1787467938.695839,123,8,FF FF FF FF FF FF FF FF
1787467938.699664,123,8,FF FF FF FF FF FF FF FF
1787467938.703637,123,8,FF FF FF FF FF FF FF FF
1787467938.711656,123,8,FF FF FF FF FF FF FF FF
1787467938.714867,123,8,FF FF FF FF FF FF FF FF
1787467938.718393,123,8,FF FF FF FF FF FF FF FF
1787467938.720490,123,8,FF FF FF FF FF FF FF FF
1787467938.723873,123,8,FF FF FF FF FF FF FF FF
1787467938.727093,123,8,FF FF FF FF FF FF FF FF
1787467938.729482,123,8,FF FF FF FF FF FF FF FF
1787467938.732054,123,8,FF FF FF FF FF FF FF FF
1787467938.735034,123,8,FF FF FF FF FF FF FF FF
1787467938.737669,123,8,FF FF FF FF FF FF FF FF
1787467938.740249,123,8,FF FF FF FF FF FF FF FF
1787467938.743290,123,8,FF FF FF FF FF FF FF FF
1787467938.746033,123,8,FF FF FF FF FF FF FF FF
1787467938.748279,123,8,FF FF FF FF FF FF FF FF
1787467938.751868,123,8,FF FF FF FF FF FF FF FF
1787467938.758566,123,8,FF FF FF FF FF FF FF FF
1787467938.760740,123,8,FF FF FF FF FF FF FF FF
1787467938.762804,123,8,FF FF FF FF FF FF FF FF
1787467938.765471,123,8,FF FF FF FF FF FF FF FF
1787467938.767850,123,8,FF FF FF FF FF FF FF FF
1787467938.770199,123,8,FF FF FF FF FF FF FF FF
1787467938.772504,123,8,FF FF FF FF FF FF FF FF
1787467938.774590,123,8,FF FF FF FF FF FF FF FF
1787467938.776680,123,8,FF FF FF FF FF FF FF FF
1787467938.778672,123,8,FF FF FF FF FF FF FF FF
1787467938.780549,123,8,FF FF FF FF FF FF FF FF
1787467938.783799,123,8,FF FF FF FF FF FF FF FF
1787467938.787247,123,8,FF FF FF FF FF FF FF FF
1787467938.792179,123,8,FF FF FF FF FF FF FF FF
1787467938.794959,123,8,FF FF FF FF FF FF FF FF
1787467938.798203,123,8,FF FF FF FF FF FF FF FF
1787467938.802534,123,8,FF FF FF FF FF FF FF FF
1787467938.804338,123,8,FF FF FF FF FF FF FF FF
1787467938.809781,123,8,FF FF FF FF FF FF FF FF
1787467938.812616,123,8,FF FF FF FF FF FF FF FF
1787467938.815045,123,8,FF FF FF FF FF FF FF FF
1787467938.817214,123,8,FF FF FF FF FF FF FF FF
1787467938.819029,123,8,FF FF FF FF FF FF FF FF
1787467938.821565,123,8,FF FF FF FF FF FF FF FF
1787467938.823363,123,8,FF FF FF FF FF FF FF FF
1787467938.825419,123,8,FF FF FF FF FF FF FF FF
1787467938.827203,123,8,FF FF FF FF FF FF FF FF
1787467938.829277,123,8,FF FF FF FF FF FF FF FF
1787467938.831363,123,8,FF FF FF FF FF FF FF FF
1787467938.833761,123,8,FF FF FF FF FF FF FF FF
1787467938.835488,123,8,FF FF FF FF FF FF FF FF
1787467938.837356,123,8,FF FF FF FF FF FF FF FF
1787467938.839433,123,8,FF FF FF FF FF FF FF FF
1787467938.841537,123,8,FF FF FF FF FF FF FF FF
1787467938.844507,123,8,FF FF FF FF FF FF FF FF
1787467938.846576,123,8,FF FF FF FF FF FF FF FF
1787467938.849221,123,8,FF FF FF FF FF FF FF FF
1787467938.851175,123,8,FF FF FF FF FF FF FF FF
1787467938.857388,123,8,FF FF FF FF FF FF FF FF
1787467938.859357,123,8,FF FF FF FF FF FF FF FF
1787467938.862000,123,8,FF FF FF FF FF FF FF FF
1787467938.864426,123,8,FF FF FF FF FF FF FF FF
1787467938.866762,123,8,FF FF FF FF FF FF FF FF
1787467938.868879,123,8,FF FF FF FF FF FF FF FF
1787467938.871350,123,8,FF FF FF FF FF FF FF FF
1787467938.873510,123,8,FF FF FF FF FF FF FF FF
1787467938.875265,123,8,FF FF FF FF FF FF FF FF
1787467938.877414,123,8,FF FF FF FF FF FF FF FF
1787467938.879454,123,8,FF FF FF FF FF FF FF FF
1787467938.881902,123,8,FF FF FF FF FF FF FF FF
1787467938.884117,123,8,FF FF FF FF FF FF FF FF
1787467938.886355,123,8,FF FF FF FF FF FF FF FF
1787467938.889395,123,8,FF FF FF FF FF FF FF FF
1787467938.894413,123,8,FF FF FF FF FF FF FF FF
1787467938.896658,123,8,FF FF FF FF FF FF FF FF
1787467938.906378,123,8,FF FF FF FF FF FF FF FF
1787467938.910739,123,8,FF FF FF FF FF FF FF FF
1787467938.915378,123,8,FF FF FF FF FF FF FF FF
1787467938.919233,123,8,FF FF FF FF FF FF FF FF
1787467938.922400,123,8,FF FF FF FF FF FF FF FF
1787467938.925496,123,8,FF FF FF FF FF FF FF FF
1787467938.928756,123,8,FF FF FF FF FF FF FF FF
1787467938.932242,123,8,FF FF FF FF FF FF FF FF
1787467938.935547,123,8,FF FF FF FF FF FF FF FF
1787467938.944768,123,8,FF FF FF FF FF FF FF FF
1787467938.953920,123,8,FF FF FF FF FF FF FF FF
1787467938.953989,123,8,FF FF FF FF FF FF FF FF
1787467938.954583,123,8,FF FF FF FF FF FF FF FF
1787467938.957373,123,8,FF FF FF FF FF FF FF FF
1787467938.960062,123,8,FF FF FF FF FF FF FF FF
1787467938.962725,123,8,FF FF FF FF FF FF FF FF
1787467938.964696,123,8,FF FF FF FF FF FF FF FF
1787467938.966861,123,8,FF FF FF FF FF FF FF FF
1787467938.968859,123,8,FF FF FF FF FF FF FF FF
1787467938.970867,123,8,FF FF FF FF FF FF FF FF
1787467938.972859,123,8,FF FF FF FF FF FF FF FF
1787467938.974741,123,8,FF FF FF FF FF FF FF FF
1787467938.976492,123,8,FF FF FF FF FF FF FF FF
1787467938.978792,123,8,FF FF FF FF FF FF FF FF
1787467938.980927,123,8,FF FF FF FF FF FF FF FF
1787467938.983123,123,8,FF FF FF FF FF FF FF FF
1787467938.986086,123,8,FF FF FF FF FF FF FF FF
1787467938.987737,123,8,FF FF FF FF FF FF FF FF
1787467938.989638,123,8,FF FF FF FF FF FF FF FF
1787467938.991232,123,8,FF FF FF FF FF FF FF FF
1787467938.993006,123,8,FF FF FF FF FF FF FF FF
1787467938.994848,123,8,FF FF FF FF FF FF FF FF
1787467938.996543,123,8,FF FF FF FF FF FF FF FF
1787467938.998471,123,8,FF FF FF FF FF FF FF FF
1787467939.000410,123,8,FF FF FF FF FF FF FF FF
1787467939.002384,123,8,FF FF FF FF FF FF FF FF
1787467939.004735,123,8,FF FF FF FF FF FF FF FF
1787467939.006679,123,8,FF FF FF FF FF FF FF FF
1787467939.008449,123,8,FF FF FF FF FF FF FF FF
1787467939.010302,123,8,FF FF FF FF FF FF FF FF
1787467939.012545,123,8,FF FF FF FF FF FF FF FF
1787467939.014531,123,8,FF FF FF FF FF FF FF FF
1787467939.016558,123,8,FF FF FF FF FF FF FF FF
1787467939.018705,123,8,FF FF FF FF FF FF FF FF
1787467939.020428,123,8,FF FF FF FF FF FF FF FF
1787467939.022332,123,8,FF FF FF FF FF FF FF FF
1787467939.024213,123,8,FF FF FF FF FF FF FF FF
1787467939.026085,123,8,FF FF FF FF FF FF FF FF
1787467939.028635,123,8,FF FF FF FF FF FF FF FF
1787467939.030749,123,8,FF FF FF FF FF FF FF FF
1787467939.033001,123,8,FF FF FF FF FF FF FF FF
1787467939.034395,123,8,FF FF FF FF FF FF FF FF
1787467939.036068,123,8,FF FF FF FF FF FF FF FF
1787467939.039133,123,8,FF FF FF FF FF FF FF FF
1787467939.040291,123,8,FF FF FF FF FF FF FF FF
1787467939.042058,123,8,FF FF FF FF FF FF FF FF
1787467939.043740,123,8,FF FF FF FF FF FF FF FF
1787467939.046088,123,8,FF FF FF FF FF FF FF FF
1787467939.048165,123,8,FF FF FF FF FF FF FF FF
1787467939.050158,123,8,FF FF FF FF FF FF FF FF
1787467939.051936,123,8,FF FF FF FF FF FF FF FF
1787467939.055129,123,8,FF FF FF FF FF FF FF FF
1787467939.058655,123,8,FF FF FF FF FF FF FF FF
1787467939.062159,123,8,FF FF FF FF FF FF FF FF
1787467939.065484,123,8,FF FF FF FF FF FF FF FF
1787467939.068527,123,8,FF FF FF FF FF FF FF FF
1787467939.072095,123,8,FF FF FF FF FF FF FF FF
1787467939.080108,123,8,FF FF FF FF FF FF FF FF
1787467939.088275,123,8,FF FF FF FF FF FF FF FF
1787467939.088305,123,8,FF FF FF FF FF FF FF FF
1787467939.090147,123,8,FF FF FF FF FF FF FF FF
1787467939.091899,123,8,FF FF FF FF FF FF FF FF
1787467939.093933,123,8,FF FF FF FF FF FF FF FF
1787467939.095623,123,8,FF FF FF FF FF FF FF FF
1787467939.097885,123,8,FF FF FF FF FF FF FF FF
1787467939.099786,123,8,FF FF FF FF FF FF FF FF
1787467939.101878,123,8,FF FF FF FF FF FF FF FF
1787467939.103896,123,8,FF FF FF FF FF FF FF FF
1787467939.105710,123,8,FF FF FF FF FF FF FF FF
1787467939.107409,123,8,FF FF FF FF FF FF FF FF
1787467939.109351,123,8,FF FF FF FF FF FF FF FF
1787467939.111220,123,8,FF FF FF FF FF FF FF FF
1787467939.113054,123,8,FF FF FF FF FF FF FF FF
1787467939.115540,123,8,FF FF FF FF FF FF FF FF
1787467939.117740,123,8,FF FF FF FF FF FF FF FF
1787467939.119615,123,8,FF FF FF FF FF FF FF FF
1787467939.121662,123,8,FF FF FF FF FF FF FF FF
1787467939.123609,123,8,FF FF FF FF FF FF FF FF
1787467939.125725,123,8,FF FF FF FF FF FF FF FF
1787467939.128280,123,8,FF FF FF FF FF FF FF FF
1787467939.131639,123,8,FF FF FF FF FF FF FF FF
1787467939.138217,123,8,FF FF FF FF FF FF FF FF
1787467939.140266,123,8,FF FF FF FF FF FF FF FF
1787467939.142362,123,8,FF FF FF FF FF FF FF FF
1787467939.144441,123,8,FF FF FF FF FF FF FF FF
1787467939.146179,123,8,FF FF FF FF FF FF FF FF
1787467939.147857,123,8,FF FF FF FF FF FF FF FF
1787467939.150154,123,8,FF FF FF FF FF FF FF FF
1787467939.152307,123,8,FF FF FF FF FF FF FF FF
1787467939.154415,123,8,FF FF FF FF FF FF FF FF
1787467939.156538,123,8,FF FF FF FF FF FF FF FF
1787467939.158902,123,8,FF FF FF FF FF FF FF FF
1787467939.161811,123,8,FF FF FF FF FF FF FF FF
1787467939.164725,123,8,FF FF FF FF FF FF FF FF
1787467939.167820,123,8,FF FF FF FF FF FF FF FF
1787467939.170663,123,8,FF FF FF FF FF FF FF FF
1787467939.180129,123,8,FF FF FF FF FF FF FF FF
1787467939.185391,123,8,FF FF FF FF FF FF FF FF
1787467939.189146,123,8,FF FF FF FF FF FF FF FF
1787467939.191764,123,8,FF FF FF FF FF FF FF FF
1787467939.194534,123,8,FF FF FF FF FF FF FF FF
1787467939.197959,123,8,FF FF FF FF FF FF FF FF
1787467939.205107,123,8,FF FF FF FF FF FF FF FF
1787467939.207223,123,8,FF FF FF FF FF FF FF FF
1787467939.209088,123,8,FF FF FF FF FF FF FF FF
1787467939.211157,123,8,FF FF FF FF FF FF FF FF
1787467939.213163,123,8,FF FF FF FF FF FF FF FF
1787467939.215426,123,8,FF FF FF FF FF FF FF FF
1787467939.217716,123,8,FF FF FF FF FF FF FF FF
1787467939.221303,123,8,FF FF FF FF FF FF FF FF
1787467939.226390,123,8,FF FF FF FF FF FF FF FF
1787467939.229166,123,8,FF FF FF FF FF FF FF FF
1787467939.231289,123,8,FF FF FF FF FF FF FF FF
1787467939.234283,123,8,FF FF FF FF FF FF FF FF
1787467939.236392,123,8,FF FF FF FF FF FF FF FF
1787467939.238259,123,8,FF FF FF FF FF FF FF FF
1787467939.240267,123,8,FF FF FF FF FF FF FF FF
1787467939.242395,123,8,FF FF FF FF FF FF FF FF
1787467939.244402,123,8,FF FF FF FF FF FF FF FF
1787467939.246360,123,8,FF FF FF FF FF FF FF FF
1787467939.248611,123,8,FF FF FF FF FF FF FF FF
1787467939.250530,123,8,FF FF FF FF FF FF FF FF
1787467939.253138,123,8,FF FF FF FF FF FF FF FF
1787467939.255068,123,8,FF FF FF FF FF FF FF FF
1787467939.257181,123,8,FF FF FF FF FF FF FF FF
1787467939.259120,123,8,FF FF FF FF FF FF FF FF
1787467939.261010,123,8,FF FF FF FF FF FF FF FF
1787467939.263035,123,8,FF FF FF FF FF FF FF FF
1787467939.265347,123,8,FF FF FF FF FF FF FF FF
1787467939.267325,123,8,FF FF FF FF FF FF FF FF
1787467939.270053,123,8,FF FF FF FF FF FF FF FF
1787467939.272467,123,8,FF FF FF FF FF FF FF FF
1787467939.275238,123,8,FF FF FF FF FF FF FF FF
1787467939.277836,123,8,FF FF FF FF FF FF FF FF
1787467939.279632,123,8,FF FF FF FF FF FF FF FF
1787467939.281673,123,8,FF FF FF FF FF FF FF FF
1787467939.283653,123,8,FF FF FF FF FF FF FF FF
1787467939.285881,123,8,FF FF FF FF FF FF FF FF
1787467939.287799,123,8,FF FF FF FF FF FF FF FF
1787467939.290724,123,8,FF FF FF FF FF FF FF FF
1787467939.293716,123,8,FF FF FF FF FF FF FF FF
1787467939.296670,123,8,FF FF FF FF FF FF FF FF
1787467939.299881,123,8,FF FF FF FF FF FF FF FF
1787467939.303157,123,8,FF FF FF FF FF FF FF FF
1787467939.306419,123,8,FF FF FF FF FF FF FF FF
1787467939.309215,123,8,FF FF FF FF FF FF FF FF
1787467939.312129,123,8,FF FF FF FF FF FF FF FF
1787467939.315353,123,8,FF FF FF FF FF FF FF FF
1787467939.319301,123,8,FF FF FF FF FF FF FF FF
1787467939.323479,123,8,FF FF FF FF FF FF FF FF
1787467939.325791,123,8,FF FF FF FF FF FF FF FF
1787467939.328253,123,8,FF FF FF FF FF FF FF FF
1787467939.330571,123,8,FF FF FF FF FF FF FF FF
1787467939.332729,123,8,FF FF FF FF FF FF FF FF
1787467939.334965,123,8,FF FF FF FF FF FF FF FF
1787467939.337507,123,8,FF FF FF FF FF FF FF FF
1787467939.339393,123,8,FF FF FF FF FF FF FF FF
1787467939.341561,123,8,FF FF FF FF FF FF FF FF
1787467939.343433,123,8,FF FF FF FF FF FF FF FF
1787467939.345577,123,8,FF FF FF FF FF FF FF FF
1787467939.347633,123,8,FF FF FF FF FF FF FF FF
1787467939.349848,123,8,FF FF FF FF FF FF FF FF
1787467939.352115,123,8,FF FF FF FF FF FF FF FF
1787467939.354165,123,8,FF FF FF FF FF FF FF FF
1787467939.355933,123,8,FF FF FF FF FF FF FF FF
1787467939.358187,123,8,FF FF FF FF FF FF FF FF
1787467939.360239,123,8,FF FF FF FF FF FF FF FF
1787467939.362486,123,8,FF FF FF FF FF FF FF FF
1787467939.364059,123,8,FF FF FF FF FF FF FF FF
1787467939.365956,123,8,FF FF FF FF FF FF FF FF
1787467939.367667,123,8,FF FF FF FF FF FF FF FF
1787467939.369496,123,8,FF FF FF FF FF FF FF FF
1787467939.371283,123,8,FF FF FF FF FF FF FF FF
1787467939.373320,123,8,FF FF FF FF FF FF FF FF
1787467939.375180,123,8,FF FF FF FF FF FF FF FF
1787467939.376906,123,8,FF FF FF FF FF FF FF FF
1787467939.378858,123,8,FF FF FF FF FF FF FF FF
1787467939.381692,123,8,FF FF FF FF FF FF FF FF
1787467939.383652,123,8,FF FF FF FF FF FF FF FF
1787467939.385225,123,8,FF FF FF FF FF FF FF FF
1787467939.387066,123,8,FF FF FF FF FF FF FF FF
1787467939.389340,123,8,FF FF FF FF FF FF FF FF
1787467939.391727,123,8,FF FF FF FF FF FF FF FF
1787467939.393879,123,8,FF FF FF FF FF FF FF FF
1787467939.395745,123,8,FF FF FF FF FF FF FF FF
1787467939.397941,123,8,FF FF FF FF FF FF FF FF
1787467939.400041,123,8,FF FF FF FF FF FF FF FF
1787467939.402024,123,8,FF FF FF FF FF FF FF FF
1787467939.403919,123,8,FF FF FF FF FF FF FF FF
1787467939.405905,123,8,FF FF FF FF FF FF FF FF
1787467939.408665,123,8,FF FF FF FF FF FF FF FF
1787467939.414992,123,8,FF FF FF FF FF FF FF FF
1787467939.418082,123,8,FF FF FF FF FF FF FF FF
1787467939.421122,123,8,FF FF FF FF FF FF FF FF
1787467939.424085,123,8,FF FF FF FF FF FF FF FF
1787467939.427736,123,8,FF FF FF FF FF FF FF FF
1787467939.431100,123,8,FF FF FF FF FF FF FF FF
1787467939.434519,123,8,FF FF FF FF FF FF FF FF
1787467939.437758,123,8,FF FF FF FF FF FF FF FF
1787467939.440407,123,8,FF FF FF FF FF FF FF FF
1787467939.442729,123,8,FF FF FF FF FF FF FF FF
1787467939.444702,123,8,FF FF FF FF FF FF FF FF
1787467939.446554,123,8,FF FF FF FF FF FF FF FF
1787467939.448636,123,8,FF FF FF FF FF FF FF FF
1787467939.451381,123,8,FF FF FF FF FF FF FF FF
1787467939.453187,123,8,FF FF FF FF FF FF FF FF
1787467939.455101,123,8,FF FF FF FF FF FF FF FF
1787467939.456790,123,8,FF FF FF FF FF FF FF FF
1787467939.458736,123,8,FF FF FF FF FF FF FF FF
1787467939.460288,123,8,FF FF FF FF FF FF FF FF
1787467939.462898,123,8,FF FF FF FF FF FF FF FF
1787467939.464983,123,8,FF FF FF FF FF FF FF FF
1787467939.466951,123,8,FF FF FF FF FF FF FF FF
1787467939.469552,123,8,FF FF FF FF FF FF FF FF
1787467939.471395,123,8,FF FF FF FF FF FF FF FF
1787467939.473654,123,8,FF FF FF FF FF FF FF FF
1787467939.475502,123,8,FF FF FF FF FF FF FF FF
1787467939.477757,123,8,FF FF FF FF FF FF FF FF
1787467939.479515,123,8,FF FF FF FF FF FF FF FF
1787467939.481854,123,8,FF FF FF FF FF FF FF FF
1787467939.483649,123,8,FF FF FF FF FF FF FF FF
1787467939.486094,123,8,FF FF FF FF FF FF FF FF
1787467939.487800,123,8,FF FF FF FF FF FF FF FF
1787467939.489895,123,8,FF FF FF FF FF FF FF FF
1787467939.491751,123,8,FF FF FF FF FF FF FF FF
1787467939.494124,123,8,FF FF FF FF FF FF FF FF
1787467939.495969,123,8,FF FF FF FF FF FF FF FF
1787467939.498313,123,8,FF FF FF FF FF FF FF FF
1787467939.500845,123,8,FF FF FF FF FF FF FF FF
1787467939.507241,123,8,FF FF FF FF FF FF FF FF
1787467939.510505,123,8,FF FF FF FF FF FF FF FF
1787467939.515627,123,8,FF FF FF FF FF FF FF FF
1787467939.518364,123,8,FF FF FF FF FF FF FF FF
1787467939.520656,123,8,FF FF FF FF FF FF FF FF
1787467939.522947,123,8,FF FF FF FF FF FF FF FF
1787467939.525516,123,8,FF FF FF FF FF FF FF FF
1787467939.527567,123,8,FF FF FF FF FF FF FF FF
1787467939.529580,123,8,FF FF FF FF FF FF FF FF
1787467939.531885,123,8,FF FF FF FF FF FF FF FF
1787467939.535016,123,8,FF FF FF FF FF FF FF FF
1787467939.538007,123,8,FF FF FF FF FF FF FF FF
1787467939.540704,123,8,FF FF FF FF FF FF FF FF
1787467939.543658,123,8,FF FF FF FF FF FF FF FF
1787467939.547631,123,8,FF FF FF FF FF FF FF FF
1787467939.551174,123,8,FF FF FF FF FF FF FF FF
1787467939.554643,123,8,FF FF FF FF FF FF FF FF
1787467939.557630,123,8,FF FF FF FF FF FF FF FF
1787467939.560908,123,8,FF FF FF FF FF FF FF FF
1787467939.564318,123,8,FF FF FF FF FF FF FF FF
1787467939.567734,123,8,FF FF FF FF FF FF FF FF
1787467939.569921,123,8,FF FF FF FF FF FF FF FF
1787467939.572437,123,8,FF FF FF FF FF FF FF FF
1787467939.575770,123,8,FF FF FF FF FF FF FF FF
1787467939.579651,123,8,FF FF FF FF FF FF FF FF
1787467939.582503,123,8,FF FF FF FF FF FF FF FF
1787467939.585616,123,8,FF FF FF FF FF FF FF FF
1787467939.589004,123,8,FF FF FF FF FF FF FF FF
1787467939.592374,123,8,FF FF FF FF FF FF FF FF
1787467939.597746,123,8,FF FF FF FF FF FF FF FF
1787467939.600173,123,8,FF FF FF FF FF FF FF FF
1787467939.602950,123,8,FF FF FF FF FF FF FF FF
1787467939.608557,123,8,FF FF FF FF FF FF FF FF
1787467939.610587,123,8,FF FF FF FF FF FF FF FF
1787467939.612447,123,8,FF FF FF FF FF FF FF FF
1787467939.614600,123,8,FF FF FF FF FF FF FF FF
1787467939.616529,123,8,FF FF FF FF FF FF FF FF
1787467939.618716,123,8,FF FF FF FF FF FF FF FF
1787467939.620196,123,8,FF FF FF FF FF FF FF FF
1787467939.621686,123,8,FF FF FF FF FF FF FF FF
1787467939.623139,123,8,FF FF FF FF FF FF FF FF
1787467939.625137,123,8,FF FF FF FF FF FF FF FF
1787467939.627234,123,8,FF FF FF FF FF FF FF FF
1787467939.629316,123,8,FF FF FF FF FF FF FF FF
1787467939.631819,123,8,FF FF FF FF FF FF FF FF
1787467939.634360,123,8,FF FF FF FF FF FF FF FF
1787467939.636308,123,8,FF FF FF FF FF FF FF FF
1787467939.638764,123,8,FF FF FF FF FF FF FF FF
1787467939.642319,123,8,FF FF FF FF FF FF FF FF
1787467939.645072,123,8,FF FF FF FF FF FF FF FF
1787467939.648492,123,8,FF FF FF FF FF FF FF FF
1787467939.651586,123,8,FF FF FF FF FF FF FF FF
1787467939.655615,123,8,FF FF FF FF FF FF FF FF
1787467939.658733,123,8,FF FF FF FF FF FF FF FF
1787467939.661590,123,8,FF FF FF FF FF FF FF FF
1787467939.664346,123,8,FF FF FF FF FF FF FF FF
1787467939.667147,123,8,FF FF FF FF FF FF FF FF
1787467939.669971,123,8,FF FF FF FF FF FF FF FF
1787467939.672930,123,8,FF FF FF FF FF FF FF FF
1787467939.675885,123,8,FF FF FF FF FF FF FF FF
1787467939.678790,123,8,FF FF FF FF FF FF FF FF
1787467939.682432,123,8,FF FF FF FF FF FF FF FF
1787467939.687488,123,8,FF FF FF FF FF FF FF FF
1787467939.697867,123,8,FF FF FF FF FF FF FF FF
1787467939.705799,123,8,FF FF FF FF FF FF FF FF
1787467939.712175,123,8,FF FF FF FF FF FF FF FF
1787467939.715271,123,8,FF FF FF FF FF FF FF FF
1787467939.717200,123,8,FF FF FF FF FF FF FF FF
1787467939.719677,123,8,FF FF FF FF FF FF FF FF
1787467939.722096,123,8,FF FF FF FF FF FF FF FF
1787467939.724093,123,8,FF FF FF FF FF FF FF FF
1787467939.726118,123,8,FF FF FF FF FF FF FF FF
1787467939.728232,123,8,FF FF FF FF FF FF FF FF
1787467939.730297,123,8,FF FF FF FF FF FF FF FF
1787467939.732590,123,8,FF FF FF FF FF FF FF FF
1787467939.734637,123,8,FF FF FF FF FF FF FF FF
1787467939.736639,123,8,FF FF FF FF FF FF FF FF
1787467939.738504,123,8,FF FF FF FF FF FF FF FF
1787467939.744132,123,8,FF FF FF FF FF FF FF FF
1787467939.751900,123,8,FF FF FF FF FF FF FF FF
1787467939.751940,123,8,FF FF FF FF FF FF FF FF
1787467939.754130,123,8,FF FF FF FF FF FF FF FF
1787467939.756165,123,8,FF FF FF FF FF FF FF FF
1787467939.758355,123,8,FF FF FF FF FF FF FF FF
1787467939.760265,123,8,FF FF FF FF FF FF FF FF
1787467939.762436,123,8,FF FF FF FF FF FF FF FF
1787467939.765189,123,8,FF FF FF FF FF FF FF FF
1787467939.767290,123,8,FF FF FF FF FF FF FF FF
1787467939.769606,123,8,FF FF FF FF FF FF FF FF
1787467939.772026,123,8,FF FF FF FF FF FF FF FF
1787467939.775185,123,8,FF FF FF FF FF FF FF FF
1787467939.777650,123,8,FF FF FF FF FF FF FF FF
1787467939.780206,123,8,FF FF FF FF FF FF FF FF
1787467939.783017,123,8,FF FF FF FF FF FF FF FF
1787467939.785529,123,8,FF FF FF FF FF FF FF FF
1787467939.788326,123,8,FF FF FF FF FF FF FF FF
1787467939.790926,123,8,FF FF FF FF FF FF FF FF
1787467939.794228,123,8,FF FF FF FF FF FF FF FF
1787467939.798849,123,8,FF FF FF FF FF FF FF FF
1787467939.804259,123,8,FF FF FF FF FF FF FF FF
1787467939.808351,123,8,FF FF FF FF FF FF FF FF
1787467939.811492,123,8,FF FF FF FF FF FF FF FF
1787467939.814681,123,8,FF FF FF FF FF FF FF FF
1787467939.818079,123,8,FF FF FF FF FF FF FF FF
1787467939.821111,123,8,FF FF FF FF FF FF FF FF
1787467939.823683,123,8,FF FF FF FF FF FF FF FF
1787467939.826867,123,8,FF FF FF FF FF FF FF FF
1787467939.830430,123,8,FF FF FF FF FF FF FF FF
1787467939.835974,123,8,FF FF FF FF FF FF FF FF
1787467939.838454,123,8,FF FF FF FF FF FF FF FF
1787467939.844773,123,8,FF FF FF FF FF FF FF FF
1787467939.844809,123,8,FF FF FF FF FF FF FF FF
1787467939.846935,123,8,FF FF FF FF FF FF FF FF
1787467939.849625,123,8,FF FF FF FF FF FF FF FF
1787467939.851561,123,8,FF FF FF FF FF FF FF FF
1787467939.853887,123,8,FF FF FF FF FF FF FF FF
1787467939.855954,123,8,FF FF FF FF FF FF FF FF
1787467939.858057,123,8,FF FF FF FF FF FF FF FF
1787467939.859769,123,8,FF FF FF FF FF FF FF FF
1787467939.861884,123,8,FF FF FF FF FF FF FF FF
1787467939.863997,123,8,FF FF FF FF FF FF FF FF
1787467939.866049,123,8,FF FF FF FF FF FF FF FF
1787467939.867762,123,8,FF FF FF FF FF FF FF FF
1787467939.869944,123,8,FF FF FF FF FF FF FF FF
1787467939.872310,123,8,FF FF FF FF FF FF FF FF
1787467939.874277,123,8,FF FF FF FF FF FF FF FF
1787467939.876575,123,8,FF FF FF FF FF FF FF FF
1787467939.879146,123,8,FF FF FF FF FF FF FF FF
1787467939.887163,123,8,FF FF FF FF FF FF FF FF
1787467939.891638,123,8,FF FF FF FF FF FF FF FF
1787467939.897183,123,8,FF FF FF FF FF FF FF FF
1787467939.897226,123,8,FF FF FF FF FF FF FF FF
1787467939.899056,123,8,FF FF FF FF FF FF FF FF
1787467939.901262,123,8,FF FF FF FF FF FF FF FF
1787467939.903234,123,8,FF FF FF FF FF FF FF FF
1787467939.906064,123,8,FF FF FF FF FF FF FF FF
1787467939.908047,123,8,FF FF FF FF FF FF FF FF
1787467939.910474,123,8,FF FF FF FF FF FF FF FF
1787467939.912786,123,8,FF FF FF FF FF FF FF FF
1787467939.915311,123,8,FF FF FF FF FF FF FF FF
1787467939.917866,123,8,FF FF FF FF FF FF FF FF
1787467939.920202,123,8,FF FF FF FF FF FF FF FF
1787467939.923803,123,8,FF FF FF FF FF FF FF FF
1787467939.933982,123,8,FF FF FF FF FF FF FF FF
1787467939.938044,123,8,FF FF FF FF FF FF FF FF
1787467939.942564,123,8,FF FF FF FF FF FF FF FF
1787467939.948758,123,8,FF FF FF FF FF FF FF FF
1787467939.952039,123,8,FF FF FF FF FF FF FF FF
1787467939.955877,123,8,FF FF FF FF FF FF FF FF
1787467939.960310,123,8,FF FF FF FF FF FF FF FF
1787467939.962381,123,8,FF FF FF FF FF FF FF FF
1787467939.964317,123,8,FF FF FF FF FF FF FF FF
1787467939.966461,123,8,FF FF FF FF FF FF FF FF
1787467939.968304,123,8,FF FF FF FF FF FF FF FF
1787467939.970185,123,8,FF FF FF FF FF FF FF FF
1787467939.972075,123,8,FF FF FF FF FF FF FF FF
1787467939.974220,123,8,FF FF FF FF FF FF FF FF
1787467939.975931,123,8,FF FF FF FF FF FF FF FF
1787467939.977817,123,8,FF FF FF FF FF FF FF FF
1787467939.979934,123,8,FF FF FF FF FF FF FF FF
1787467939.982154,123,8,FF FF FF FF FF FF FF FF
1787467939.984084,123,8,FF FF FF FF FF FF FF FF
1787467939.986179,123,8,FF FF FF FF FF FF FF FF
1787467939.988665,123,8,FF FF FF FF FF FF FF FF
1787467939.990920,123,8,FF FF FF FF FF FF FF FF
1787467939.993165,123,8,FF FF FF FF FF FF FF FF
1787467939.995039,123,8,FF FF FF FF FF FF FF FF
1787467939.997183,123,8,FF FF FF FF FF FF FF FF
1787467939.998813,123,8,FF FF FF FF FF FF FF FF
1787467940.000546,123,8,FF FF FF FF FF FF FF FF
1787467940.002615,123,8,FF FF FF FF FF FF FF FF
1787467940.004646,123,8,FF FF FF FF FF FF FF FF
1787467940.006804,123,8,FF FF FF FF FF FF FF FF
1787467940.008285,123,8,FF FF FF FF FF FF FF FF
1787467940.009980,123,8,FF FF FF FF FF FF FF FF
1787467940.011559,123,8,FF FF FF FF FF FF FF FF
1787467940.013820,123,8,FF FF FF FF FF FF FF FF
1787467940.015729,123,8,FF FF FF FF FF FF FF FF
1787467940.017718,123,8,FF FF FF FF FF FF FF FF
1787467940.019989,123,8,FF FF FF FF FF FF FF FF
1787467940.022012,123,8,FF FF FF FF FF FF FF FF
1787467940.025715,123,8,FF FF FF FF FF FF FF FF
1787467940.029905,123,8,FF FF FF FF FF FF FF FF
1787467940.032355,123,8,FF FF FF FF FF FF FF FF
1787467940.034629,123,8,FF FF FF FF FF FF FF FF
1787467940.036661,123,8,FF FF FF FF FF FF FF FF
1787467940.038805,123,8,FF FF FF FF FF FF FF FF
1787467940.040477,123,8,FF FF FF FF FF FF FF FF
1787467940.042850,123,8,FF FF FF FF FF FF FF FF
1787467940.045795,123,8,FF FF FF FF FF FF FF FF
1787467940.048961,123,8,FF FF FF FF FF FF FF FF
1787467940.052063,123,8,FF FF FF FF FF FF FF FF
1787467940.055173,123,8,FF FF FF FF FF FF FF FF
1787467940.058250,123,8,FF FF FF FF FF FF FF FF
1787467940.061266,123,8,FF FF FF FF FF FF FF FF
1787467940.064130,123,8,FF FF FF FF FF FF FF FF
1787467940.067305,123,8,FF FF FF FF FF FF FF FF
1787467940.070267,123,8,FF FF FF FF FF FF FF FF
1787467940.072789,123,8,FF FF FF FF FF FF FF FF
1787467940.076095,123,8,FF FF FF FF FF FF FF FF
1787467940.078126,123,8,FF FF FF FF FF FF FF FF
1787467940.080178,123,8,FF FF FF FF FF FF FF FF
1787467940.082234,123,8,FF FF FF FF FF FF FF FF
1787467940.084060,123,8,FF FF FF FF FF FF FF FF
1787467940.085877,123,8,FF FF FF FF FF FF FF FF
1787467940.087711,123,8,FF FF FF FF FF FF FF FF
1787467940.089600,123,8,FF FF FF FF FF FF FF FF
1787467940.091270,123,8,FF FF FF FF FF FF FF FF
1787467940.093276,123,8,FF FF FF FF FF FF FF FF
1787467940.095039,123,8,FF FF FF FF FF FF FF FF
1787467940.096718,123,8,FF FF FF FF FF FF FF FF
1787467940.098783,123,8,FF FF FF FF FF FF FF FF
1787467940.100704,123,8,FF FF FF FF FF FF FF FF
1787467940.102513,123,8,FF FF FF FF FF FF FF FF
1787467940.104221,123,8,FF FF FF FF FF FF FF FF
1787467940.106128,123,8,FF FF FF FF FF FF FF FF
1787467940.108982,123,8,FF FF FF FF FF FF FF FF
1787467940.110938,123,8,FF FF FF FF FF FF FF FF
1787467940.112481,123,8,FF FF FF FF FF FF FF FF
1787467940.114407,123,8,FF FF FF FF FF FF FF FF
1787467940.116170,123,8,FF FF FF FF FF FF FF FF
1787467940.122814,123,8,FF FF FF FF FF FF FF FF
1787467940.124603,123,8,FF FF FF FF FF FF FF FF
1787467940.126848,123,8,FF FF FF FF FF FF FF FF
1787467940.128676,123,8,FF FF FF FF FF FF FF FF
1787467940.130801,123,8,FF FF FF FF FF FF FF FF
1787467940.132700,123,8,FF FF FF FF FF FF FF FF
1787467940.134913,123,8,FF FF FF FF FF FF FF FF
1787467940.136629,123,8,FF FF FF FF FF FF FF FF
1787467940.138566,123,8,FF FF FF FF FF FF FF FF
1787467940.140296,123,8,FF FF FF FF FF FF FF FF
1787467940.142016,123,8,FF FF FF FF FF FF FF FF
1787467940.143643,123,8,FF FF FF FF FF FF FF FF
1787467940.145580,123,8,FF FF FF FF FF FF FF FF
1787467940.147471,123,8,FF FF FF FF FF FF FF FF
1787467940.148938,123,8,FF FF FF FF FF FF FF FF
1787467940.151108,123,8,FF FF FF FF FF FF FF FF
1787467940.153001,123,8,FF FF FF FF FF FF FF FF
1787467940.154912,123,8,FF FF FF FF FF FF FF FF
1787467940.156376,123,8,FF FF FF FF FF FF FF FF
1787467940.158242,123,8,FF FF FF FF FF FF FF FF
1787467940.159900,123,8,FF FF FF FF FF FF FF FF
1787467940.162630,123,8,FF FF FF FF FF FF FF FF
1787467940.164454,123,8,FF FF FF FF FF FF FF FF
1787467940.166253,123,8,FF FF FF FF FF FF FF FF
1787467940.168879,123,8,FF FF FF FF FF FF FF FF
1787467940.171623,123,8,FF FF FF FF FF FF FF FF
1787467940.174326,123,8,FF FF FF FF FF FF FF FF
1787467940.176580,123,8,FF FF FF FF FF FF FF FF
1787467940.179498,123,8,FF FF FF FF FF FF FF FF
1787467940.181934,123,8,FF FF FF FF FF FF FF FF
1787467940.184593,123,8,FF FF FF FF FF FF FF FF
1787467940.187413,123,8,FF FF FF FF FF FF FF FF
1787467940.190249,123,8,FF FF FF FF FF FF FF FF
1787467940.193621,123,8,FF FF FF FF FF FF FF FF
1787467940.196306,123,8,FF FF FF FF FF FF FF FF
1787467940.199441,123,8,FF FF FF FF FF FF FF FF
1787467940.202308,123,8,FF FF FF FF FF FF FF FF
1787467940.206605,123,8,FF FF FF FF FF FF FF FF
1787467940.209155,123,8,FF FF FF FF FF FF FF FF
1787467940.211801,123,8,FF FF FF FF FF FF FF FF
1787467940.215251,123,8,FF FF FF FF FF FF FF FF
1787467940.218678,123,8,FF FF FF FF FF FF FF FF
1787467940.221631,123,8,FF FF FF FF FF FF FF FF
1787467940.223372,123,8,FF FF FF FF FF FF FF FF
1787467940.224877,123,8,FF FF FF FF FF FF FF FF
1787467940.226747,123,8,FF FF FF FF FF FF FF FF
1787467940.228814,123,8,FF FF FF FF FF FF FF FF
1787467940.231347,123,8,FF FF FF FF FF FF FF FF
1787467940.233475,123,8,FF FF FF FF FF FF FF FF
1787467940.235378,123,8,FF FF FF FF FF FF FF FF
1787467940.237399,123,8,FF FF FF FF FF FF FF FF
1787467940.239599,123,8,FF FF FF FF FF FF FF FF
1787467940.241718,123,8,FF FF FF FF FF FF FF FF
1787467940.243577,123,8,FF FF FF FF FF FF FF FF
1787467940.245302,123,8,FF FF FF FF FF FF FF FF
1787467940.247684,123,8,FF FF FF FF FF FF FF FF
1787467940.249761,123,8,FF FF FF FF FF FF FF FF
1787467940.251457,123,8,FF FF FF FF FF FF FF FF
1787467940.253050,123,8,FF FF FF FF FF FF FF FF
1787467940.255027,123,8,FF FF FF FF FF FF FF FF
1787467940.256767,123,8,FF FF FF FF FF FF FF FF
1787467940.258868,123,8,FF FF FF FF FF FF FF FF
1787467940.260990,123,8,FF FF FF FF FF FF FF FF
1787467940.262796,123,8,FF FF FF FF FF FF FF FF
1787467940.264916,123,8,FF FF FF FF FF FF FF FF
1787467940.266995,123,8,FF FF FF FF FF FF FF FF
1787467940.268971,123,8,FF FF FF FF FF FF FF FF
1787467940.271076,123,8,FF FF FF FF FF FF FF FF
1787467940.273017,123,8,FF FF FF FF FF FF FF FF
1787467940.275193,123,8,FF FF FF FF FF FF FF FF
1787467940.277045,123,8,FF FF FF FF FF FF FF FF
1787467940.279102,123,8,FF FF FF FF FF FF FF FF
1787467940.281505,123,8,FF FF FF FF FF FF FF FF
1787467940.283601,123,8,FF FF FF FF FF FF FF FF
1787467940.285870,123,8,FF FF FF FF FF FF FF FF
1787467940.287934,123,8,FF FF FF FF FF FF FF FF
1787467940.290054,123,8,FF FF FF FF FF FF FF FF
1787467940.292037,123,8,FF FF FF FF FF FF FF FF
1787467940.295171,123,8,FF FF FF FF FF FF FF FF
1787467940.297652,123,8,FF FF FF FF FF FF FF FF
1787467940.300144,123,8,FF FF FF FF FF FF FF FF
1787467940.302463,123,8,FF FF FF FF FF FF FF FF
1787467940.304989,123,8,FF FF FF FF FF FF FF FF
1787467940.307254,123,8,FF FF FF FF FF FF FF FF
1787467940.309584,123,8,FF FF FF FF FF FF FF FF
1787467940.312054,123,8,FF FF FF FF FF FF FF FF
1787467940.315793,123,8,FF FF FF FF FF FF FF FF
1787467940.319498,123,8,FF FF FF FF FF FF FF FF
1787467940.322961,123,8,FF FF FF FF FF FF FF FF
1787467940.326359,123,8,FF FF FF FF FF FF FF FF
1787467940.329808,123,8,FF FF FF FF FF FF FF FF
1787467940.333132,123,8,FF FF FF FF FF FF FF FF
1787467940.336527,123,8,FF FF FF FF FF FF FF FF
1787467940.340510,123,8,FF FF FF FF FF FF FF FF
1787467940.343660,123,8,FF FF FF FF FF FF FF FF
1787467940.346561,123,8,FF FF FF FF FF FF FF FF
1787467940.352073,123,8,FF FF FF FF FF FF FF FF
1787467940.354601,123,8,FF FF FF FF FF FF FF FF
1787467940.356824,123,8,FF FF FF FF FF FF FF FF
1787467940.358909,123,8,FF FF FF FF FF FF FF FF
1787467940.361033,123,8,FF FF FF FF FF FF FF FF
1787467940.363411,123,8,FF FF FF FF FF FF FF FF
1787467940.365628,123,8,FF FF FF FF FF FF FF FF
1787467940.367607,123,8,FF FF FF FF FF FF FF FF
1787467940.369688,123,8,FF FF FF FF FF FF FF FF
1787467940.371176,123,8,FF FF FF FF FF FF FF FF
1787467940.372648,123,8,FF FF FF FF FF FF FF FF
1787467940.374418,123,8,FF FF FF FF FF FF FF FF
1787467940.376744,123,8,FF FF FF FF FF FF FF FF
1787467940.378798,123,8,FF FF FF FF FF FF FF FF
1787467940.380713,123,8,FF FF FF FF FF FF FF FF
1787467940.383082,123,8,FF FF FF FF FF FF FF FF
1787467940.384667,123,8,FF FF FF FF FF FF FF FF
1787467940.386871,123,8,FF FF FF FF FF FF FF FF
1787467940.388737,123,8,FF FF FF FF FF FF FF FF
1787467940.390601,123,8,FF FF FF FF FF FF FF FF
1787467940.393072,123,8,FF FF FF FF FF FF FF FF
1787467940.399246,123,8,FF FF FF FF FF FF FF FF
1787467940.401438,123,8,FF FF FF FF FF FF FF FF
1787467940.403285,123,8,FF FF FF FF FF FF FF FF
1787467940.405536,123,8,FF FF FF FF FF FF FF FF
1787467940.408046,123,8,FF FF FF FF FF FF FF FF
1787467940.410736,123,8,FF FF FF FF FF FF FF FF
1787467940.413836,123,8,FF FF FF FF FF FF FF FF
1787467940.416357,123,8,FF FF FF FF FF FF FF FF
1787467940.418960,123,8,FF FF FF FF FF FF FF FF
1787467940.421582,123,8,FF FF FF FF FF FF FF FF
1787467940.423814,123,8,FF FF FF FF FF FF FF FF
1787467940.426274,123,8,FF FF FF FF FF FF FF FF
1787467940.428379,123,8,FF FF FF FF FF FF FF FF
1787467940.430825,123,8,FF FF FF FF FF FF FF FF
1787467940.435543,123,8,FF FF FF FF FF FF FF FF
1787467940.437498,123,8,FF FF FF FF FF FF FF FF
1787467940.440000,123,8,FF FF FF FF FF FF FF FF
1787467940.442835,123,8,FF FF FF FF FF FF FF FF
1787467940.447927,123,8,FF FF FF FF FF FF FF FF
1787467940.451413,123,8,FF FF FF FF FF FF FF FF
1787467940.456902,123,8,FF FF FF FF FF FF FF FF
1787467940.461111,123,8,FF FF FF FF FF FF FF FF
1787467940.464485,123,8,FF FF FF FF FF FF FF FF
1787467940.469174,123,8,FF FF FF FF FF FF FF FF
1787467940.472526,123,8,FF FF FF FF FF FF FF FF
1787467940.475949,123,8,FF FF FF FF FF FF FF FF
1787467940.479243,123,8,FF FF FF FF FF FF FF FF
1787467940.484090,123,8,FF FF FF FF FF FF FF FF
1787467940.487885,123,8,FF FF FF FF FF FF FF FF
1787467940.491783,123,8,FF FF FF FF FF FF FF FF
1787467940.494473,123,8,FF FF FF FF FF FF FF FF
1787467940.497044,123,8,FF FF FF FF FF FF FF FF
1787467940.499201,123,8,FF FF FF FF FF FF FF FF
1787467940.501525,123,8,FF FF FF FF FF FF FF FF
1787467940.503451,123,8,FF FF FF FF FF FF FF FF
1787467940.505713,123,8,FF FF FF FF FF FF FF FF
1787467940.507794,123,8,FF FF FF FF FF FF FF FF
1787467940.510239,123,8,FF FF FF FF FF FF FF FF
1787467940.512269,123,8,FF FF FF FF FF FF FF FF
1787467940.514788,123,8,FF FF FF FF FF FF FF FF
1787467940.516766,123,8,FF FF FF FF FF FF FF FF
1787467940.518933,123,8,FF FF FF FF FF FF FF FF
1787467940.520878,123,8,FF FF FF FF FF FF FF FF
1787467940.522883,123,8,FF FF FF FF FF FF FF FF
1787467940.524889,123,8,FF FF FF FF FF FF FF FF
1787467940.526890,123,8,FF FF FF FF FF FF FF FF
1787467940.529447,123,8,FF FF FF FF FF FF FF FF
1787467940.532519,123,8,FF FF FF FF FF FF FF FF
1787467940.534879,123,8,FF FF FF FF FF FF FF FF
1787467940.537558,123,8,FF FF FF FF FF FF FF FF
1787467940.540485,123,8,FF FF FF FF FF FF FF FF
1787467940.542579,123,8,FF FF FF FF FF FF FF FF
1787467940.544807,123,8,FF FF FF FF FF FF FF FF
1787467940.547144,123,8,FF FF FF FF FF FF FF FF
1787467940.549403,123,8,FF FF FF FF FF FF FF FF
1787467940.551259,123,8,FF FF FF FF FF FF FF FF
1787467940.553476,123,8,FF FF FF FF FF FF FF FF
1787467940.555451,123,8,FF FF FF FF FF FF FF FF
1787467940.557760,123,8,FF FF FF FF FF FF FF FF
1787467940.559703,123,8,FF FF FF FF FF FF FF FF
1787467940.561945,123,8,FF FF FF FF FF FF FF FF
1787467940.564194,123,8,FF FF FF FF FF FF FF FF
1787467940.566641,123,8,FF FF FF FF FF FF FF FF
1787467940.568575,123,8,FF FF FF FF FF FF FF FF
1787467940.570881,123,8,FF FF FF FF FF FF FF FF
1787467940.574571,123,8,FF FF FF FF FF FF FF FF
1787467940.576363,123,8,FF FF FF FF FF FF FF FF
1787467940.579609,123,8,FF FF FF FF FF FF FF FF
1787467940.583006,123,8,FF FF FF FF FF FF FF FF
1787467940.587428,123,8,FF FF FF FF FF FF FF FF
1787467940.592121,123,8,FF FF FF FF FF FF FF FF
1787467940.596196,123,8,FF FF FF FF FF FF FF FF
1787467940.599800,123,8,FF FF FF FF FF FF FF FF
1787467940.603286,123,8,FF FF FF FF FF FF FF FF
1787467940.606666,123,8,FF FF FF FF FF FF FF FF
1787467940.610003,123,8,FF FF FF FF FF FF FF FF
1787467940.612693,123,8,FF FF FF FF FF FF FF FF
1787467940.614923,123,8,FF FF FF FF FF FF FF FF
1787467940.616811,123,8,FF FF FF FF FF FF FF FF
1787467940.619281,123,8,FF FF FF FF FF FF FF FF
1787467940.622044,123,8,FF FF FF FF FF FF FF FF
1787467940.624229,123,8,FF FF FF FF FF FF FF FF
1787467940.626945,123,8,FF FF FF FF FF FF FF FF
1787467940.631216,123,8,FF FF FF FF FF FF FF FF
1787467940.633735,123,8,FF FF FF FF FF FF FF FF
1787467940.635922,123,8,FF FF FF FF FF FF FF FF
1787467940.637881,123,8,FF FF FF FF FF FF FF FF
1787467940.640084,123,8,FF FF FF FF FF FF FF FF
1787467940.642269,123,8,FF FF FF FF FF FF FF FF
1787467940.644119,123,8,FF FF FF FF FF FF FF FF
1787467940.646347,123,8,FF FF FF FF FF FF FF FF
1787467940.648420,123,8,FF FF FF FF FF FF FF FF
1787467940.650576,123,8,FF FF FF FF FF FF FF FF
1787467940.652413,123,8,FF FF FF FF FF FF FF FF
1787467940.654736,123,8,FF FF FF FF FF FF FF FF
1787467940.656770,123,8,FF FF FF FF FF FF FF FF
1787467940.659323,123,8,FF FF FF FF FF FF FF FF
1787467940.661826,123,8,FF FF FF FF FF FF FF FF
1787467940.664479,123,8,FF FF FF FF FF FF FF FF
1787467940.667084,123,8,FF FF FF FF FF FF FF FF
1787467940.670353,123,8,FF FF FF FF FF FF FF FF
1787467940.673143,123,8,FF FF FF FF FF FF FF FF
1787467940.676599,123,8,FF FF FF FF FF FF FF FF
1787467940.678691,123,8,FF FF FF FF FF FF FF FF
1787467940.684251,123,8,FF FF FF FF FF FF FF FF
1787467940.686608,123,8,FF FF FF FF FF FF FF FF
1787467940.689205,123,8,FF FF FF FF FF FF FF FF
1787467940.691565,123,8,FF FF FF FF FF FF FF FF
1787467940.694782,123,8,FF FF FF FF FF FF FF FF
1787467940.697423,123,8,FF FF FF FF FF FF FF FF
1787467940.700781,123,8,FF FF FF FF FF FF FF FF
1787467940.700863,123,8,FF FF FF FF FF FF FF FF
1787467940.703793,123,8,FF FF FF FF FF FF FF FF
1787467940.707919,123,8,FF FF FF FF FF FF FF FF
1787467940.711223,123,8,FF FF FF FF FF FF FF FF
1787467940.714680,123,8,FF FF FF FF FF FF FF FF
1787467940.719221,123,8,FF FF FF FF FF FF FF FF
1787467940.721840,123,8,FF FF FF FF FF FF FF FF
1787467940.725287,123,8,FF FF FF FF FF FF FF FF
1787467940.728754,123,8,FF FF FF FF FF FF FF FF
1787467940.733493,123,8,FF FF FF FF FF FF FF FF
1787467940.735775,123,8,FF FF FF FF FF FF FF FF
1787467940.738067,123,8,FF FF FF FF FF FF FF FF
1787467940.739963,123,8,FF FF FF FF FF FF FF FF
1787467940.741935,123,8,FF FF FF FF FF FF FF FF
1787467940.744169,123,8,FF FF FF FF FF FF FF FF
1787467940.746348,123,8,FF FF FF FF FF FF FF FF
1787467940.748606,123,8,FF FF FF FF FF FF FF FF
1787467940.750754,123,8,FF FF FF FF FF FF FF FF
1787467940.752615,123,8,FF FF FF FF FF FF FF FF
1787467940.754686,123,8,FF FF FF FF FF FF FF FF
1787467940.756441,123,8,FF FF FF FF FF FF FF FF
1787467940.758528,123,8,FF FF FF FF FF FF FF FF
1787467940.760387,123,8,FF FF FF FF FF FF FF FF
1787467940.762391,123,8,FF FF FF FF FF FF FF FF
1787467940.764559,123,8,FF FF FF FF FF FF FF FF
1787467940.767528,123,8,FF FF FF FF FF FF FF FF
1787467940.770169,123,8,FF FF FF FF FF FF FF FF
1787467940.772340,123,8,FF FF FF FF FF FF FF FF
1787467940.774288,123,8,FF FF FF FF FF FF FF FF
1787467940.776227,123,8,FF FF FF FF FF FF FF FF
1787467940.778415,123,8,FF FF FF FF FF FF FF FF
1787467940.779977,123,8,FF FF FF FF FF FF FF FF
1787467940.781619,123,8,FF FF FF FF FF FF FF FF
1787467940.783509,123,8,FF FF FF FF FF FF FF FF
1787467940.785819,123,8,FF FF FF FF FF FF FF FF
1787467940.787678,123,8,FF FF FF FF FF FF FF FF
1787467940.789955,123,8,FF FF FF FF FF FF FF FF
1787467940.791826,123,8,FF FF FF FF FF FF FF FF
1787467940.793900,123,8,FF FF FF FF FF FF FF FF
1787467940.795780,123,8,FF FF FF FF FF FF FF FF
1787467940.798167,123,8,FF FF FF FF FF FF FF FF
1787467940.799988,123,8,FF FF FF FF FF FF FF FF
1787467940.801973,123,8,FF FF FF FF FF FF FF FF
1787467940.803482,123,8,FF FF FF FF FF FF FF FF
1787467940.805251,123,8,FF FF FF FF FF FF FF FF
1787467940.806976,123,8,FF FF FF FF FF FF FF FF
1787467940.808771,123,8,FF FF FF FF FF FF FF FF
1787467940.810593,123,8,FF FF FF FF FF FF FF FF
1787467940.812191,123,8,FF FF FF FF FF FF FF FF
1787467940.814226,123,8,FF FF FF FF FF FF FF FF
1787467940.816020,123,8,FF FF FF FF FF FF FF FF
1787467940.817815,123,8,FF FF FF FF FF FF FF FF
1787467940.819880,123,8,FF FF FF FF FF FF FF FF
1787467940.822153,123,8,FF FF FF FF FF FF FF FF
1787467940.825317,123,8,FF FF FF FF FF FF FF FF
1787467940.828704,123,8,FF FF FF FF FF FF FF FF
1787467940.832021,123,8,FF FF FF FF FF FF FF FF
1787467940.835046,123,8,FF FF FF FF FF FF FF FF
1787467940.838238,123,8,FF FF FF FF FF FF FF FF
1787467940.841076,123,8,FF FF FF FF FF FF FF FF
1787467940.844264,123,8,FF FF FF FF FF FF FF FF
1787467940.847468,123,8,FF FF FF FF FF FF FF FF
1787467940.850369,123,8,FF FF FF FF FF FF FF FF
1787467940.852690,123,8,FF FF FF FF FF FF FF FF
1787467940.854534,123,8,FF FF FF FF FF FF FF FF
1787467940.856131,123,8,FF FF FF FF FF FF FF FF
1787467940.858062,123,8,FF FF FF FF FF FF FF FF
1787467940.860677,123,8,FF FF FF FF FF FF FF FF
1787467940.866528,123,8,FF FF FF FF FF FF FF FF
1787467940.869074,123,8,FF FF FF FF FF FF FF FF
1787467940.870898,123,8,FF FF FF FF FF FF FF FF
1787467940.872753,123,8,FF FF FF FF FF FF FF FF
1787467940.874923,123,8,FF FF FF FF FF FF FF FF
1787467940.876830,123,8,FF FF FF FF FF FF FF FF
1787467940.878483,123,8,FF FF FF FF FF FF FF FF
1787467940.880675,123,8,FF FF FF FF FF FF FF FF
1787467940.882599,123,8,FF FF FF FF FF FF FF FF
1787467940.884331,123,8,FF FF FF FF FF FF FF FF
1787467940.886370,123,8,FF FF FF FF FF FF FF FF
1787467940.888353,123,8,FF FF FF FF FF FF FF FF
1787467940.890507,123,8,FF FF FF FF FF FF FF FF
1787467940.892556,123,8,FF FF FF FF FF FF FF FF
1787467940.894230,123,8,FF FF FF FF FF FF FF FF
1787467940.896812,123,8,FF FF FF FF FF FF FF FF
1787467940.898914,123,8,FF FF FF FF FF FF FF FF
1787467940.904088,123,8,FF FF FF FF FF FF FF FF
1787467940.905692,123,8,FF FF FF FF FF FF FF FF
1787467940.908400,123,8,FF FF FF FF FF FF FF FF
1787467940.912881,123,8,FF FF FF FF FF FF FF FF
1787467940.914752,123,8,FF FF FF FF FF FF FF FF
1787467940.916316,123,8,FF FF FF FF FF FF FF FF
1787467940.918236,123,8,FF FF FF FF FF FF FF FF
1787467940.920195,123,8,FF FF FF FF FF FF FF FF
1787467940.922261,123,8,FF FF FF FF FF FF FF FF
1787467940.924091,123,8,FF FF FF FF FF FF FF FF
1787467940.926350,123,8,FF FF FF FF FF FF FF FF
1787467940.928088,123,8,FF FF FF FF FF FF FF FF
1787467940.930466,123,8,FF FF FF FF FF FF FF FF
1787467940.932608,123,8,FF FF FF FF FF FF FF FF
1787467940.934467,123,8,FF FF FF FF FF FF FF FF
1787467940.936484,123,8,FF FF FF FF FF FF FF FF
1787467940.938383,123,8,FF FF FF FF FF FF FF FF
1787467940.940180,123,8,FF FF FF FF FF FF FF FF
1787467940.943412,123,8,FF FF FF FF FF FF FF FF
1787467940.946525,123,8,FF FF FF FF FF FF FF FF
1787467940.950207,123,8,FF FF FF FF FF FF FF FF
1787467940.953293,123,8,FF FF FF FF FF FF FF FF
1787467940.956196,123,8,FF FF FF FF FF FF FF FF
1787467940.959003,123,8,FF FF FF FF FF FF FF FF
1787467940.962229,123,8,FF FF FF FF FF FF FF FF
1787467940.964894,123,8,FF FF FF FF FF FF FF FF
1787467940.967585,123,8,FF FF FF FF FF FF FF FF
1787467940.971245,123,8,FF FF FF FF FF FF FF FF
1787467940.974039,123,8,FF FF FF FF FF FF FF FF
1787467940.975942,123,8,FF FF FF FF FF FF FF FF
1787467940.978233,123,8,FF FF FF FF FF FF FF FF
1787467940.980367,123,8,FF FF FF FF FF FF FF FF
1787467940.982834,123,8,FF FF FF FF FF FF FF FF
1787467940.984791,123,8,FF FF FF FF FF FF FF FF
1787467940.986788,123,8,FF FF FF FF FF FF FF FF
1787467940.988487,123,8,FF FF FF FF FF FF FF FF
1787467940.990243,123,8,FF FF FF FF FF FF FF FF
1787467940.992034,123,8,FF FF FF FF FF FF FF FF
1787467940.994077,123,8,FF FF FF FF FF FF FF FF
1787467940.997059,123,8,FF FF FF FF FF FF FF FF
1787467940.999098,123,8,FF FF FF FF FF FF FF FF
1787467941.000904,123,8,FF FF FF FF FF FF FF FF
1787467941.002713,123,8,FF FF FF FF FF FF FF FF
1787467941.004505,123,8,FF FF FF FF FF FF FF FF
1787467941.006625,123,8,FF FF FF FF FF FF FF FF
1787467941.008699,123,8,FF FF FF FF FF FF FF FF
1787467941.010298,123,8,FF FF FF FF FF FF FF FF
1787467941.011897,123,8,FF FF FF FF FF FF FF FF
1787467941.013725,123,8,FF FF FF FF FF FF FF FF
1787467941.015254,123,8,FF FF FF FF FF FF FF FF
1787467941.017325,123,8,FF FF FF FF FF FF FF FF
1787467941.019079,123,8,FF FF FF FF FF FF FF FF
1787467941.021723,123,8,FF FF FF FF FF FF FF FF
1787467941.023695,123,8,FF FF FF FF FF FF FF FF
1787467941.025740,123,8,FF FF FF FF FF FF FF FF
1787467941.027572,123,8,FF FF FF FF FF FF FF FF
1787467941.029858,123,8,FF FF FF FF FF FF FF FF
1787467941.032074,123,8,FF FF FF FF FF FF FF FF
1787467941.033992,123,8,FF FF FF FF FF FF FF FF
1787467941.035870,123,8,FF FF FF FF FF FF FF FF
1787467941.037979,123,8,FF FF FF FF FF FF FF FF
1787467941.040199,123,8,FF FF FF FF FF FF FF FF
1787467941.041885,123,8,FF FF FF FF FF FF FF FF
1787467941.043647,123,8,FF FF FF FF FF FF FF FF
1787467941.049926,123,8,FF FF FF FF FF FF FF FF
1787467941.052020,123,8,FF FF FF FF FF FF FF FF
1787467941.054428,123,8,FF FF FF FF FF FF FF FF
1787467941.056392,123,8,FF FF FF FF FF FF FF FF
1787467941.058528,123,8,FF FF FF FF FF FF FF FF
1787467941.060537,123,8,FF FF FF FF FF FF FF FF
1787467941.063274,123,8,FF FF FF FF FF FF FF FF
1787467941.066310,123,8,FF FF FF FF FF FF FF FF
1787467941.069475,123,8,FF FF FF FF FF FF FF FF
1787467941.072568,123,8,FF FF FF FF FF FF FF FF
1787467941.076192,123,8,FF FF FF FF FF FF FF FF
1787467941.078954,123,8,FF FF FF FF FF FF FF FF
1787467941.082168,123,8,FF FF FF FF FF FF FF FF
1787467941.085473,123,8,FF FF FF FF FF FF FF FF
1787467941.088448,123,8,FF FF FF FF FF FF FF FF
1787467941.090963,123,8,FF FF FF FF FF FF FF FF
1787467941.094527,123,8,FF FF FF FF FF FF FF FF
1787467941.097185,123,8,FF FF FF FF FF FF FF FF
1787467941.099076,123,8,FF FF FF FF FF FF FF FF
1787467941.101322,123,8,FF FF FF FF FF FF FF FF
1787467941.103055,123,8,FF FF FF FF FF FF FF FF
1787467941.104680,123,8,FF FF FF FF FF FF FF FF
1787467941.106334,123,8,FF FF FF FF FF FF FF FF
1787467941.108021,123,8,FF FF FF FF FF FF FF FF
1787467941.110040,123,8,FF FF FF FF FF FF FF FF
1787467941.112097,123,8,FF FF FF FF FF FF FF FF
1787467941.114193,123,8,FF FF FF FF FF FF FF FF
1787467941.115984,123,8,FF FF FF FF FF FF FF FF
1787467941.118150,123,8,FF FF FF FF FF FF FF FF
1787467941.120347,123,8,FF FF FF FF FF FF FF FF
1787467941.122337,123,8,FF FF FF FF FF FF FF FF
1787467941.124202,123,8,FF FF FF FF FF FF FF FF
1787467941.126079,123,8,FF FF FF FF FF FF FF FF
1787467941.127955,123,8,FF FF FF FF FF FF FF FF
1787467941.130128,123,8,FF FF FF FF FF FF FF FF
1787467941.135564,123,8,FF FF FF FF FF FF FF FF
1787467941.138154,123,8,FF FF FF FF FF FF FF FF
1787467941.140695,123,8,FF FF FF FF FF FF FF FF
1787467941.143342,123,8,FF FF FF FF FF FF FF FF
1787467941.145064,123,8,FF FF FF FF FF FF FF FF
1787467941.147467,123,8,FF FF FF FF FF FF FF FF
1787467941.149670,123,8,FF FF FF FF FF FF FF FF
1787467941.151690,123,8,FF FF FF FF FF FF FF FF
1787467941.154160,123,8,FF FF FF FF FF FF FF FF
1787467941.156389,123,8,FF FF FF FF FF FF FF FF
1787467941.158532,123,8,FF FF FF FF FF FF FF FF
1787467941.160555,123,8,FF FF FF FF FF FF FF FF
1787467941.162548,123,8,FF FF FF FF FF FF FF FF
1787467941.164632,123,8,FF FF FF FF FF FF FF FF
1787467941.166983,123,8,FF FF FF FF FF FF FF FF
1787467941.168846,123,8,FF FF FF FF FF FF FF FF
1787467941.170709,123,8,FF FF FF FF FF FF FF FF
1787467941.172372,123,8,FF FF FF FF FF FF FF FF
1787467941.174408,123,8,FF FF FF FF FF FF FF FF
1787467941.176132,123,8,FF FF FF FF FF FF FF FF
1787467941.177933,123,8,FF FF FF FF FF FF FF FF
1787467941.179768,123,8,FF FF FF FF FF FF FF FF
1787467941.186745,123,8,FF FF FF FF FF FF FF FF
1787467941.189849,123,8,FF FF FF FF FF FF FF FF
1787467941.193078,123,8,FF FF FF FF FF FF FF FF
1787467941.196960,123,8,FF FF FF FF FF FF FF FF
1787467941.200185,123,8,FF FF FF FF FF FF FF FF
1787467941.203460,123,8,FF FF FF FF FF FF FF FF
1787467941.206672,123,8,FF FF FF FF FF FF FF FF
1787467941.210282,123,8,FF FF FF FF FF FF FF FF
1787467941.212338,123,8,FF FF FF FF FF FF FF FF
1787467941.217107,123,8,FF FF FF FF FF FF FF FF
1787467941.218997,123,8,FF FF FF FF FF FF FF FF
1787467941.220763,123,8,FF FF FF FF FF FF FF FF
1787467941.222663,123,8,FF FF FF FF FF FF FF FF
1787467941.224469,123,8,FF FF FF FF FF FF FF FF
1787467941.226407,123,8,FF FF FF FF FF FF FF FF
1787467941.228331,123,8,FF FF FF FF FF FF FF FF
1787467941.230730,123,8,FF FF FF FF FF FF FF FF
1787467941.232846,123,8,FF FF FF FF FF FF FF FF
1787467941.234767,123,8,FF FF FF FF FF FF FF FF
1787467941.237598,123,8,FF FF FF FF FF FF FF FF
1787467941.244627,123,8,FF FF FF FF FF FF FF FF
1787467941.247636,123,8,FF FF FF FF FF FF FF FF
1787467941.249967,123,8,FF FF FF FF FF FF FF FF
1787467941.251863,123,8,FF FF FF FF FF FF FF FF
1787467941.253835,123,8,FF FF FF FF FF FF FF FF
1787467941.255731,123,8,FF FF FF FF FF FF FF FF
1787467941.257687,123,8,FF FF FF FF FF FF FF FF
1787467941.259521,123,8,FF FF FF FF FF FF FF FF
1787467941.261542,123,8,FF FF FF FF FF FF FF FF
1787467941.264118,123,8,FF FF FF FF FF FF FF FF
1787467941.266185,123,8,FF FF FF FF FF FF FF FF
1787467941.268050,123,8,FF FF FF FF FF FF FF FF
1787467941.270220,123,8,FF FF FF FF FF FF FF FF
1787467941.272223,123,8,FF FF FF FF FF FF FF FF
1787467941.274382,123,8,FF FF FF FF FF FF FF FF
1787467941.276137,123,8,FF FF FF FF FF FF FF FF
1787467941.278795,123,8,FF FF FF FF FF FF FF FF
1787467941.280735,123,8,FF FF FF FF FF FF FF FF
1787467941.282817,123,8,FF FF FF FF FF FF FF FF
1787467941.285151,123,8,FF FF FF FF FF FF FF FF
1787467941.288902,123,8,FF FF FF FF FF FF FF FF
1787467941.291153,123,8,FF FF FF FF FF FF FF FF
1787467941.293463,123,8,FF FF FF FF FF FF FF FF
1787467941.295298,123,8,FF FF FF FF FF FF FF FF
1787467941.297665,123,8,FF FF FF FF FF FF FF FF
1787467941.299520,123,8,FF FF FF FF FF FF FF FF
1787467941.301697,123,8,FF FF FF FF FF FF FF FF
1787467941.304120,123,8,FF FF FF FF FF FF FF FF
1787467941.308018,123,8,FF FF FF FF FF FF FF FF
1787467941.311412,123,8,FF FF FF FF FF FF FF FF
1787467941.314683,123,8,FF FF FF FF FF FF FF FF
1787467941.318039,123,8,FF FF FF FF FF FF FF FF
1787467941.321052,123,8,FF FF FF FF FF FF FF FF
1787467941.323851,123,8,FF FF FF FF FF FF FF FF
1787467941.327934,123,8,FF FF FF FF FF FF FF FF
1787467941.331521,123,8,FF FF FF FF FF FF FF FF
1787467941.334407,123,8,FF FF FF FF FF FF FF FF
1787467941.340251,123,8,FF FF FF FF FF FF FF FF
1787467941.342646,123,8,FF FF FF FF FF FF FF FF
1787467941.344290,123,8,FF FF FF FF FF FF FF FF
1787467941.346649,123,8,FF FF FF FF FF FF FF FF
1787467941.348789,123,8,FF FF FF FF FF FF FF FF
1787467941.350730,123,8,FF FF FF FF FF FF FF FF
1787467941.352643,123,8,FF FF FF FF FF FF FF FF
1787467941.354953,123,8,FF FF FF FF FF FF FF FF
1787467941.357192,123,8,FF FF FF FF FF FF FF FF
1787467941.358979,123,8,FF FF FF FF FF FF FF FF
1787467941.360747,123,8,FF FF FF FF FF FF FF FF
1787467941.362859,123,8,FF FF FF FF FF FF FF FF
1787467941.364797,123,8,FF FF FF FF FF FF FF FF
1787467941.366660,123,8,FF FF FF FF FF FF FF FF
1787467941.368461,123,8,FF FF FF FF FF FF FF FF
1787467941.370342,123,8,FF FF FF FF FF FF FF FF
1787467941.372102,123,8,FF FF FF FF FF FF FF FF
1787467941.374802,123,8,FF FF FF FF FF FF FF FF
1787467941.376530,123,8,FF FF FF FF FF FF FF FF
1787467941.382905,123,8,FF FF FF FF FF FF FF FF
1787467941.385530,123,8,FF FF FF FF FF FF FF FF
1787467941.387962,123,8,FF FF FF FF FF FF FF FF
1787467941.390472,123,8,FF FF FF FF FF FF FF FF
1787467941.392802,123,8,FF FF FF FF FF FF FF FF
1787467941.395352,123,8,FF FF FF FF FF FF FF FF
1787467941.397770,123,8,FF FF FF FF FF FF FF FF
1787467941.400324,123,8,FF FF FF FF FF FF FF FF
1787467941.403269,123,8,FF FF FF FF FF FF FF FF
1787467941.406200,123,8,FF FF FF FF FF FF FF FF
1787467941.409073,123,8,FF FF FF FF FF FF FF FF
1787467941.411637,123,8,FF FF FF FF FF FF FF FF
1787467941.414564,123,8,FF FF FF FF FF FF FF FF
1787467941.417492,123,8,FF FF FF FF FF FF FF FF
1787467941.421180,123,8,FF FF FF FF FF FF FF FF
1787467941.425390,123,8,FF FF FF FF FF FF FF FF
1787467941.430077,123,8,FF FF FF FF FF FF FF FF
1787467941.434685,123,8,FF FF FF FF FF FF FF FF
1787467941.437949,123,8,FF FF FF FF FF FF FF FF
1787467941.443049,123,8,FF FF FF FF FF FF FF FF
1787467941.446650,123,8,FF FF FF FF FF FF FF FF
1787467941.450035,123,8,FF FF FF FF FF FF FF FF
1787467941.453097,123,8,FF FF FF FF FF FF FF FF
1787467941.456279,123,8,FF FF FF FF FF FF FF FF
1787467941.459555,123,8,FF FF FF FF FF FF FF FF
1787467941.470311,123,8,FF FF FF FF FF FF FF FF
1787467941.476392,123,8,FF FF FF FF FF FF FF FF
1787467941.479553,123,8,FF FF FF FF FF FF FF FF
1787467941.483647,123,8,FF FF FF FF FF FF FF FF
1787467941.489378,123,8,FF FF FF FF FF FF FF FF
1787467941.490129,123,8,FF FF FF FF FF FF FF FF
1787467941.491984,123,8,FF FF FF FF FF FF FF FF
1787467941.494213,123,8,FF FF FF FF FF FF FF FF
1787467941.496546,123,8,FF FF FF FF FF FF FF FF
1787467941.498833,123,8,FF FF FF FF FF FF FF FF
1787467941.500590,123,8,FF FF FF FF FF FF FF FF
1787467941.502480,123,8,FF FF FF FF FF FF FF FF
1787467941.504411,123,8,FF FF FF FF FF FF FF FF
1787467941.506336,123,8,FF FF FF FF FF FF FF FF
1787467941.508245,123,8,FF FF FF FF FF FF FF FF
1787467941.510385,123,8,FF FF FF FF FF FF FF FF
1787467941.512575,123,8,FF FF FF FF FF FF FF FF
1787467941.515441,123,8,FF FF FF FF FF FF FF FF
1787467941.517484,123,8,FF FF FF FF FF FF FF FF
1787467941.519570,123,8,FF FF FF FF FF FF FF FF
1787467941.522564,123,8,FF FF FF FF FF FF FF FF
1787467941.524621,123,8,FF FF FF FF FF FF FF FF
1787467941.527443,123,8,FF FF FF FF FF FF FF FF
1787467941.530445,123,8,FF FF FF FF FF FF FF FF
1787467941.533029,123,8,FF FF FF FF FF FF FF FF
1787467941.535318,123,8,FF FF FF FF FF FF FF FF
1787467941.537923,123,8,FF FF FF FF FF FF FF FF
1787467941.540673,123,8,FF FF FF FF FF FF FF FF
1787467941.542947,123,8,FF FF FF FF FF FF FF FF
1787467941.545104,123,8,FF FF FF FF FF FF FF FF
1787467941.547401,123,8,FF FF FF FF FF FF FF FF
1787467941.549675,123,8,FF FF FF FF FF FF FF FF
1787467941.552233,123,8,FF FF FF FF FF FF FF FF
1787467941.555137,123,8,FF FF FF FF FF FF FF FF
1787467941.557769,123,8,FF FF FF FF FF FF FF FF
1787467941.560194,123,8,FF FF FF FF FF FF FF FF
1787467941.563149,123,8,FF FF FF FF FF FF FF FF
1787467941.565846,123,8,FF FF FF FF FF FF FF FF
1787467941.568715,123,8,FF FF FF FF FF FF FF FF
1787467941.570842,123,8,FF FF FF FF FF FF FF FF
1787467941.575476,123,8,FF FF FF FF FF FF FF FF
1787467941.580129,123,8,FF FF FF FF FF FF FF FF
1787467941.583178,123,8,FF FF FF FF FF FF FF FF
1787467941.586262,123,8,FF FF FF FF FF FF FF FF
1787467941.589721,123,8,FF FF FF FF FF FF FF FF
1787467941.592897,123,8,FF FF FF FF FF FF FF FF
1787467941.596025,123,8,FF FF FF FF FF FF FF FF
1787467941.599210,123,8,FF FF FF FF FF FF FF FF
1787467941.602377,123,8,FF FF FF FF FF FF FF FF
1787467941.604446,123,8,FF FF FF FF FF FF FF FF
1787467941.606925,123,8,FF FF FF FF FF FF FF FF
1787467941.608752,123,8,FF FF FF FF FF FF FF FF
1787467941.610756,123,8,FF FF FF FF FF FF FF FF
1787467941.612777,123,8,FF FF FF FF FF FF FF FF
1787467941.614900,123,8,FF FF FF FF FF FF FF FF
1787467941.617154,123,8,FF FF FF FF FF FF FF FF
1787467941.618690,123,8,FF FF FF FF FF FF FF FF
1787467941.621315,123,8,FF FF FF FF FF FF FF FF
1787467941.623394,123,8,FF FF FF FF FF FF FF FF
1787467941.625917,123,8,FF FF FF FF FF FF FF FF
1787467941.628111,123,8,FF FF FF FF FF FF FF FF
1787467941.630532,123,8,FF FF FF FF FF FF FF FF
1787467941.632529,123,8,FF FF FF FF FF FF FF FF
1787467941.634415,123,8,FF FF FF FF FF FF FF FF
1787467941.636415,123,8,FF FF FF FF FF FF FF FF
1787467941.638346,123,8,FF FF FF FF FF FF FF FF
1787467941.640255,123,8,FF FF FF FF FF FF FF FF
1787467941.642700,123,8,FF FF FF FF FF FF FF FF
1787467941.644730,123,8,FF FF FF FF FF FF FF FF
1787467941.647067,123,8,FF FF FF FF FF FF FF FF
1787467941.649647,123,8,FF FF FF FF FF FF FF FF
1787467941.651869,123,8,FF FF FF FF FF FF FF FF
1787467941.654335,123,8,FF FF FF FF FF FF FF FF
1787467941.656425,123,8,FF FF FF FF FF FF FF FF
1787467941.658639,123,8,FF FF FF FF FF FF FF FF
1787467941.664866,123,8,FF FF FF FF FF FF FF FF
1787467941.667271,123,8,FF FF FF FF FF FF FF FF
1787467941.670634,123,8,FF FF FF FF FF FF FF FF
1787467941.676003,123,8,FF FF FF FF FF FF FF FF
1787467941.676023,123,8,FF FF FF FF FF FF FF FF
1787467941.677772,123,8,FF FF FF FF FF FF FF FF
1787467941.679783,123,8,FF FF FF FF FF FF FF FF
1787467941.682378,123,8,FF FF FF FF FF FF FF FF
1787467941.685167,123,8,FF FF FF FF FF FF FF FF
1787467941.687475,123,8,FF FF FF FF FF FF FF FF
1787467941.689944,123,8,FF FF FF FF FF FF FF FF
1787467941.693592,123,8,FF FF FF FF FF FF FF FF
1787467941.699535,123,8,FF FF FF FF FF FF FF FF
1787467941.703748,123,8,FF FF FF FF FF FF FF FF
1787467941.707036,123,8,FF FF FF FF FF FF FF FF
1787467941.710642,123,8,FF FF FF FF FF FF FF FF
1787467941.714304,123,8,FF FF FF FF FF FF FF FF
1787467941.718899,123,8,FF FF FF FF FF FF FF FF
1787467941.721627,123,8,FF FF FF FF FF FF FF FF
1787467941.725355,123,8,FF FF FF FF FF FF FF FF
1787467941.727397,123,8,FF FF FF FF FF FF FF FF
1787467941.730252,123,8,FF FF FF FF FF FF FF FF
1787467941.731947,123,8,FF FF FF FF FF FF FF FF
1787467941.734428,123,8,FF FF FF FF FF FF FF FF
1787467941.736324,123,8,FF FF FF FF FF FF FF FF
1787467941.738439,123,8,FF FF FF FF FF FF FF FF
1787467941.740210,123,8,FF FF FF FF FF FF FF FF
1787467941.742166,123,8,FF FF FF FF FF FF FF FF
1787467941.743909,123,8,FF FF FF FF FF FF FF FF
1787467941.746211,123,8,FF FF FF FF FF FF FF FF
1787467941.748213,123,8,FF FF FF FF FF FF FF FF
1787467941.750404,123,8,FF FF FF FF FF FF FF FF
1787467941.752284,123,8,FF FF FF FF FF FF FF FF
1787467941.754351,123,8,FF FF FF FF FF FF FF FF
1787467941.756264,123,8,FF FF FF FF FF FF FF FF
1787467941.759247,123,8,FF FF FF FF FF FF FF FF
1787467941.761986,123,8,FF FF FF FF FF FF FF FF
1787467941.765381,123,8,FF FF FF FF FF FF FF FF
1787467941.771208,123,8,FF FF FF FF FF FF FF FF
1787467941.779216,123,8,FF FF FF FF FF FF FF FF
1787467941.782162,123,8,FF FF FF FF FF FF FF FF
1787467941.784055,123,8,FF FF FF FF FF FF FF FF
1787467941.786580,123,8,FF FF FF FF FF FF FF FF
1787467941.788740,123,8,FF FF FF FF FF FF FF FF
1787467941.791068,123,8,FF FF FF FF FF FF FF FF
1787467941.793008,123,8,FF FF FF FF FF FF FF FF
1787467941.795462,123,8,FF FF FF FF FF FF FF FF
1787467941.797794,123,8,FF FF FF FF FF FF FF FF
1787467941.800062,123,8,FF FF FF FF FF FF FF FF
1787467941.802702,123,8,FF FF FF FF FF FF FF FF
1787467941.805657,123,8,FF FF FF FF FF FF FF FF
1787467941.808337,123,8,FF FF FF FF FF FF FF FF
1787467941.811885,123,8,FF FF FF FF FF FF FF FF
1787467941.818096,123,8,FF FF FF FF FF FF FF FF
1787467941.821903,123,8,FF FF FF FF FF FF FF FF
1787467941.825654,123,8,FF FF FF FF FF FF FF FF
1787467941.828850,123,8,FF FF FF FF FF FF FF FF
1787467941.832312,123,8,FF FF FF FF FF FF FF FF
1787467941.835889,123,8,FF FF FF FF FF FF FF FF
1787467941.839584,123,8,FF FF FF FF FF FF FF FF
1787467941.842800,123,8,FF FF FF FF FF FF FF FF
1787467941.846492,123,8,FF FF FF FF FF FF FF FF
1787467941.849807,123,8,FF FF FF FF FF FF FF FF
1787467941.852853,123,8,FF FF FF FF FF FF FF FF
1787467941.856232,123,8,FF FF FF FF FF FF FF FF
1787467941.859762,123,8,FF FF FF FF FF FF FF FF
1787467941.864151,123,8,FF FF FF FF FF FF FF FF
1787467941.872356,123,8,FF FF FF FF FF FF FF FF
1787467941.872393,123,8,FF FF FF FF FF FF FF FF
1787467941.872398,123,8,FF FF FF FF FF FF FF FF
1787467941.873855,123,8,FF FF FF FF FF FF FF FF
1787467941.875426,123,8,FF FF FF FF FF FF FF FF
1787467941.878045,123,8,FF FF FF FF FF FF FF FF
1787467941.880290,123,8,FF FF FF FF FF FF FF FF
1787467941.882362,123,8,FF FF FF FF FF FF FF FF
1787467941.884383,123,8,FF FF FF FF FF FF FF FF
1787467941.886544,123,8,FF FF FF FF FF FF FF FF
1787467941.888551,123,8,FF FF FF FF FF FF FF FF
1787467941.890579,123,8,FF FF FF FF FF FF FF FF
1787467941.892374,123,8,FF FF FF FF FF FF FF FF
1787467941.894637,123,8,FF FF FF FF FF FF FF FF
1787467941.896797,123,8,FF FF FF FF FF FF FF FF
1787467941.899080,123,8,FF FF FF FF FF FF FF FF
1787467941.900504,123,8,FF FF FF FF FF FF FF FF
1787467941.902210,123,8,FF FF FF FF FF FF FF FF
1787467941.903649,123,8,FF FF FF FF FF FF FF FF
1787467941.905234,123,8,FF FF FF FF FF FF FF FF
1787467941.906826,123,8,FF FF FF FF FF FF FF FF
1787467941.908392,123,8,FF FF FF FF FF FF FF FF
1787467941.910059,123,8,FF FF FF FF FF FF FF FF
1787467941.912014,123,8,FF FF FF FF FF FF FF FF
1787467941.913913,123,8,FF FF FF FF FF FF FF FF
1787467941.915991,123,8,FF FF FF FF FF FF FF FF
1787467941.917594,123,8,FF FF FF FF FF FF FF FF
1787467941.919238,123,8,FF FF FF FF FF FF FF FF
1787467941.921014,123,8,FF FF FF FF FF FF FF FF
1787467941.922409,123,8,FF FF FF FF FF FF FF FF
1787467941.923846,123,8,FF FF FF FF FF FF FF FF
1787467941.925391,123,8,FF FF FF FF FF FF FF FF
1787467941.927078,123,8,FF FF FF FF FF FF FF FF
1787467941.928688,123,8,FF FF FF FF FF FF FF FF
1787467941.930871,123,8,FF FF FF FF FF FF FF FF
1787467941.932432,123,8,FF FF FF FF FF FF FF FF
1787467941.934386,123,8,FF FF FF FF FF FF FF FF
1787467941.935859,123,8,FF FF FF FF FF FF FF FF
1787467941.937817,123,8,FF FF FF FF FF FF FF FF
1787467941.940036,123,8,FF FF FF FF FF FF FF FF
1787467941.942554,123,8,FF FF FF FF FF FF FF FF
1787467941.945060,123,8,FF FF FF FF FF FF FF FF
1787467941.947462,123,8,FF FF FF FF FF FF FF FF
1787467941.950535,123,8,FF FF FF FF FF FF FF FF
1787467941.953964,123,8,FF FF FF FF FF FF FF FF
1787467941.957610,123,8,FF FF FF FF FF FF FF FF
1787467941.960708,123,8,FF FF FF FF FF FF FF FF
1787467941.962106,123,8,FF FF FF FF FF FF FF FF
1787467941.965141,123,8,FF FF FF FF FF FF FF FF
1787467941.968693,123,8,FF FF FF FF FF FF FF FF
1787467941.971413,123,8,FF FF FF FF FF FF FF FF
1787467941.974711,123,8,FF FF FF FF FF FF FF FF
1787467941.978588,123,8,FF FF FF FF FF FF FF FF
1787467941.982510,123,8,FF FF FF FF FF FF FF FF
1787467941.985908,123,8,FF FF FF FF FF FF FF FF
1787467941.989020,123,8,FF FF FF FF FF FF FF FF
1787467941.992130,123,8,FF FF FF FF FF FF FF FF
1787467941.994607,123,8,FF FF FF FF FF FF FF FF
1787467941.996881,123,8,FF FF FF FF FF FF FF FF
1787467941.999995,123,8,FF FF FF FF FF FF FF FF
1787467942.001389,123,8,FF FF FF FF FF FF FF FF
1787467942.005142,123,8,FF FF FF FF FF FF FF FF
1787467942.007511,123,8,FF FF FF FF FF FF FF FF
1787467942.009429,123,8,FF FF FF FF FF FF FF FF
1787467942.011738,123,8,FF FF FF FF FF FF FF FF
1787467942.013587,123,8,FF FF FF FF FF FF FF FF
1787467942.015843,123,8,FF FF FF FF FF FF FF FF
1787467942.018030,123,8,FF FF FF FF FF FF FF FF
1787467942.019989,123,8,FF FF FF FF FF FF FF FF
1787467942.022015,123,8,FF FF FF FF FF FF FF FF
1787467942.023762,123,8,FF FF FF FF FF FF FF FF
1787467942.025821,123,8,FF FF FF FF FF FF FF FF
1787467942.027597,123,8,FF FF FF FF FF FF FF FF
1787467942.029957,123,8,FF FF FF FF FF FF FF FF
1787467942.031755,123,8,FF FF FF FF FF FF FF FF
1787467942.033793,123,8,FF FF FF FF FF FF FF FF
1787467942.035524,123,8,FF FF FF FF FF FF FF FF
1787467942.037473,123,8,FF FF FF FF FF FF FF FF
1787467942.039429,123,8,FF FF FF FF FF FF FF FF
1787467942.040989,123,8,FF FF FF FF FF FF FF FF
1787467942.042815,123,8,FF FF FF FF FF FF FF FF
1787467942.044874,123,8,FF FF FF FF FF FF FF FF
1787467942.046767,123,8,FF FF FF FF FF FF FF FF
1787467942.048532,123,8,FF FF FF FF FF FF FF FF
1787467942.050628,123,8,FF FF FF FF FF FF FF FF
1787467942.052462,123,8,FF FF FF FF FF FF FF FF
1787467942.054126,123,8,FF FF FF FF FF FF FF FF
1787467942.055948,123,8,FF FF FF FF FF FF FF FF
1787467942.057884,123,8,FF FF FF FF FF FF FF FF
1787467942.059397,123,8,FF FF FF FF FF FF FF FF
1787467942.061561,123,8,FF FF FF FF FF FF FF FF
1787467942.063668,123,8,FF FF FF FF FF FF FF FF
1787467942.065842,123,8,FF FF FF FF FF FF FF FF
1787467942.067611,123,8,FF FF FF FF FF FF FF FF
1787467942.069437,123,8,FF FF FF FF FF FF FF FF
1787467942.071199,123,8,FF FF FF FF FF FF FF FF
1787467942.073266,123,8,FF FF FF FF FF FF FF FF
1787467942.075396,123,8,FF FF FF FF FF FF FF FF
1787467942.078375,123,8,FF FF FF FF FF FF FF FF
1787467942.081613,123,8,FF FF FF FF FF FF FF FF
1787467942.086751,123,8,FF FF FF FF FF FF FF FF
1787467942.094013,123,8,FF FF FF FF FF FF FF FF
1787467942.096710,123,8,FF FF FF FF FF FF FF FF
1787467942.099428,123,8,FF FF FF FF FF FF FF FF
1787467942.102951,123,8,FF FF FF FF FF FF FF FF
1787467942.106214,123,8,FF FF FF FF FF FF FF FF
1787467942.109773,123,8,FF FF FF FF FF FF FF FF
1787467942.112228,123,8,FF FF FF FF FF FF FF FF
1787467942.114308,123,8,FF FF FF FF FF FF FF FF
1787467942.116053,123,8,FF FF FF FF FF FF FF FF
1787467942.118572,123,8,FF FF FF FF FF FF FF FF
1787467942.120372,123,8,FF FF FF FF FF FF FF FF
1787467942.122311,123,8,FF FF FF FF FF FF FF FF
1787467942.123948,123,8,FF FF FF FF FF FF FF FF
1787467942.125743,123,8,FF FF FF FF FF FF FF FF
1787467942.127866,123,8,FF FF FF FF FF FF FF FF
1787467942.129976,123,8,FF FF FF FF FF FF FF FF
1787467942.133188,123,8,FF FF FF FF FF FF FF FF
1787467942.137717,123,8,FF FF FF FF FF FF FF FF
1787467942.139420,123,8,FF FF FF FF FF FF FF FF
1787467942.141215,123,8,FF FF FF FF FF FF FF FF
1787467942.142951,123,8,FF FF FF FF FF FF FF FF
1787467942.145777,123,8,FF FF FF FF FF FF FF FF
1787467942.147556,123,8,FF FF FF FF FF FF FF FF
1787467942.149708,123,8,FF FF FF FF FF FF FF FF
1787467942.151792,123,8,FF FF FF FF FF FF FF FF
1787467942.153822,123,8,FF FF FF FF FF FF FF FF
1787467942.155496,123,8,FF FF FF FF FF FF FF FF
1787467942.157313,123,8,FF FF FF FF FF FF FF FF
1787467942.159163,123,8,FF FF FF FF FF FF FF FF
1787467942.160903,123,8,FF FF FF FF FF FF FF FF
1787467942.163233,123,8,FF FF FF FF FF FF FF FF
1787467942.164936,123,8,FF FF FF FF FF FF FF FF
1787467942.166841,123,8,FF FF FF FF FF FF FF FF
1787467942.168510,123,8,FF FF FF FF FF FF FF FF
1787467942.170292,123,8,FF FF FF FF FF FF FF FF
1787467942.171968,123,8,FF FF FF FF FF FF FF FF
1787467942.174248,123,8,FF FF FF FF FF FF FF FF
1787467942.176429,123,8,FF FF FF FF FF FF FF FF
1787467942.179156,123,8,FF FF FF FF FF FF FF FF
1787467942.182303,123,8,FF FF FF FF FF FF FF FF
1787467942.184574,123,8,FF FF FF FF FF FF FF FF
1787467942.186908,123,8,FF FF FF FF FF FF FF FF
1787467942.189457,123,8,FF FF FF FF FF FF FF FF
1787467942.191519,123,8,FF FF FF FF FF FF FF FF
1787467942.193681,123,8,FF FF FF FF FF FF FF FF
1787467942.195859,123,8,FF FF FF FF FF FF FF FF
1787467942.198073,123,8,FF FF FF FF FF FF FF FF
1787467942.199828,123,8,FF FF FF FF FF FF FF FF
1787467942.202013,123,8,FF FF FF FF FF FF FF FF
1787467942.205044,123,8,FF FF FF FF FF FF FF FF
1787467942.207781,123,8,FF FF FF FF FF FF FF FF
1787467942.213372,123,8,FF FF FF FF FF FF FF FF
1787467942.221634,123,8,FF FF FF FF FF FF FF FF
1787467942.224714,123,8,FF FF FF FF FF FF FF FF
1787467942.227901,123,8,FF FF FF FF FF FF FF FF
1787467942.230896,123,8,FF FF FF FF FF FF FF FF
1787467942.237354,123,8,FF FF FF FF FF FF FF FF
1787467942.237392,123,8,FF FF FF FF FF FF FF FF
1787467942.237398,123,8,FF FF FF FF FF FF FF FF
1787467942.239108,123,8,FF FF FF FF FF FF FF FF
1787467942.240734,123,8,FF FF FF FF FF FF FF FF
1787467942.242406,123,8,FF FF FF FF FF FF FF FF
1787467942.243940,123,8,FF FF FF FF FF FF FF FF
1787467942.245989,123,8,FF FF FF FF FF FF FF FF
1787467942.247942,123,8,FF FF FF FF FF FF FF FF
1787467942.250096,123,8,FF FF FF FF FF FF FF FF
1787467942.251967,123,8,FF FF FF FF FF FF FF FF
1787467942.254025,123,8,FF FF FF FF FF FF FF FF
1787467942.255956,123,8,FF FF FF FF FF FF FF FF
1787467942.257986,123,8,FF FF FF FF FF FF FF FF
1787467942.259791,123,8,FF FF FF FF FF FF FF FF
1787467942.262142,123,8,FF FF FF FF FF FF FF FF
1787467942.263949,123,8,FF FF FF FF FF FF FF FF
1787467942.266039,123,8,FF FF FF FF FF FF FF FF
1787467942.267964,123,8,FF FF FF FF FF FF FF FF
1787467942.269832,123,8,FF FF FF FF FF FF FF FF
1787467942.273528,123,8,FF FF FF FF FF FF FF FF
1787467942.275913,123,8,FF FF FF FF FF FF FF FF
1787467942.278338,123,8,FF FF FF FF FF FF FF FF
1787467942.280214,123,8,FF FF FF FF FF FF FF FF
1787467942.281871,123,8,FF FF FF FF FF FF FF FF
1787467942.283888,123,8,FF FF FF FF FF FF FF FF
1787467942.286090,123,8,FF FF FF FF FF FF FF FF
1787467942.288293,123,8,FF FF FF FF FF FF FF FF
1787467942.290348,123,8,FF FF FF FF FF FF FF FF
1787467942.292040,123,8,FF FF FF FF FF FF FF FF
1787467942.293497,123,8,FF FF FF FF FF FF FF FF
1787467942.295849,123,8,FF FF FF FF FF FF FF FF
1787467942.298145,123,8,FF FF FF FF FF FF FF FF
1787467942.299959,123,8,FF FF FF FF FF FF FF FF
1787467942.302232,123,8,FF FF FF FF FF FF FF FF
1787467942.304017,123,8,FF FF FF FF FF FF FF FF
1787467942.306102,123,8,FF FF FF FF FF FF FF FF
1787467942.307938,123,8,FF FF FF FF FF FF FF FF
1787467942.309874,123,8,FF FF FF FF FF FF FF FF
1787467942.312323,123,8,FF FF FF FF FF FF FF FF
1787467942.314672,123,8,FF FF FF FF FF FF FF FF
1787467942.316746,123,8,FF FF FF FF FF FF FF FF
1787467942.319147,123,8,FF FF FF FF FF FF FF FF
1787467942.320802,123,8,FF FF FF FF FF FF FF FF
1787467942.322890,123,8,FF FF FF FF FF FF FF FF
1787467942.325527,123,8,FF FF FF FF FF FF FF FF
1787467942.328103,123,8,FF FF FF FF FF FF FF FF
1787467942.330486,123,8,FF FF FF FF FF FF FF FF
1787467942.333136,123,8,FF FF FF FF FF FF FF FF
1787467942.336258,123,8,FF FF FF FF FF FF FF FF
1787467942.339430,123,8,FF FF FF FF FF FF FF FF
1787467942.342709,123,8,FF FF FF FF FF FF FF FF
1787467942.346454,123,8,FF FF FF FF FF FF FF FF
1787467942.350111,123,8,FF FF FF FF FF FF FF FF
1787467942.353039,123,8,FF FF FF FF FF FF FF FF
1787467942.354837,123,8,FF FF FF FF FF FF FF FF
1787467942.356562,123,8,FF FF FF FF FF FF FF FF
1787467942.358801,123,8,FF FF FF FF FF FF FF FF
1787467942.360508,123,8,FF FF FF FF FF FF FF FF
1787467942.362712,123,8,FF FF FF FF FF FF FF FF
1787467942.366193,123,8,FF FF FF FF FF FF FF FF
1787467942.369046,123,8,FF FF FF FF FF FF FF FF
1787467942.371960,123,8,FF FF FF FF FF FF FF FF
1787467942.374494,123,8,FF FF FF FF FF FF FF FF
1787467942.376979,123,8,FF FF FF FF FF FF FF FF
1787467942.379378,123,8,FF FF FF FF FF FF FF FF
1787467942.381083,123,8,FF FF FF FF FF FF FF FF
1787467942.382815,123,8,FF FF FF FF FF FF FF FF
1787467942.384938,123,8,FF FF FF FF FF FF FF FF
1787467942.387099,123,8,FF FF FF FF FF FF FF FF
1787467942.389129,123,8,FF FF FF FF FF FF FF FF
1787467942.391237,123,8,FF FF FF FF FF FF FF FF
1787467942.393974,123,8,FF FF FF FF FF FF FF FF
1787467942.396408,123,8,FF FF FF FF FF FF FF FF
1787467942.398679,123,8,FF FF FF FF FF FF FF FF
1787467942.400584,123,8,FF FF FF FF FF FF FF FF
1787467942.402416,123,8,FF FF FF FF FF FF FF FF
1787467942.404175,123,8,FF FF FF FF FF FF FF FF
1787467942.406194,123,8,FF FF FF FF FF FF FF FF
1787467942.407951,123,8,FF FF FF FF FF FF FF FF
1787467942.410877,123,8,FF FF FF FF FF FF FF FF
1787467942.413431,123,8,FF FF FF FF FF FF FF FF
1787467942.415215,123,8,FF FF FF FF FF FF FF FF
1787467942.417351,123,8,FF FF FF FF FF FF FF FF
1787467942.419718,123,8,FF FF FF FF FF FF FF FF
1787467942.422610,123,8,FF FF FF FF FF FF FF FF
1787467942.424696,123,8,FF FF FF FF FF FF FF FF
1787467942.426648,123,8,FF FF FF FF FF FF FF FF
1787467942.428686,123,8,FF FF FF FF FF FF FF FF
1787467942.430753,123,8,FF FF FF FF FF FF FF FF
1787467942.432801,123,8,FF FF FF FF FF FF FF FF
1787467942.434929,123,8,FF FF FF FF FF FF FF FF
1787467942.436919,123,8,FF FF FF FF FF FF FF FF
1787467942.438902,123,8,FF FF FF FF FF FF FF FF
1787467942.440753,123,8,FF FF FF FF FF FF FF FF
1787467942.443495,123,8,FF FF FF FF FF FF FF FF
1787467942.446415,123,8,FF FF FF FF FF FF FF FF
1787467942.449655,123,8,FF FF FF FF FF FF FF FF
1787467942.453295,123,8,FF FF FF FF FF FF FF FF
1787467942.456712,123,8,FF FF FF FF FF FF FF FF
1787467942.459404,123,8,FF FF FF FF FF FF FF FF
1787467942.464260,123,8,FF FF FF FF FF FF FF FF
1787467942.467178,123,8,FF FF FF FF FF FF FF FF
1787467942.470138,123,8,FF FF FF FF FF FF FF FF
1787467942.472963,123,8,FF FF FF FF FF FF FF FF
1787467942.476172,123,8,FF FF FF FF FF FF FF FF
1787467942.479131,123,8,FF FF FF FF FF FF FF FF
1787467942.482155,123,8,FF FF FF FF FF FF FF FF
1787467942.485134,123,8,FF FF FF FF FF FF FF FF
1787467942.488372,123,8,FF FF FF FF FF FF FF FF
1787467942.492028,123,8,FF FF FF FF FF FF FF FF
1787467942.495200,123,8,FF FF FF FF FF FF FF FF
1787467942.498351,123,8,FF FF FF FF FF FF FF FF
1787467942.502633,123,8,FF FF FF FF FF FF FF FF
1787467942.504884,123,8,FF FF FF FF FF FF FF FF
1787467942.506734,123,8,FF FF FF FF FF FF FF FF
1787467942.508361,123,8,FF FF FF FF FF FF FF FF
1787467942.510705,123,8,FF FF FF FF FF FF FF FF
1787467942.512912,123,8,FF FF FF FF FF FF FF FF
1787467942.514981,123,8,FF FF FF FF FF FF FF FF
1787467942.516896,123,8,FF FF FF FF FF FF FF FF
1787467942.518835,123,8,FF FF FF FF FF FF FF FF
1787467942.520849,123,8,FF FF FF FF FF FF FF FF
1787467942.522795,123,8,FF FF FF FF FF FF FF FF
1787467942.524637,123,8,FF FF FF FF FF FF FF FF
1787467942.526582,123,8,FF FF FF FF FF FF FF FF
1787467942.528770,123,8,FF FF FF FF FF FF FF FF
1787467942.530802,123,8,FF FF FF FF FF FF FF FF
1787467942.532674,123,8,FF FF FF FF FF FF FF FF
1787467942.534695,123,8,FF FF FF FF FF FF FF FF
1787467942.536462,123,8,FF FF FF FF FF FF FF FF
1787467942.538554,123,8,FF FF FF FF FF FF FF FF
1787467942.540427,123,8,FF FF FF FF FF FF FF FF
1787467942.542569,123,8,FF FF FF FF FF FF FF FF
1787467942.545596,123,8,FF FF FF FF FF FF FF FF
1787467942.550149,123,8,FF FF FF FF FF FF FF FF
1787467942.551855,123,8,FF FF FF FF FF FF FF FF
1787467942.553945,123,8,FF FF FF FF FF FF FF FF
1787467942.555689,123,8,FF FF FF FF FF FF FF FF
1787467942.558481,123,8,FF FF FF FF FF FF FF FF
1787467942.560336,123,8,FF FF FF FF FF FF FF FF
1787467942.562617,123,8,FF FF FF FF FF FF FF FF
1787467942.564596,123,8,FF FF FF FF FF FF FF FF
1787467942.566632,123,8,FF FF FF FF FF FF FF FF
1787467942.568624,123,8,FF FF FF FF FF FF FF FF
1787467942.570611,123,8,FF FF FF FF FF FF FF FF
1787467942.572461,123,8,FF FF FF FF FF FF FF FF
1787467942.574510,123,8,FF FF FF FF FF FF FF FF
1787467942.576564,123,8,FF FF FF FF FF FF FF FF
1787467942.578921,123,8,FF FF FF FF FF FF FF FF
1787467942.581182,123,8,FF FF FF FF FF FF FF FF
1787467942.583038,123,8,FF FF FF FF FF FF FF FF
1787467942.585228,123,8,FF FF FF FF FF FF FF FF
1787467942.587333,123,8,FF FF FF FF FF FF FF FF
1787467942.589685,123,8,FF FF FF FF FF FF FF FF
1787467942.591605,123,8,FF FF FF FF FF FF FF FF
1787467942.593549,123,8,FF FF FF FF FF FF FF FF
1787467942.595311,123,8,FF FF FF FF FF FF FF FF
1787467942.596944,123,8,FF FF FF FF FF FF FF FF
1787467942.598873,123,8,FF FF FF FF FF FF FF FF
1787467942.600475,123,8,FF FF FF FF FF FF FF FF
1787467942.602301,123,8,FF FF FF FF FF FF FF FF
1787467942.604327,123,8,FF FF FF FF FF FF FF FF
1787467942.607554,123,8,FF FF FF FF FF FF FF FF
1787467942.610550,123,8,FF FF FF FF FF FF FF FF
1787467942.613242,123,8,FF FF FF FF FF FF FF FF
1787467942.616084,123,8,FF FF FF FF FF FF FF FF
1787467942.619028,123,8,FF FF FF FF FF FF FF FF
1787467942.622030,123,8,FF FF FF FF FF FF FF FF
1787467942.625108,123,8,FF FF FF FF FF FF FF FF
1787467942.628390,123,8,FF FF FF FF FF FF FF FF
1787467942.631634,123,8,FF FF FF FF FF FF FF FF
1787467942.634785,123,8,FF FF FF FF FF FF FF FF
1787467942.637999,123,8,FF FF FF FF FF FF FF FF
1787467942.640466,123,8,FF FF FF FF FF FF FF FF
1787467942.643302,123,8,FF FF FF FF FF FF FF FF
1787467942.646376,123,8,FF FF FF FF FF FF FF FF
1787467942.648952,123,8,FF FF FF FF FF FF FF FF
1787467942.652193,123,8,FF FF FF FF FF FF FF FF
1787467942.654347,123,8,FF FF FF FF FF FF FF FF
1787467942.656383,123,8,FF FF FF FF FF FF FF FF
1787467942.658345,123,8,FF FF FF FF FF FF FF FF
1787467942.660182,123,8,FF FF FF FF FF FF FF FF
1787467942.662392,123,8,FF FF FF FF FF FF FF FF
1787467942.664847,123,8,FF FF FF FF FF FF FF FF
1787467942.666834,123,8,FF FF FF FF FF FF FF FF
1787467942.668772,123,8,FF FF FF FF FF FF FF FF
1787467942.670886,123,8,FF FF FF FF FF FF FF FF
1787467942.673109,123,8,FF FF FF FF FF FF FF FF
1787467942.675017,123,8,FF FF FF FF FF FF FF FF
1787467942.677108,123,8,FF FF FF FF FF FF FF FF
1787467942.679327,123,8,FF FF FF FF FF FF FF FF
1787467942.681569,123,8,FF FF FF FF FF FF FF FF
1787467942.683465,123,8,FF FF FF FF FF FF FF FF
1787467942.685130,123,8,FF FF FF FF FF FF FF FF
1787467942.686908,123,8,FF FF FF FF FF FF FF FF
1787467942.688640,123,8,FF FF FF FF FF FF FF FF
1787467942.690755,123,8,FF FF FF FF FF FF FF FF
1787467942.692625,123,8,FF FF FF FF FF FF FF FF
1787467942.694753,123,8,FF FF FF FF FF FF FF FF
1787467942.700615,123,8,FF FF FF FF FF FF FF FF
1787467942.702643,123,8,FF FF FF FF FF FF FF FF
1787467942.704669,123,8,FF FF FF FF FF FF FF FF
1787467942.706485,123,8,FF FF FF FF FF FF FF FF
1787467942.709714,123,8,FF FF FF FF FF FF FF FF
1787467942.714569,123,8,FF FF FF FF FF FF FF FF
1787467942.716260,123,8,FF FF FF FF FF FF FF FF
1787467942.718203,123,8,FF FF FF FF FF FF FF FF
1787467942.719871,123,8,FF FF FF FF FF FF FF FF
1787467942.721881,123,8,FF FF FF FF FF FF FF FF
1787467942.723799,123,8,FF FF FF FF FF FF FF FF
1787467942.725811,123,8,FF FF FF FF FF FF FF FF
1787467942.729003,123,8,FF FF FF FF FF FF FF FF
1787467942.733566,123,8,FF FF FF FF FF FF FF FF
1787467942.735530,123,8,FF FF FF FF FF FF FF FF
1787467942.737455,123,8,FF FF FF FF FF FF FF FF
1787467942.739586,123,8,FF FF FF FF FF FF FF FF
1787467942.741584,123,8,FF FF FF FF FF FF FF FF
1787467942.744535,123,8,FF FF FF FF FF FF FF FF
1787467942.747549,123,8,FF FF FF FF FF FF FF FF
1787467942.750552,123,8,FF FF FF FF FF FF FF FF
1787467942.753835,123,8,FF FF FF FF FF FF FF FF
1787467942.756581,123,8,FF FF FF FF FF FF FF FF
1787467942.759589,123,8,FF FF FF FF FF FF FF FF
1787467942.762420,123,8,FF FF FF FF FF FF FF FF
1787467942.765523,123,8,FF FF FF FF FF FF FF FF
1787467942.768135,123,8,FF FF FF FF FF FF FF FF
1787467942.772045,123,8,FF FF FF FF FF FF FF FF
1787467942.774159,123,8,FF FF FF FF FF FF FF FF
1787467942.776278,123,8,FF FF FF FF FF FF FF FF
1787467942.782865,123,8,FF FF FF FF FF FF FF FF
1787467942.782905,123,8,FF FF FF FF FF FF FF FF
1787467942.783581,123,8,FF FF FF FF FF FF FF FF
1787467942.785068,123,8,FF FF FF FF FF FF FF FF
1787467942.786952,123,8,FF FF FF FF FF FF FF FF
1787467942.788903,123,8,FF FF FF FF FF FF FF FF
1787467942.790961,123,8,FF FF FF FF FF FF FF FF
1787467942.792994,123,8,FF FF FF FF FF FF FF FF
1787467942.795182,123,8,FF FF FF FF FF FF FF FF
1787467942.797641,123,8,FF FF FF FF FF FF FF FF
1787467942.799788,123,8,FF FF FF FF FF FF FF FF
1787467942.802522,123,8,FF FF FF FF FF FF FF FF
1787467942.804627,123,8,FF FF FF FF FF FF FF FF
1787467942.806813,123,8,FF FF FF FF FF FF FF FF
1787467942.808686,123,8,FF FF FF FF FF FF FF FF
1787467942.810467,123,8,FF FF FF FF FF FF FF FF
1787467942.812618,123,8,FF FF FF FF FF FF FF FF
1787467942.815140,123,8,FF FF FF FF FF FF FF FF
1787467942.818187,123,8,FF FF FF FF FF FF FF FF
1787467942.820237,123,8,FF FF FF FF FF FF FF FF
1787467942.825727,123,8,FF FF FF FF FF FF FF FF
1787467942.825761,123,8,FF FF FF FF FF FF FF FF
1787467942.825893,123,8,FF FF FF FF FF FF FF FF
1787467942.827773,123,8,FF FF FF FF FF FF FF FF
1787467942.829601,123,8,FF FF FF FF FF FF FF FF
1787467942.831637,123,8,FF FF FF FF FF FF FF FF
1787467942.833658,123,8,FF FF FF FF FF FF FF FF
1787467942.835540,123,8,FF FF FF FF FF FF FF FF
1787467942.837661,123,8,FF FF FF FF FF FF FF FF
1787467942.839399,123,8,FF FF FF FF FF FF FF FF
1787467942.841347,123,8,FF FF FF FF FF FF FF FF
1787467942.843402,123,8,FF FF FF FF FF FF FF FF
1787467942.845571,123,8,FF FF FF FF FF FF FF FF
1787467942.847693,123,8,FF FF FF FF FF FF FF FF
1787467942.849811,123,8,FF FF FF FF FF FF FF FF
1787467942.851738,123,8,FF FF FF FF FF FF FF FF
1787467942.853749,123,8,FF FF FF FF FF FF FF FF
1787467942.855496,123,8,FF FF FF FF FF FF FF FF
1787467942.857576,123,8,FF FF FF FF FF FF FF FF
1787467942.859310,123,8,FF FF FF FF FF FF FF FF
1787467942.862811,123,8,FF FF FF FF FF FF FF FF
1787467942.865916,123,8,FF FF FF FF FF FF FF FF
1787467942.869525,123,8,FF FF FF FF FF FF FF FF
1787467942.876592,123,8,FF FF FF FF FF FF FF FF
1787467942.878966,123,8,FF FF FF FF FF FF FF FF
1787467942.881930,123,8,FF FF FF FF FF FF FF FF
1787467942.884822,123,8,FF FF FF FF FF FF FF FF
1787467942.887898,123,8,FF FF FF FF FF FF FF FF
1787467942.890923,123,8,FF FF FF FF FF FF FF FF
1787467942.894111,123,8,FF FF FF FF FF FF FF FF
1787467942.897555,123,8,FF FF FF FF FF FF FF FF
1787467942.900544,123,8,FF FF FF FF FF FF FF FF
1787467942.903804,123,8,FF FF FF FF FF FF FF FF
1787467942.907112,123,8,FF FF FF FF FF FF FF FF
1787467942.911274,123,8,FF FF FF FF FF FF FF FF
1787467942.914603,123,8,FF FF FF FF FF FF FF FF
1787467942.917996,123,8,FF FF FF FF FF FF FF FF
1787467942.920555,123,8,FF FF FF FF FF FF FF FF
1787467942.923454,123,8,FF FF FF FF FF FF FF FF
1787467942.925393,123,8,FF FF FF FF FF FF FF FF
1787467942.927068,123,8,FF FF FF FF FF FF FF FF
1787467942.929561,123,8,FF FF FF FF FF FF FF FF
1787467942.931597,123,8,FF FF FF FF FF FF FF FF
1787467942.933939,123,8,FF FF FF FF FF FF FF FF
1787467942.935826,123,8,FF FF FF FF FF FF FF FF
1787467942.938065,123,8,FF FF FF FF FF FF FF FF
1787467942.939864,123,8,FF FF FF FF FF FF FF FF
1787467942.941872,123,8,FF FF FF FF FF FF FF FF
1787467942.944176,123,8,FF FF FF FF FF FF FF FF
1787467942.946669,123,8,FF FF FF FF FF FF FF FF
1787467942.948604,123,8,FF FF FF FF FF FF FF FF
1787467942.950425,123,8,FF FF FF FF FF FF FF FF
1787467942.952004,123,8,FF FF FF FF FF FF FF FF
1787467942.953633,123,8,FF FF FF FF FF FF FF FF
1787467942.955173,123,8,FF FF FF FF FF FF FF FF
1787467942.956781,123,8,FF FF FF FF FF FF FF FF
1787467942.958266,123,8,FF FF FF FF FF FF FF FF
1787467942.959980,123,8,FF FF FF FF FF FF FF FF
1787467942.962035,123,8,FF FF FF FF FF FF FF FF
1787467942.963859,123,8,FF FF FF FF FF FF FF FF
1787467942.966062,123,8,FF FF FF FF FF FF FF FF
1787467942.967755,123,8,FF FF FF FF FF FF FF FF
1787467942.969782,123,8,FF FF FF FF FF FF FF FF
1787467942.971796,123,8,FF FF FF FF FF FF FF FF
1787467942.973506,123,8,FF FF FF FF FF FF FF FF
1787467942.975363,123,8,FF FF FF FF FF FF FF FF
1787467942.977142,123,8,FF FF FF FF FF FF FF FF
1787467942.979264,123,8,FF FF FF FF FF FF FF FF
1787467942.981806,123,8,FF FF FF FF FF FF FF FF
1787467942.984291,123,8,FF FF FF FF FF FF FF FF
1787467942.986393,123,8,FF FF FF FF FF FF FF FF
1787467942.988131,123,8,FF FF FF FF FF FF FF FF
1787467942.990223,123,8,FF FF FF FF FF FF FF FF
1787467942.992164,123,8,FF FF FF FF FF FF FF FF
1787467942.994309,123,8,FF FF FF FF FF FF FF FF
1787467942.996650,123,8,FF FF FF FF FF FF FF FF
1787467942.998861,123,8,FF FF FF FF FF FF FF FF
1787467943.000563,123,8,FF FF FF FF FF FF FF FF
1787467943.002067,123,8,FF FF FF FF FF FF FF FF
1787467943.003738,123,8,FF FF FF FF FF FF FF FF
1787467943.006555,123,8,FF FF FF FF FF FF FF FF
1787467943.013318,123,8,FF FF FF FF FF FF FF FF
1787467943.016668,123,8,FF FF FF FF FF FF FF FF
1787467943.019272,123,8,FF FF FF FF FF FF FF FF
1787467943.022911,123,8,FF FF FF FF FF FF FF FF
1787467943.026332,123,8,FF FF FF FF FF FF FF FF
1787467943.029815,123,8,FF FF FF FF FF FF FF FF
1787467943.032730,123,8,FF FF FF FF FF FF FF FF
1787467943.035720,123,8,FF FF FF FF FF FF FF FF
1787467943.038809,123,8,FF FF FF FF FF FF FF FF
1787467943.041803,123,8,FF FF FF FF FF FF FF FF
1787467943.044999,123,8,FF FF FF FF FF FF FF FF
1787467943.046799,123,8,FF FF FF FF FF FF FF FF
1787467943.048632,123,8,FF FF FF FF FF FF FF FF
1787467943.050337,123,8,FF FF FF FF FF FF FF FF
1787467943.052226,123,8,FF FF FF FF FF FF FF FF
1787467943.054371,123,8,FF FF FF FF FF FF FF FF
1787467943.056115,123,8,FF FF FF FF FF FF FF FF
1787467943.058033,123,8,FF FF FF FF FF FF FF FF
1787467943.059905,123,8,FF FF FF FF FF FF FF FF
1787467943.062164,123,8,FF FF FF FF FF FF FF FF
1787467943.064035,123,8,FF FF FF FF FF FF FF FF
1787467943.066061,123,8,FF FF FF FF FF FF FF FF
1787467943.067919,123,8,FF FF FF FF FF FF FF FF
1787467943.069857,123,8,FF FF FF FF FF FF FF FF
1787467943.071611,123,8,FF FF FF FF FF FF FF FF
1787467943.073843,123,8,FF FF FF FF FF FF FF FF
1787467943.075600,123,8,FF FF FF FF FF FF FF FF
1787467943.078141,123,8,FF FF FF FF FF FF FF FF
1787467943.079921,123,8,FF FF FF FF FF FF FF FF
1787467943.082172,123,8,FF FF FF FF FF FF FF FF
1787467943.083853,123,8,FF FF FF FF FF FF FF FF
1787467943.088429,123,8,FF FF FF FF FF FF FF FF
1787467943.090592,123,8,FF FF FF FF FF FF FF FF
1787467943.093280,123,8,FF FF FF FF FF FF FF FF
1787467943.100467,123,8,FF FF FF FF FF FF FF FF
1787467943.103220,123,8,FF FF FF FF FF FF FF FF
1787467943.105693,123,8,FF FF FF FF FF FF FF FF
1787467943.108277,123,8,FF FF FF FF FF FF FF FF
1787467943.110833,123,8,FF FF FF FF FF FF FF FF
1787467943.113420,123,8,FF FF FF FF FF FF FF FF
1787467943.115703,123,8,FF FF FF FF FF FF FF FF
1787467943.117768,123,8,FF FF FF FF FF FF FF FF
1787467943.119711,123,8,FF FF FF FF FF FF FF FF
1787467943.121565,123,8,FF FF FF FF FF FF FF FF
1787467943.123530,123,8,FF FF FF FF FF FF FF FF
1787467943.125361,123,8,FF FF FF FF FF FF FF FF
1787467943.127122,123,8,FF FF FF FF FF FF FF FF
1787467943.129306,123,8,FF FF FF FF FF FF FF FF
1787467943.131459,123,8,FF FF FF FF FF FF FF FF
1787467943.134774,123,8,FF FF FF FF FF FF FF FF
1787467943.138454,123,8,FF FF FF FF FF FF FF FF
1787467943.142529,123,8,FF FF FF FF FF FF FF FF
1787467943.145679,123,8,FF FF FF FF FF FF FF FF
1787467943.148823,123,8,FF FF FF FF FF FF FF FF
1787467943.151965,123,8,FF FF FF FF FF FF FF FF
1787467943.154989,123,8,FF FF FF FF FF FF FF FF
1787467943.158498,123,8,FF FF FF FF FF FF FF FF
1787467943.161823,123,8,FF FF FF FF FF FF FF FF
1787467943.163868,123,8,FF FF FF FF FF FF FF FF
1787467943.166034,123,8,FF FF FF FF FF FF FF FF
1787467943.167879,123,8,FF FF FF FF FF FF FF FF
1787467943.170008,123,8,FF FF FF FF FF FF FF FF
1787467943.171934,123,8,FF FF FF FF FF FF FF FF
1787467943.174017,123,8,FF FF FF FF FF FF FF FF
1787467943.175791,123,8,FF FF FF FF FF FF FF FF
1787467943.178073,123,8,FF FF FF FF FF FF FF FF
1787467943.180927,123,8,FF FF FF FF FF FF FF FF
1787467943.185748,123,8,FF FF FF FF FF FF FF FF
1787467943.187479,123,8,FF FF FF FF FF FF FF FF
1787467943.189666,123,8,FF FF FF FF FF FF FF FF
1787467943.191576,123,8,FF FF FF FF FF FF FF FF
1787467943.193272,123,8,FF FF FF FF FF FF FF FF
1787467943.195194,123,8,FF FF FF FF FF FF FF FF
1787467943.197240,123,8,FF FF FF FF FF FF FF FF
1787467943.199155,123,8,FF FF FF FF FF FF FF FF
1787467943.201157,123,8,FF FF FF FF FF FF FF FF
1787467943.203037,123,8,FF FF FF FF FF FF FF FF
1787467943.205036,123,8,FF FF FF FF FF FF FF FF
1787467943.207278,123,8,FF FF FF FF FF FF FF FF
1787467943.209125,123,8,FF FF FF FF FF FF FF FF
1787467943.211550,123,8,FF FF FF FF FF FF FF FF
1787467943.213549,123,8,FF FF FF FF FF FF FF FF
1787467943.215533,123,8,FF FF FF FF FF FF FF FF
1787467943.217620,123,8,FF FF FF FF FF FF FF FF
1787467943.219334,123,8,FF FF FF FF FF FF FF FF
1787467943.223841,123,8,FF FF FF FF FF FF FF FF
1787467943.226177,123,8,FF FF FF FF FF FF FF FF
1787467943.228297,123,8,FF FF FF FF FF FF FF FF
1787467943.231144,123,8,FF FF FF FF FF FF FF FF
1787467943.237668,123,8,FF FF FF FF FF FF FF FF
1787467943.239948,123,8,FF FF FF FF FF FF FF FF
1787467943.242436,123,8,FF FF FF FF FF FF FF FF
1787467943.245038,123,8,FF FF FF FF FF FF FF FF
1787467943.247331,123,8,FF FF FF FF FF FF FF FF
1787467943.250043,123,8,FF FF FF FF FF FF FF FF
1787467943.253444,123,8,FF FF FF FF FF FF FF FF
1787467943.257272,123,8,FF FF FF FF FF FF FF FF
1787467943.260847,123,8,FF FF FF FF FF FF FF FF
1787467943.264903,123,8,FF FF FF FF FF FF FF FF
1787467943.268281,123,8,FF FF FF FF FF FF FF FF
1787467943.271802,123,8,FF FF FF FF FF FF FF FF
1787467943.278402,123,8,FF FF FF FF FF FF FF FF
1787467943.283231,123,8,FF FF FF FF FF FF FF FF
1787467943.286533,123,8,FF FF FF FF FF FF FF FF
1787467943.288640,123,8,FF FF FF FF FF FF FF FF
1787467943.290460,123,8,FF FF FF FF FF FF FF FF
1787467943.292874,123,8,FF FF FF FF FF FF FF FF
1787467943.295355,123,8,FF FF FF FF FF FF FF FF
1787467943.297258,123,8,FF FF FF FF FF FF FF FF
1787467943.299164,123,8,FF FF FF FF FF FF FF FF
1787467943.301737,123,8,FF FF FF FF FF FF FF FF
1787467943.304306,123,8,FF FF FF FF FF FF FF FF
1787467943.306349,123,8,FF FF FF FF FF FF FF FF
1787467943.308393,123,8,FF FF FF FF FF FF FF FF
1787467943.310285,123,8,FF FF FF FF FF FF FF FF
1787467943.312358,123,8,FF FF FF FF FF FF FF FF
1787467943.314454,123,8,FF FF FF FF FF FF FF FF
1787467943.316238,123,8,FF FF FF FF FF FF FF FF
1787467943.318095,123,8,FF FF FF FF FF FF FF FF
1787467943.321549,123,8,FF FF FF FF FF FF FF FF
1787467943.326033,123,8,FF FF FF FF FF FF FF FF
1787467943.329532,123,8,FF FF FF FF FF FF FF FF
1787467943.332291,123,8,FF FF FF FF FF FF FF FF
1787467943.334396,123,8,FF FF FF FF FF FF FF FF
1787467943.336111,123,8,FF FF FF FF FF FF FF FF
1787467943.338213,123,8,FF FF FF FF FF FF FF FF
1787467943.339856,123,8,FF FF FF FF FF FF FF FF
1787467943.341824,123,8,FF FF FF FF FF FF FF FF
1787467943.343701,123,8,FF FF FF FF FF FF FF FF
1787467943.345806,123,8,FF FF FF FF FF FF FF FF
1787467943.347472,123,8,FF FF FF FF FF FF FF FF
1787467943.349677,123,8,FF FF FF FF FF FF FF FF
1787467943.351282,123,8,FF FF FF FF FF FF FF FF
1787467943.353313,123,8,FF FF FF FF FF FF FF FF
1787467943.355503,123,8,FF FF FF FF FF FF FF FF
1787467943.357679,123,8,FF FF FF FF FF FF FF FF
1787467943.359296,123,8,FF FF FF FF FF FF FF FF
1787467943.361274,123,8,FF FF FF FF FF FF FF FF
1787467943.363128,123,8,FF FF FF FF FF FF FF FF
1787467943.364995,123,8,FF FF FF FF FF FF FF FF
1787467943.367210,123,8,FF FF FF FF FF FF FF FF
1787467943.369594,123,8,FF FF FF FF FF FF FF FF
1787467943.371878,123,8,FF FF FF FF FF FF FF FF
1787467943.375611,123,8,FF FF FF FF FF FF FF FF
1787467943.378710,123,8,FF FF FF FF FF FF FF FF
1787467943.381850,123,8,FF FF FF FF FF FF FF FF
1787467943.384723,123,8,FF FF FF FF FF FF FF FF
1787467943.387814,123,8,FF FF FF FF FF FF FF FF
1787467943.390919,123,8,FF FF FF FF FF FF FF FF
1787467943.394264,123,8,FF FF FF FF FF FF FF FF
1787467943.397438,123,8,FF FF FF FF FF FF FF FF
1787467943.400349,123,8,FF FF FF FF FF FF FF FF
1787467943.402924,123,8,FF FF FF FF FF FF FF FF
1787467943.404705,123,8,FF FF FF FF FF FF FF FF
1787467943.406511,123,8,FF FF FF FF FF FF FF FF
1787467943.408168,123,8,FF FF FF FF FF FF FF FF
1787467943.410618,123,8,FF FF FF FF FF FF FF FF
1787467943.413442,123,8,FF FF FF FF FF FF FF FF
1787467943.415881,123,8,FF FF FF FF FF FF FF FF
1787467943.417607,123,8,FF FF FF FF FF FF FF FF
1787467943.423800,123,8,FF FF FF FF FF FF FF FF
1787467943.428098,123,8,FF FF FF FF FF FF FF FF
1787467943.430876,123,8,FF FF FF FF FF FF FF FF
1787467943.438335,123,8,FF FF FF FF FF FF FF FF
1787467943.443655,123,8,FF FF FF FF FF FF FF FF
1787467943.447160,123,8,FF FF FF FF FF FF FF FF
1787467943.457868,123,8,FF FF FF FF FF FF FF FF
1787467943.462398,123,8,FF FF FF FF FF FF FF FF
1787467943.469443,123,8,FF FF FF FF FF FF FF FF
1787467943.477481,123,8,FF FF FF FF FF FF FF FF
1787467943.482658,123,8,FF FF FF FF FF FF FF FF
1787467943.491621,123,8,FF FF FF FF FF FF FF FF
1787467943.500937,123,8,FF FF FF FF FF FF FF FF
1787467943.506966,123,8,FF FF FF FF FF FF FF FF
1787467943.510767,123,8,FF FF FF FF FF FF FF FF
1787467943.513983,123,8,FF FF FF FF FF FF FF FF
1787467943.518466,123,8,FF FF FF FF FF FF FF FF
1787467943.522831,123,8,FF FF FF FF FF FF FF FF
1787467943.524648,123,8,FF FF FF FF FF FF FF FF
1787467943.527328,123,8,FF FF FF FF FF FF FF FF
1787467943.529745,123,8,FF FF FF FF FF FF FF FF
1787467943.531584,123,8,FF FF FF FF FF FF FF FF
1787467943.533304,123,8,FF FF FF FF FF FF FF FF
1787467943.534935,123,8,FF FF FF FF FF FF FF FF
1787467943.536531,123,8,FF FF FF FF FF FF FF FF
1787467943.538278,123,8,FF FF FF FF FF FF FF FF
1787467943.539836,123,8,FF FF FF FF FF FF FF FF
1787467943.541632,123,8,FF FF FF FF FF FF FF FF
1787467943.542983,123,8,FF FF FF FF FF FF FF FF
1787467943.545057,123,8,FF FF FF FF FF FF FF FF
1787467943.546735,123,8,FF FF FF FF FF FF FF FF
1787467943.548313,123,8,FF FF FF FF FF FF FF FF
1787467943.550064,123,8,FF FF FF FF FF FF FF FF
1787467943.551699,123,8,FF FF FF FF FF FF FF FF
1787467943.554178,123,8,FF FF FF FF FF FF FF FF
1787467943.556849,123,8,FF FF FF FF FF FF FF FF
1787467943.559593,123,8,FF FF FF FF FF FF FF FF
1787467943.562440,123,8,FF FF FF FF FF FF FF FF
1787467943.566208,123,8,FF FF FF FF FF FF FF FF
1787467943.573995,123,8,FF FF FF FF FF FF FF FF
1787467943.576869,123,8,FF FF FF FF FF FF FF FF
1787467943.579756,123,8,FF FF FF FF FF FF FF FF
1787467943.583101,123,8,FF FF FF FF FF FF FF FF
1787467943.584267,123,8,FF FF FF FF FF FF FF FF
1787467943.586298,123,8,FF FF FF FF FF FF FF FF
1787467943.588021,123,8,FF FF FF FF FF FF FF FF
1787467943.590002,123,8,FF FF FF FF FF FF FF FF
1787467943.591653,123,8,FF FF FF FF FF FF FF FF
1787467943.593669,123,8,FF FF FF FF FF FF FF FF
1787467943.595430,123,8,FF FF FF FF FF FF FF FF
1787467943.597031,123,8,FF FF FF FF FF FF FF FF
1787467943.598684,123,8,FF FF FF FF FF FF FF FF
1787467943.600307,123,8,FF FF FF FF FF FF FF FF
1787467943.602088,123,8,FF FF FF FF FF FF FF FF
1787467943.603640,123,8,FF FF FF FF FF FF FF FF
1787467943.605422,123,8,FF FF FF FF FF FF FF FF
1787467943.606994,123,8,FF FF FF FF FF FF FF FF
1787467943.608878,123,8,FF FF FF FF FF FF FF FF
1787467943.610409,123,8,FF FF FF FF FF FF FF FF
1787467943.611971,123,8,FF FF FF FF FF FF FF FF
1787467943.613904,123,8,FF FF FF FF FF FF FF FF
1787467943.618092,123,8,FF FF FF FF FF FF FF FF
1787467943.620156,123,8,FF FF FF FF FF FF FF FF
1787467943.622885,123,8,FF FF FF FF FF FF FF FF
1787467943.627217,123,8,FF FF FF FF FF FF FF FF
1787467943.629433,123,8,FF FF FF FF FF FF FF FF
1787467943.631192,123,8,FF FF FF FF FF FF FF FF
1787467943.632823,123,8,FF FF FF FF FF FF FF FF
1787467943.634538,123,8,FF FF FF FF FF FF FF FF
1787467943.636115,123,8,FF FF FF FF FF FF FF FF
1787467943.637810,123,8,FF FF FF FF FF FF FF FF
1787467943.639375,123,8,FF FF FF FF FF FF FF FF
1787467943.640931,123,8,FF FF FF FF FF FF FF FF
1787467943.642659,123,8,FF FF FF FF FF FF FF FF
1787467943.644661,123,8,FF FF FF FF FF FF FF FF
1787467943.646718,123,8,FF FF FF FF FF FF FF FF
1787467943.648338,123,8,FF FF FF FF FF FF FF FF
1787467943.650220,123,8,FF FF FF FF FF FF FF FF
1787467943.651947,123,8,FF FF FF FF FF FF FF FF
1787467943.654026,123,8,FF FF FF FF FF FF FF FF
1787467943.656002,123,8,FF FF FF FF FF FF FF FF
1787467943.658416,123,8,FF FF FF FF FF FF FF FF
1787467943.661983,123,8,FF FF FF FF FF FF FF FF
1787467943.667417,123,8,FF FF FF FF FF FF FF FF
1787467943.670759,123,8,FF FF FF FF FF FF FF FF
1787467943.675534,123,8,FF FF FF FF FF FF FF FF
1787467943.677894,123,8,FF FF FF FF FF FF FF FF
1787467943.680658,123,8,FF FF FF FF FF FF FF FF
1787467943.683275,123,8,FF FF FF FF FF FF FF FF
1787467943.685704,123,8,FF FF FF FF FF FF FF FF
1787467943.687552,123,8,FF FF FF FF FF FF FF FF
1787467943.689449,123,8,FF FF FF FF FF FF FF FF
1787467943.692081,123,8,FF FF FF FF FF FF FF FF
1787467943.694777,123,8,FF FF FF FF FF FF FF FF
1787467943.696345,123,8,FF FF FF FF FF FF FF FF
1787467943.699392,123,8,FF FF FF FF FF FF FF FF
1787467943.703290,123,8,FF FF FF FF FF FF FF FF
1787467943.708158,123,8,FF FF FF FF FF FF FF FF
1787467943.716128,123,8,FF FF FF FF FF FF FF FF
1787467943.720409,123,8,FF FF FF FF FF FF FF FF
1787467943.723279,123,8,FF FF FF FF FF FF FF FF
1787467943.726060,123,8,FF FF FF FF FF FF FF FF
1787467943.728891,123,8,FF FF FF FF FF FF FF FF
1787467943.731632,123,8,FF FF FF FF FF FF FF FF
1787467943.733878,123,8,FF FF FF FF FF FF FF FF
1787467943.736299,123,8,FF FF FF FF FF FF FF FF
1787467943.737739,123,8,FF FF FF FF FF FF FF FF
1787467943.739101,123,8,FF FF FF FF FF FF FF FF
1787467943.740438,123,8,FF FF FF FF FF FF FF FF
1787467943.741975,123,8,FF FF FF FF FF FF FF FF
1787467943.743361,123,8,FF FF FF FF FF FF FF FF
1787467943.744861,123,8,FF FF FF FF FF FF FF FF
1787467943.746776,123,8,FF FF FF FF FF FF FF FF
1787467943.748513,123,8,FF FF FF FF FF FF FF FF
1787467943.750264,123,8,FF FF FF FF FF FF FF FF
1787467943.751942,123,8,FF FF FF FF FF FF FF FF
1787467943.753715,123,8,FF FF FF FF FF FF FF FF
1787467943.755368,123,8,FF FF FF FF FF FF FF FF
1787467943.757248,123,8,FF FF FF FF FF FF FF FF
1787467943.758929,123,8,FF FF FF FF FF FF FF FF
1787467943.762535,123,8,FF FF FF FF FF FF FF FF
1787467943.765164,123,8,FF FF FF FF FF FF FF FF
1787467943.766400,123,8,FF FF FF FF FF FF FF FF
1787467943.771415,123,8,FF FF FF FF FF FF FF FF
1787467943.774756,123,8,FF FF FF FF FF FF FF FF
1787467943.776609,123,8,FF FF FF FF FF FF FF FF
1787467943.778528,123,8,FF FF FF FF FF FF FF FF
1787467943.780021,123,8,FF FF FF FF FF FF FF FF
1787467943.781532,123,8,FF FF FF FF FF FF FF FF
1787467943.783026,123,8,FF FF FF FF FF FF FF FF
1787467943.784802,123,8,FF FF FF FF FF FF FF FF
1787467943.787086,123,8,FF FF FF FF FF FF FF FF
1787467943.789225,123,8,FF FF FF FF FF FF FF FF
1787467943.791552,123,8,FF FF FF FF FF FF FF FF
1787467943.794028,123,8,FF FF FF FF FF FF FF FF
1787467943.796153,123,8,FF FF FF FF FF FF FF FF
1787467943.798393,123,8,FF FF FF FF FF FF FF FF
1787467943.800670,123,8,FF FF FF FF FF FF FF FF
1787467943.803077,123,8,FF FF FF FF FF FF FF FF
1787467943.805174,123,8,FF FF FF FF FF FF FF FF
1787467943.807933,123,8,FF FF FF FF FF FF FF FF
1787467943.810499,123,8,FF FF FF FF FF FF FF FF
1787467943.812064,123,8,FF FF FF FF FF FF FF FF
1787467943.813932,123,8,FF FF FF FF FF FF FF FF
1787467943.815650,123,8,FF FF FF FF FF FF FF FF
1787467943.817577,123,8,FF FF FF FF FF FF FF FF
1787467943.819450,123,8,FF FF FF FF FF FF FF FF
1787467943.821117,123,8,FF FF FF FF FF FF FF FF
1787467943.823438,123,8,FF FF FF FF FF FF FF FF
1787467943.826060,123,8,FF FF FF FF FF FF FF FF
1787467943.828441,123,8,FF FF FF FF FF FF FF FF
1787467943.831746,123,8,FF FF FF FF FF FF FF FF
1787467943.834776,123,8,FF FF FF FF FF FF FF FF
1787467943.837890,123,8,FF FF FF FF FF FF FF FF
1787467943.840717,123,8,FF FF FF FF FF FF FF FF
1787467943.843969,123,8,FF FF FF FF FF FF FF FF
1787467943.846994,123,8,FF FF FF FF FF FF FF FF
1787467943.850801,123,8,FF FF FF FF FF FF FF FF
1787467943.853303,123,8,FF FF FF FF FF FF FF FF
1787467943.856726,123,8,FF FF FF FF FF FF FF FF
1787467943.861337,123,8,FF FF FF FF FF FF FF FF
1787467943.863481,123,8,FF FF FF FF FF FF FF FF
1787467943.865746,123,8,FF FF FF FF FF FF FF FF
1787467943.867637,123,8,FF FF FF FF FF FF FF FF
1787467943.869629,123,8,FF FF FF FF FF FF FF FF
1787467943.871340,123,8,FF FF FF FF FF FF FF FF
1787467943.873421,123,8,FF FF FF FF FF FF FF FF
1787467943.875232,123,8,FF FF FF FF FF FF FF FF
1787467943.877290,123,8,FF FF FF FF FF FF FF FF
1787467943.878867,123,8,FF FF FF FF FF FF FF FF
1787467943.881001,123,8,FF FF FF FF FF FF FF FF
1787467943.883085,123,8,FF FF FF FF FF FF FF FF
1787467943.885184,123,8,FF FF FF FF FF FF FF FF
1787467943.887377,123,8,FF FF FF FF FF FF FF FF
1787467943.889606,123,8,FF FF FF FF FF FF FF FF
1787467943.891462,123,8,FF FF FF FF FF FF FF FF
1787467943.894303,123,8,FF FF FF FF FF FF FF FF
1787467943.896627,123,8,FF FF FF FF FF FF FF FF
1787467943.900554,123,8,FF FF FF FF FF FF FF FF
1787467943.906294,123,8,FF FF FF FF FF FF FF FF
1787467943.909208,123,8,FF FF FF FF FF FF FF FF
1787467943.912412,123,8,FF FF FF FF FF FF FF FF
1787467943.914411,123,8,FF FF FF FF FF FF FF FF
1787467943.916943,123,8,FF FF FF FF FF FF FF FF
1787467943.918971,123,8,FF FF FF FF FF FF FF FF
1787467943.920583,123,8,FF FF FF FF FF FF FF FF
1787467943.922403,123,8,FF FF FF FF FF FF FF FF
1787467943.923989,123,8,FF FF FF FF FF FF FF FF
1787467943.925800,123,8,FF FF FF FF FF FF FF FF
1787467943.927759,123,8,FF FF FF FF FF FF FF FF
1787467943.929820,123,8,FF FF FF FF FF FF FF FF
1787467943.931828,123,8,FF FF FF FF FF FF FF FF
1787467943.933841,123,8,FF FF FF FF FF FF FF FF
1787467943.935410,123,8,FF FF FF FF FF FF FF FF
1787467943.937316,123,8,FF FF FF FF FF FF FF FF
1787467943.938920,123,8,FF FF FF FF FF FF FF FF
1787467943.940499,123,8,FF FF FF FF FF FF FF FF
1787467943.942972,123,8,FF FF FF FF FF FF FF FF
1787467943.946363,123,8,FF FF FF FF FF FF FF FF
1787467943.949313,123,8,FF FF FF FF FF FF FF FF
1787467943.953739,123,8,FF FF FF FF FF FF FF FF
1787467943.962602,123,8,FF FF FF FF FF FF FF FF
1787467943.965189,123,8,FF FF FF FF FF FF FF FF
1787467943.968445,123,8,FF FF FF FF FF FF FF FF
1787467943.971423,123,8,FF FF FF FF FF FF FF FF
1787467943.974221,123,8,FF FF FF FF FF FF FF FF
1787467943.976913,123,8,FF FF FF FF FF FF FF FF
1787467943.979373,123,8,FF FF FF FF FF FF FF FF
1787467943.980749,123,8,FF FF FF FF FF FF FF FF
1787467943.982550,123,8,FF FF FF FF FF FF FF FF
1787467943.984036,123,8,FF FF FF FF FF FF FF FF
1787467943.985832,123,8,FF FF FF FF FF FF FF FF
1787467943.987487,123,8,FF FF FF FF FF FF FF FF
1787467943.989076,123,8,FF FF FF FF FF FF FF FF
1787467943.990709,123,8,FF FF FF FF FF FF FF FF
1787467943.992374,123,8,FF FF FF FF FF FF FF FF
1787467943.994372,123,8,FF FF FF FF FF FF FF FF
1787467943.996220,123,8,FF FF FF FF FF FF FF FF
1787467943.997944,123,8,FF FF FF FF FF FF FF FF
1787467943.999518,123,8,FF FF FF FF FF FF FF FF
1787467944.001120,123,8,FF FF FF FF FF FF FF FF
1787467944.003638,123,8,FF FF FF FF FF FF FF FF
1787467944.005378,123,8,FF FF FF FF FF FF FF FF
1787467944.007319,123,8,FF FF FF FF FF FF FF FF
1787467944.008771,123,8,FF FF FF FF FF FF FF FF
1787467944.010833,123,8,FF FF FF FF FF FF FF FF
1787467944.013121,123,8,FF FF FF FF FF FF FF FF
1787467944.014772,123,8,FF FF FF FF FF FF FF FF
1787467944.016534,123,8,FF FF FF FF FF FF FF FF
1787467944.018068,123,8,FF FF FF FF FF FF FF FF
1787467944.019411,123,8,FF FF FF FF FF FF FF FF
1787467944.020791,123,8,FF FF FF FF FF FF FF FF
1787467944.022592,123,8,FF FF FF FF FF FF FF FF
1787467944.024179,123,8,FF FF FF FF FF FF FF FF
1787467944.026056,123,8,FF FF FF FF FF FF FF FF
1787467944.027941,123,8,FF FF FF FF FF FF FF FF
1787467944.029862,123,8,FF FF FF FF FF FF FF FF
1787467944.031616,123,8,FF FF FF FF FF FF FF FF
1787467944.033484,123,8,FF FF FF FF FF FF FF FF
1787467944.035143,123,8,FF FF FF FF FF FF FF FF
1787467944.036952,123,8,FF FF FF FF FF FF FF FF
1787467944.038952,123,8,FF FF FF FF FF FF FF FF
1787467944.041122,123,8,FF FF FF FF FF FF FF FF
1787467944.043232,123,8,FF FF FF FF FF FF FF FF
1787467944.045321,123,8,FF FF FF FF FF FF FF FF
1787467944.047739,123,8,FF FF FF FF FF FF FF FF
1787467944.049618,123,8,FF FF FF FF FF FF FF FF
1787467944.051741,123,8,FF FF FF FF FF FF FF FF
1787467944.053509,123,8,FF FF FF FF FF FF FF FF
1787467944.056120,123,8,FF FF FF FF FF FF FF FF
1787467944.057535,123,8,FF FF FF FF FF FF FF FF
1787467944.058996,123,8,FF FF FF FF FF FF FF FF
1787467944.060628,123,8,FF FF FF FF FF FF FF FF
1787467944.062708,123,8,FF FF FF FF FF FF FF FF
1787467944.064995,123,8,FF FF FF FF FF FF FF FF
1787467944.067746,123,8,FF FF FF FF FF FF FF FF
1787467944.071058,123,8,FF FF FF FF FF FF FF FF
1787467944.074587,123,8,FF FF FF FF FF FF FF FF
1787467944.077955,123,8,FF FF FF FF FF FF FF FF
1787467944.080832,123,8,FF FF FF FF FF FF FF FF
1787467944.083813,123,8,FF FF FF FF FF FF FF FF
1787467944.087031,123,8,FF FF FF FF FF FF FF FF
1787467944.090213,123,8,FF FF FF FF FF FF FF FF
1787467944.094019,123,8,FF FF FF FF FF FF FF FF
1787467944.098738,123,8,FF FF FF FF FF FF FF FF
1787467944.101761,123,8,FF FF FF FF FF FF FF FF
1787467944.105036,123,8,FF FF FF FF FF FF FF FF
1787467944.106180,123,8,FF FF FF FF FF FF FF FF
1787467944.108122,123,8,FF FF FF FF FF FF FF FF
1787467944.110241,123,8,FF FF FF FF FF FF FF FF
1787467944.111728,123,8,FF FF FF FF FF FF FF FF
1787467944.113430,123,8,FF FF FF FF FF FF FF FF
1787467944.115042,123,8,FF FF FF FF FF FF FF FF
1787467944.116979,123,8,FF FF FF FF FF FF FF FF
1787467944.118877,123,8,FF FF FF FF FF FF FF FF
1787467944.120688,123,8,FF FF FF FF FF FF FF FF
1787467944.122545,123,8,FF FF FF FF FF FF FF FF
1787467944.124200,123,8,FF FF FF FF FF FF FF FF
1787467944.125906,123,8,FF FF FF FF FF FF FF FF
1787467944.127719,123,8,FF FF FF FF FF FF FF FF
1787467944.129488,123,8,FF FF FF FF FF FF FF FF
1787467944.131291,123,8,FF FF FF FF FF FF FF FF
1787467944.132864,123,8,FF FF FF FF FF FF FF FF
1787467944.134542,123,8,FF FF FF FF FF FF FF FF
1787467944.136109,123,8,FF FF FF FF FF FF FF FF
1787467944.140985,123,8,FF FF FF FF FF FF FF FF
1787467944.142970,123,8,FF FF FF FF FF FF FF FF
1787467944.145499,123,8,FF FF FF FF FF FF FF FF
1787467944.147689,123,8,FF FF FF FF FF FF FF FF
1787467944.150482,123,8,FF FF FF FF FF FF FF FF
1787467944.151363,123,8,FF FF FF FF FF FF FF FF
1787467944.152831,123,8,FF FF FF FF FF FF FF FF
1787467944.154921,123,8,FF FF FF FF FF FF FF FF
1787467944.156570,123,8,FF FF FF FF FF FF FF FF
1787467944.158390,123,8,FF FF FF FF FF FF FF FF
1787467944.160291,123,8,FF FF FF FF FF FF FF FF
1787467944.162213,123,8,FF FF FF FF FF FF FF FF
1787467944.163854,123,8,FF FF FF FF FF FF FF FF
1787467944.165649,123,8,FF FF FF FF FF FF FF FF
1787467944.167337,123,8,FF FF FF FF FF FF FF FF
1787467944.168952,123,8,FF FF FF FF FF FF FF FF
1787467944.170759,123,8,FF FF FF FF FF FF FF FF
1787467944.172400,123,8,FF FF FF FF FF FF FF FF
1787467944.174225,123,8,FF FF FF FF FF FF FF FF
1787467944.175711,123,8,FF FF FF FF FF FF FF FF
1787467944.177943,123,8,FF FF FF FF FF FF FF FF
1787467944.179567,123,8,FF FF FF FF FF FF FF FF
1787467944.181475,123,8,FF FF FF FF FF FF FF FF
1787467944.183884,123,8,FF FF FF FF FF FF FF FF
1787467944.187342,123,8,FF FF FF FF FF FF FF FF
1787467944.189981,123,8,FF FF FF FF FF FF FF FF
1787467944.198327,123,8,FF FF FF FF FF FF FF FF
1787467944.200606,123,8,FF FF FF FF FF FF FF FF
1787467944.203199,123,8,FF FF FF FF FF FF FF FF
1787467944.205907,123,8,FF FF FF FF FF FF FF FF
1787467944.208526,123,8,FF FF FF FF FF FF FF FF
1787467944.210990,123,8,FF FF FF FF FF FF FF FF
1787467944.213875,123,8,FF FF FF FF FF FF FF FF
1787467944.216855,123,8,FF FF FF FF FF FF FF FF
1787467944.219785,123,8,FF FF FF FF FF FF FF FF
1787467944.222645,123,8,FF FF FF FF FF FF FF FF
1787467944.226283,123,8,FF FF FF FF FF FF FF FF
1787467944.229260,123,8,FF FF FF FF FF FF FF FF
1787467944.232413,123,8,FF FF FF FF FF FF FF FF
1787467944.235371,123,8,FF FF FF FF FF FF FF FF
1787467944.239130,123,8,FF FF FF FF FF FF FF FF
1787467944.242249,123,8,FF FF FF FF FF FF FF FF
1787467944.244712,123,8,FF FF FF FF FF FF FF FF
1787467944.247106,123,8,FF FF FF FF FF FF FF FF
1787467944.249208,123,8,FF FF FF FF FF FF FF FF
1787467944.250981,123,8,FF FF FF FF FF FF FF FF
1787467944.252711,123,8,FF FF FF FF FF FF FF FF
1787467944.254589,123,8,FF FF FF FF FF FF FF FF
1787467944.255907,123,8,FF FF FF FF FF FF FF FF
1787467944.257802,123,8,FF FF FF FF FF FF FF FF
1787467944.259234,123,8,FF FF FF FF FF FF FF FF
1787467944.261695,123,8,FF FF FF FF FF FF FF FF
1787467944.263147,123,8,FF FF FF FF FF FF FF FF
1787467944.264920,123,8,FF FF FF FF FF FF FF FF
1787467944.266837,123,8,FF FF FF FF FF FF FF FF
1787467944.268359,123,8,FF FF FF FF FF FF FF FF
1787467944.269962,123,8,FF FF FF FF FF FF FF FF
1787467944.271336,123,8,FF FF FF FF FF FF FF FF
1787467944.272894,123,8,FF FF FF FF FF FF FF FF
1787467944.274415,123,8,FF FF FF FF FF FF FF FF
1787467944.275729,123,8,FF FF FF FF FF FF FF FF
1787467944.277561,123,8,FF FF FF FF FF FF FF FF
1787467944.279085,123,8,FF FF FF FF FF FF FF FF
1787467944.280525,123,8,FF FF FF FF FF FF FF FF
1787467944.283605,123,8,FF FF FF FF FF FF FF FF
1787467944.283625,123,8,FF FF FF FF FF FF FF FF
1787467944.286477,123,8,FF FF FF FF FF FF FF FF
1787467944.288010,123,8,FF FF FF FF FF FF FF FF
1787467944.289901,123,8,FF FF FF FF FF FF FF FF
1787467944.292500,123,8,FF FF FF FF FF FF FF FF
1787467944.293871,123,8,FF FF FF FF FF FF FF FF
1787467944.295191,123,8,FF FF FF FF FF FF FF FF
1787467944.296478,123,8,FF FF FF FF FF FF FF FF
1787467944.298059,123,8,FF FF FF FF FF FF FF FF
1787467944.299469,123,8,FF FF FF FF FF FF FF FF
1787467944.300785,123,8,FF FF FF FF FF FF FF FF
1787467944.302371,123,8,FF FF FF FF FF FF FF FF
1787467944.303705,123,8,FF FF FF FF FF FF FF FF
1787467944.305241,123,8,FF FF FF FF FF FF FF FF
1787467944.306790,123,8,FF FF FF FF FF FF FF FF
1787467944.308110,123,8,FF FF FF FF FF FF FF FF
1787467944.309758,123,8,FF FF FF FF FF FF FF FF
1787467944.311256,123,8,FF FF FF FF FF FF FF FF
1787467944.312613,123,8,FF FF FF FF FF FF FF FF
1787467944.314167,123,8,FF FF FF FF FF FF FF FF
1787467944.315531,123,8,FF FF FF FF FF FF FF FF
1787467944.316988,123,8,FF FF FF FF FF FF FF FF
1787467944.318552,123,8,FF FF FF FF FF FF FF FF
1787467944.319992,123,8,FF FF FF FF FF FF FF FF
1787467944.321550,123,8,FF FF FF FF FF FF FF FF
1787467944.322958,123,8,FF FF FF FF FF FF FF FF
1787467944.327070,123,8,FF FF FF FF FF FF FF FF
1787467944.327113,123,8,FF FF FF FF FF FF FF FF
1787467944.328388,123,8,FF FF FF FF FF FF FF FF
1787467944.330123,123,8,FF FF FF FF FF FF FF FF
1787467944.331882,123,8,FF FF FF FF FF FF FF FF
1787467944.335540,123,8,FF FF FF FF FF FF FF FF
1787467944.336978,123,8,FF FF FF FF FF FF FF FF
1787467944.339812,123,8,FF FF FF FF FF FF FF FF
1787467944.342497,123,8,FF FF FF FF FF FF FF FF
1787467944.345821,123,8,FF FF FF FF FF FF FF FF
1787467944.349474,123,8,FF FF FF FF FF FF FF FF
1787467944.352303,123,8,FF FF FF FF FF FF FF FF
1787467944.355510,123,8,FF FF FF FF FF FF FF FF
1787467944.358662,123,8,FF FF FF FF FF FF FF FF
1787467944.362105,123,8,FF FF FF FF FF FF FF FF
1787467944.364116,123,8,FF FF FF FF FF FF FF FF
1787467944.366142,123,8,FF FF FF FF FF FF FF FF
1787467944.368859,123,8,FF FF FF FF FF FF FF FF
1787467944.370680,123,8,FF FF FF FF FF FF FF FF
1787467944.372780,123,8,FF FF FF FF FF FF FF FF
1787467944.374098,123,8,FF FF FF FF FF FF FF FF
1787467944.375515,123,8,FF FF FF FF FF FF FF FF
1787467944.377603,123,8,FF FF FF FF FF FF FF FF
1787467944.379554,123,8,FF FF FF FF FF FF FF FF
1787467944.381037,123,8,FF FF FF FF FF FF FF FF
1787467944.382621,123,8,FF FF FF FF FF FF FF FF
1787467944.384294,123,8,FF FF FF FF FF FF FF FF
1787467944.385903,123,8,FF FF FF FF FF FF FF FF
1787467944.387185,123,8,FF FF FF FF FF FF FF FF
1787467944.388715,123,8,FF FF FF FF FF FF FF FF
1787467944.390708,123,8,FF FF FF FF FF FF FF FF
1787467944.392568,123,8,FF FF FF FF FF FF FF FF
1787467944.394743,123,8,FF FF FF FF FF FF FF FF
1787467944.396660,123,8,FF FF FF FF FF FF FF FF
1787467944.398283,123,8,FF FF FF FF FF FF FF FF
1787467944.399652,123,8,FF FF FF FF FF FF FF FF
1787467944.400995,123,8,FF FF FF FF FF FF FF FF
1787467944.402526,123,8,FF FF FF FF FF FF FF FF
1787467944.403846,123,8,FF FF FF FF FF FF FF FF
1787467944.405386,123,8,FF FF FF FF FF FF FF FF
1787467944.406867,123,8,FF FF FF FF FF FF FF FF
1787467944.408227,123,8,FF FF FF FF FF FF FF FF
1787467944.409987,123,8,FF FF FF FF FF FF FF FF
1787467944.411671,123,8,FF FF FF FF FF FF FF FF
1787467944.413358,123,8,FF FF FF FF FF FF FF FF
1787467944.415093,123,8,FF FF FF FF FF FF FF FF
1787467944.416886,123,8,FF FF FF FF FF FF FF FF
1787467944.421055,123,8,FF FF FF FF FF FF FF FF
1787467944.423767,123,8,FF FF FF FF FF FF FF FF
1787467944.425795,123,8,FF FF FF FF FF FF FF FF
1787467944.427566,123,8,FF FF FF FF FF FF FF FF
1787467944.429107,123,8,FF FF FF FF FF FF FF FF
1787467944.430583,123,8,FF FF FF FF FF FF FF FF
1787467944.431955,123,8,FF FF FF FF FF FF FF FF
1787467944.433406,123,8,FF FF FF FF FF FF FF FF
1787467944.434799,123,8,FF FF FF FF FF FF FF FF
1787467944.436190,123,8,FF FF FF FF FF FF FF FF
1787467944.437797,123,8,FF FF FF FF FF FF FF FF
1787467944.439211,123,8,FF FF FF FF FF FF FF FF
1787467944.440551,123,8,FF FF FF FF FF FF FF FF
1787467944.442039,123,8,FF FF FF FF FF FF FF FF
1787467944.443411,123,8,FF FF FF FF FF FF FF FF
1787467944.444993,123,8,FF FF FF FF FF FF FF FF
1787467944.446764,123,8,FF FF FF FF FF FF FF FF
1787467944.448333,123,8,FF FF FF FF FF FF FF FF
1787467944.449912,123,8,FF FF FF FF FF FF FF FF
1787467944.451244,123,8,FF FF FF FF FF FF FF FF
1787467944.453000,123,8,FF FF FF FF FF FF FF FF
1787467944.456851,123,8,FF FF FF FF FF FF FF FF
1787467944.459531,123,8,FF FF FF FF FF FF FF FF
1787467944.462102,123,8,FF FF FF FF FF FF FF FF
1787467944.464397,123,8,FF FF FF FF FF FF FF FF
1787467944.466829,123,8,FF FF FF FF FF FF FF FF
1787467944.469494,123,8,FF FF FF FF FF FF FF FF
1787467944.474413,123,8,FF FF FF FF FF FF FF FF
1787467944.477363,123,8,FF FF FF FF FF FF FF FF
1787467944.480394,123,8,FF FF FF FF FF FF FF FF
1787467944.482738,123,8,FF FF FF FF FF FF FF FF
1787467944.484236,123,8,FF FF FF FF FF FF FF FF
1787467944.485955,123,8,FF FF FF FF FF FF FF FF
1787467944.487588,123,8,FF FF FF FF FF FF FF FF
1787467944.489197,123,8,FF FF FF FF FF FF FF FF
1787467944.490936,123,8,FF FF FF FF FF FF FF FF
1787467944.492618,123,8,FF FF FF FF FF FF FF FF
1787467944.494753,123,8,FF FF FF FF FF FF FF FF
1787467944.496403,123,8,FF FF FF FF FF FF FF FF
1787467944.498376,123,8,FF FF FF FF FF FF FF FF
1787467944.500092,123,8,FF FF FF FF FF FF FF FF
1787467944.504848,123,8,FF FF FF FF FF FF FF FF
1787467944.506843,123,8,FF FF FF FF FF FF FF FF
1787467944.512123,123,8,FF FF FF FF FF FF FF FF
1787467944.512162,123,8,FF FF FF FF FF FF FF FF
1787467944.512295,123,8,FF FF FF FF FF FF FF FF
1787467944.514163,123,8,FF FF FF FF FF FF FF FF
1787467944.515978,123,8,FF FF FF FF FF FF FF FF
1787467944.517698,123,8,FF FF FF FF FF FF FF FF
1787467944.519323,123,8,FF FF FF FF FF FF FF FF
1787467944.520995,123,8,FF FF FF FF FF FF FF FF
1787467944.522810,123,8,FF FF FF FF FF FF FF FF
1787467944.524502,123,8,FF FF FF FF FF FF FF FF
1787467944.526404,123,8,FF FF FF FF FF FF FF FF
1787467944.528266,123,8,FF FF FF FF FF FF FF FF
1787467944.530045,123,8,FF FF FF FF FF FF FF FF
1787467944.531706,123,8,FF FF FF FF FF FF FF FF
1787467944.533314,123,8,FF FF FF FF FF FF FF FF
1787467944.535551,123,8,FF FF FF FF FF FF FF FF
1787467944.537196,123,8,FF FF FF FF FF FF FF FF
1787467944.539007,123,8,FF FF FF FF FF FF FF FF
1787467944.540641,123,8,FF FF FF FF FF FF FF FF
1787467944.542484,123,8,FF FF FF FF FF FF FF FF
1787467944.544348,123,8,FF FF FF FF FF FF FF FF
1787467944.546243,123,8,FF FF FF FF FF FF FF FF
1787467944.548100,123,8,FF FF FF FF FF FF FF FF
1787467944.551704,123,8,FF FF FF FF FF FF FF FF
1787467944.557237,123,8,FF FF FF FF FF FF FF FF
1787467944.557265,123,8,FF FF FF FF FF FF FF FF
1787467944.559052,123,8,FF FF FF FF FF FF FF FF
1787467944.560562,123,8,FF FF FF FF FF FF FF FF
1787467944.562249,123,8,FF FF FF FF FF FF FF FF
1787467944.563915,123,8,FF FF FF FF FF FF FF FF
1787467944.565678,123,8,FF FF FF FF FF FF FF FF
1787467944.567313,123,8,FF FF FF FF FF FF FF FF
1787467944.568902,123,8,FF FF FF FF FF FF FF FF
1787467944.570595,123,8,FF FF FF FF FF FF FF FF
1787467944.572267,123,8,FF FF FF FF FF FF FF FF
1787467944.574718,123,8,FF FF FF FF FF FF FF FF
1787467944.577906,123,8,FF FF FF FF FF FF FF FF
1787467944.580874,123,8,FF FF FF FF FF FF FF FF
1787467944.584222,123,8,FF FF FF FF FF FF FF FF
1787467944.587451,123,8,FF FF FF FF FF FF FF FF
1787467944.590548,123,8,FF FF FF FF FF FF FF FF
1787467944.594432,123,8,FF FF FF FF FF FF FF FF
1787467944.597800,123,8,FF FF FF FF FF FF FF FF
1787467944.600203,123,8,FF FF FF FF FF FF FF FF
1787467944.606326,123,8,FF FF FF FF FF FF FF FF
1787467944.607343,123,8,FF FF FF FF FF FF FF FF
1787467944.610201,123,8,FF FF FF FF FF FF FF FF
1787467944.611948,123,8,FF FF FF FF FF FF FF FF
1787467944.613675,123,8,FF FF FF FF FF FF FF FF
1787467944.615301,123,8,FF FF FF FF FF FF FF FF
1787467944.616903,123,8,FF FF FF FF FF FF FF FF
1787467944.618627,123,8,FF FF FF FF FF FF FF FF
1787467944.620471,123,8,FF FF FF FF FF FF FF FF
1787467944.622419,123,8,FF FF FF FF FF FF FF FF
1787467944.624018,123,8,FF FF FF FF FF FF FF FF
1787467944.625787,123,8,FF FF FF FF FF FF FF FF
1787467944.627673,123,8,FF FF FF FF FF FF FF FF
1787467944.629326,123,8,FF FF FF FF FF FF FF FF
1787467944.631396,123,8,FF FF FF FF FF FF FF FF
1787467944.632874,123,8,FF FF FF FF FF FF FF FF
1787467944.634588,123,8,FF FF FF FF FF FF FF FF
1787467944.636147,123,8,FF FF FF FF FF FF FF FF
1787467944.637870,123,8,FF FF FF FF FF FF FF FF
1787467944.639535,123,8,FF FF FF FF FF FF FF FF
1787467944.641752,123,8,FF FF FF FF FF FF FF FF
1787467944.643884,123,8,FF FF FF FF FF FF FF FF
1787467944.646065,123,8,FF FF FF FF FF FF FF FF
1787467944.648318,123,8,FF FF FF FF FF FF FF FF
1787467944.651192,123,8,FF FF FF FF FF FF FF FF
1787467944.653043,123,8,FF FF FF FF FF FF FF FF
1787467944.654876,123,8,FF FF FF FF FF FF FF FF
1787467944.656382,123,8,FF FF FF FF FF FF FF FF
1787467944.658216,123,8,FF FF FF FF FF FF FF FF
1787467944.660100,123,8,FF FF FF FF FF FF FF FF
1787467944.662305,123,8,FF FF FF FF FF FF FF FF
1787467944.664094,123,8,FF FF FF FF FF FF FF FF
1787467944.665843,123,8,FF FF FF FF FF FF FF FF
1787467944.667392,123,8,FF FF FF FF FF FF FF FF
1787467944.668960,123,8,FF FF FF FF FF FF FF FF
1787467944.670692,123,8,FF FF FF FF FF FF FF FF
1787467944.672236,123,8,FF FF FF FF FF FF FF FF
1787467944.673768,123,8,FF FF FF FF FF FF FF FF
1787467944.675458,123,8,FF FF FF FF FF FF FF FF
1787467944.677419,123,8,FF FF FF FF FF FF FF FF
1787467944.679158,123,8,FF FF FF FF FF FF FF FF
1787467944.680769,123,8,FF FF FF FF FF FF FF FF
1787467944.682749,123,8,FF FF FF FF FF FF FF FF
1787467944.684299,123,8,FF FF FF FF FF FF FF FF
1787467944.686210,123,8,FF FF FF FF FF FF FF FF
1787467944.690521,123,8,FF FF FF FF FF FF FF FF
1787467944.701698,123,8,FF FF FF FF FF FF FF FF
1787467944.701733,123,8,FF FF FF FF FF FF FF FF
1787467944.701738,123,8,FF FF FF FF FF FF FF FF
1787467944.701742,123,8,FF FF FF FF FF FF FF FF
1787467944.701746,123,8,FF FF FF FF FF FF FF FF
1787467944.701749,123,8,FF FF FF FF FF FF FF FF
1787467944.706136,123,8,FF FF FF FF FF FF FF FF
1787467944.708814,123,8,FF FF FF FF FF FF FF FF
1787467944.711626,123,8,FF FF FF FF FF FF FF FF
1787467944.718103,123,8,FF FF FF FF FF FF FF FF
1787467944.724105,123,8,FF FF FF FF FF FF FF FF
1787467944.729031,123,8,FF FF FF FF FF FF FF FF
1787467944.733180,123,8,FF FF FF FF FF FF FF FF
1787467944.735937,123,8,FF FF FF FF FF FF FF FF
1787467944.738619,123,8,FF FF FF FF FF FF FF FF
1787467944.741391,123,8,FF FF FF FF FF FF FF FF
1787467944.744503,123,8,FF FF FF FF FF FF FF FF
1787467944.746764,123,8,FF FF FF FF FF FF FF FF
1787467944.749394,123,8,FF FF FF FF FF FF FF FF
1787467944.751778,123,8,FF FF FF FF FF FF FF FF
1787467944.754215,123,8,FF FF FF FF FF FF FF FF
1787467944.756028,123,8,FF FF FF FF FF FF FF FF
1787467944.757855,123,8,FF FF FF FF FF FF FF FF
1787467944.760055,123,8,FF FF FF FF FF FF FF FF
1787467944.762063,123,8,FF FF FF FF FF FF FF FF
1787467944.763786,123,8,FF FF FF FF FF FF FF FF
1787467944.765448,123,8,FF FF FF FF FF FF FF FF
1787467944.767239,123,8,FF FF FF FF FF FF FF FF
1787467944.768965,123,8,FF FF FF FF FF FF FF FF
1787467944.770774,123,8,FF FF FF FF FF FF FF FF
1787467944.772462,123,8,FF FF FF FF FF FF FF FF
1787467944.774719,123,8,FF FF FF FF FF FF FF FF
1787467944.776151,123,8,FF FF FF FF FF FF FF FF
1787467944.777949,123,8,FF FF FF FF FF FF FF FF
1787467944.779372,123,8,FF FF FF FF FF FF FF FF
1787467944.781183,123,8,FF FF FF FF FF FF FF FF
1787467944.787422,123,8,FF FF FF FF FF FF FF FF
1787467944.788954,123,8,FF FF FF FF FF FF FF FF
1787467944.790473,123,8,FF FF FF FF FF FF FF FF
1787467944.791850,123,8,FF FF FF FF FF FF FF FF
1787467944.793346,123,8,FF FF FF FF FF FF FF FF
1787467944.794858,123,8,FF FF FF FF FF FF FF FF
1787467944.796570,123,8,FF FF FF FF FF FF FF FF
1787467944.798358,123,8,FF FF FF FF FF FF FF FF
1787467944.800102,123,8,FF FF FF FF FF FF FF FF
1787467944.802052,123,8,FF FF FF FF FF FF FF FF
1787467944.803968,123,8,FF FF FF FF FF FF FF FF
1787467944.806032,123,8,FF FF FF FF FF FF FF FF
1787467944.807853,123,8,FF FF FF FF FF FF FF FF
1787467944.810128,123,8,FF FF FF FF FF FF FF FF
1787467944.812124,123,8,FF FF FF FF FF FF FF FF
1787467944.814167,123,8,FF FF FF FF FF FF FF FF
1787467944.816022,123,8,FF FF FF FF FF FF FF FF
1787467944.818131,123,8,FF FF FF FF FF FF FF FF
1787467944.823937,123,8,FF FF FF FF FF FF FF FF
1787467944.823970,123,8,FF FF FF FF FF FF FF FF
1787467944.825494,123,8,FF FF FF FF FF FF FF FF
1787467944.827283,123,8,FF FF FF FF FF FF FF FF
1787467944.829217,123,8,FF FF FF FF FF FF FF FF
1787467944.831704,123,8,FF FF FF FF FF FF FF FF
1787467944.833030,123,8,FF FF FF FF FF FF FF FF
1787467944.834835,123,8,FF FF FF FF FF FF FF FF
1787467944.836411,123,8,FF FF FF FF FF FF FF FF
1787467944.838135,123,8,FF FF FF FF FF FF FF FF
1787467944.839682,123,8,FF FF FF FF FF FF FF FF
1787467944.841043,123,8,FF FF FF FF FF FF FF FF
1787467944.843266,123,8,FF FF FF FF FF FF FF FF
1787467944.845892,123,8,FF FF FF FF FF FF FF FF
1787467944.848595,123,8,FF FF FF FF FF FF FF FF
1787467944.851549,123,8,FF FF FF FF FF FF FF FF
1787467944.854826,123,8,FF FF FF FF FF FF FF FF
1787467944.857993,123,8,FF FF FF FF FF FF FF FF
1787467944.860518,123,8,FF FF FF FF FF FF FF FF
1787467944.863538,123,8,FF FF FF FF FF FF FF FF
1787467944.866206,123,8,FF FF FF FF FF FF FF FF
1787467944.868760,123,8,FF FF FF FF FF FF FF FF
1787467944.873094,123,8,FF FF FF FF FF FF FF FF
1787467944.873658,123,8,FF FF FF FF FF FF FF FF
1787467944.877017,123,8,FF FF FF FF FF FF FF FF
1787467944.880309,123,8,FF FF FF FF FF FF FF FF
1787467944.882810,123,8,FF FF FF FF FF FF FF FF
1787467944.885672,123,8,FF FF FF FF FF FF FF FF
1787467944.888787,123,8,FF FF FF FF FF FF FF FF
1787467944.891694,123,8,FF FF FF FF FF FF FF FF
1787467944.894810,123,8,FF FF FF FF FF FF FF FF
1787467944.898067,123,8,FF FF FF FF FF FF FF FF
1787467944.901026,123,8,FF FF FF FF FF FF FF FF
1787467944.903148,123,8,FF FF FF FF FF FF FF FF
1787467944.904868,123,8,FF FF FF FF FF FF FF FF
1787467944.906474,123,8,FF FF FF FF FF FF FF FF
1787467944.908192,123,8,FF FF FF FF FF FF FF FF
1787467944.911312,123,8,FF FF FF FF FF FF FF FF
1787467944.913143,123,8,FF FF FF FF FF FF FF FF
1787467944.918952,123,8,FF FF FF FF FF FF FF FF
1787467944.920715,123,8,FF FF FF FF FF FF FF FF
1787467944.922852,123,8,FF FF FF FF FF FF FF FF
1787467944.924633,123,8,FF FF FF FF FF FF FF FF
1787467944.926617,123,8,FF FF FF FF FF FF FF FF
1787467944.928488,123,8,FF FF FF FF FF FF FF FF
1787467944.930309,123,8,FF FF FF FF FF FF FF FF
1787467944.931951,123,8,FF FF FF FF FF FF FF FF
1787467944.933692,123,8,FF FF FF FF FF FF FF FF
1787467944.935275,123,8,FF FF FF FF FF FF FF FF
1787467944.936949,123,8,FF FF FF FF FF FF FF FF
1787467944.938639,123,8,FF FF FF FF FF FF FF FF
1787467944.940245,123,8,FF FF FF FF FF FF FF FF
1787467944.942097,123,8,FF FF FF FF FF FF FF FF
1787467944.944044,123,8,FF FF FF FF FF FF FF FF
1787467944.946051,123,8,FF FF FF FF FF FF FF FF
1787467944.947729,123,8,FF FF FF FF FF FF FF FF
1787467944.949358,123,8,FF FF FF FF FF FF FF FF
1787467944.951147,123,8,FF FF FF FF FF FF FF FF
1787467944.953807,123,8,FF FF FF FF FF FF FF FF
1787467944.955360,123,8,FF FF FF FF FF FF FF FF
1787467944.956911,123,8,FF FF FF FF FF FF FF FF
1787467944.961974,123,8,FF FF FF FF FF FF FF FF
1787467944.962012,123,8,FF FF FF FF FF FF FF FF
1787467944.962363,123,8,FF FF FF FF FF FF FF FF
1787467944.964060,123,8,FF FF FF FF FF FF FF FF
1787467944.965766,123,8,FF FF FF FF FF FF FF FF
1787467944.967455,123,8,FF FF FF FF FF FF FF FF
1787467944.969275,123,8,FF FF FF FF FF FF FF FF
1787467944.970988,123,8,FF FF FF FF FF FF FF FF
1787467944.972673,123,8,FF FF FF FF FF FF FF FF
1787467944.974430,123,8,FF FF FF FF FF FF FF FF
1787467944.977175,123,8,FF FF FF FF FF FF FF FF
1787467944.979470,123,8,FF FF FF FF FF FF FF FF
1787467944.981415,123,8,FF FF FF FF FF FF FF FF
1787467944.982996,123,8,FF FF FF FF FF FF FF FF
1787467944.984529,123,8,FF FF FF FF FF FF FF FF
1787467944.986462,123,8,FF FF FF FF FF FF FF FF
1787467944.988291,123,8,FF FF FF FF FF FF FF FF
1787467944.990298,123,8,FF FF FF FF FF FF FF FF
1787467944.992364,123,8,FF FF FF FF FF FF FF FF
1787467944.995203,123,8,FF FF FF FF FF FF FF FF
1787467944.998924,123,8,FF FF FF FF FF FF FF FF
1787467945.001619,123,8,FF FF FF FF FF FF FF FF
1787467945.004139,123,8,FF FF FF FF FF FF FF FF
1787467945.006112,123,8,FF FF FF FF FF FF FF FF
1787467945.008611,123,8,FF FF FF FF FF FF FF FF
1787467945.011440,123,8,FF FF FF FF FF FF FF FF
1787467945.014094,123,8,FF FF FF FF FF FF FF FF
1787467945.016791,123,8,FF FF FF FF FF FF FF FF
1787467945.019927,123,8,FF FF FF FF FF FF FF FF
1787467945.022881,123,8,FF FF FF FF FF FF FF FF
1787467945.024966,123,8,FF FF FF FF FF FF FF FF
1787467945.027041,123,8,FF FF FF FF FF FF FF FF
1787467945.028687,123,8,FF FF FF FF FF FF FF FF
1787467945.030407,123,8,FF FF FF FF FF FF FF FF
1787467945.032016,123,8,FF FF FF FF FF FF FF FF
1787467945.033665,123,8,FF FF FF FF FF FF FF FF
1787467945.035236,123,8,FF FF FF FF FF FF FF FF
1787467945.036862,123,8,FF FF FF FF FF FF FF FF
1787467945.038626,123,8,FF FF FF FF FF FF FF FF
1787467945.040233,123,8,FF FF FF FF FF FF FF FF
1787467945.042042,123,8,FF FF FF FF FF FF FF FF
1787467945.045260,123,8,FF FF FF FF FF FF FF FF
1787467945.047122,123,8,FF FF FF FF FF FF FF FF
1787467945.049022,123,8,FF FF FF FF FF FF FF FF
1787467945.053212,123,8,FF FF FF FF FF FF FF FF
1787467945.053243,123,8,FF FF FF FF FF FF FF FF
1787467945.054665,123,8,FF FF FF FF FF FF FF FF
1787467945.056079,123,8,FF FF FF FF FF FF FF FF
1787467945.057745,123,8,FF FF FF FF FF FF FF FF
1787467945.059444,123,8,FF FF FF FF FF FF FF FF
1787467945.061351,123,8,FF FF FF FF FF FF FF FF
1787467945.063021,123,8,FF FF FF FF FF FF FF FF
1787467945.064804,123,8,FF FF FF FF FF FF FF FF
1787467945.066630,123,8,FF FF FF FF FF FF FF FF
1787467945.068345,123,8,FF FF FF FF FF FF FF FF
1787467945.070342,123,8,FF FF FF FF FF FF FF FF
1787467945.072053,123,8,FF FF FF FF FF FF FF FF
1787467945.073939,123,8,FF FF FF FF FF FF FF FF
1787467945.075677,123,8,FF FF FF FF FF FF FF FF
1787467945.077591,123,8,FF FF FF FF FF FF FF FF
1787467945.079344,123,8,FF FF FF FF FF FF FF FF
1787467945.080966,123,8,FF FF FF FF FF FF FF FF
1787467945.082674,123,8,FF FF FF FF FF FF FF FF
1787467945.084271,123,8,FF FF FF FF FF FF FF FF
1787467945.086257,123,8,FF FF FF FF FF FF FF FF
1787467945.087894,123,8,FF FF FF FF FF FF FF FF
1787467945.090325,123,8,FF FF FF FF FF FF FF FF
1787467945.092220,123,8,FF FF FF FF FF FF FF FF
1787467945.094059,123,8,FF FF FF FF FF FF FF FF
1787467945.095941,123,8,FF FF FF FF FF FF FF FF
1787467945.098359,123,8,FF FF FF FF FF FF FF FF
1787467945.100847,123,8,FF FF FF FF FF FF FF FF
1787467945.103101,123,8,FF FF FF FF FF FF FF FF
1787467945.105836,123,8,FF FF FF FF FF FF FF FF
1787467945.107674,123,8,FF FF FF FF FF FF FF FF
1787467945.109586,123,8,FF FF FF FF FF FF FF FF
1787467945.111396,123,8,FF FF FF FF FF FF FF FF
1787467945.113992,123,8,FF FF FF FF FF FF FF FF
1787467945.116804,123,8,FF FF FF FF FF FF FF FF
1787467945.119800,123,8,FF FF FF FF FF FF FF FF
1787467945.123001,123,8,FF FF FF FF FF FF FF FF
1787467945.126127,123,8,FF FF FF FF FF FF FF FF
1787467945.128979,123,8,FF FF FF FF FF FF FF FF
1787467945.132054,123,8,FF FF FF FF FF FF FF FF
1787467945.134806,123,8,FF FF FF FF FF FF FF FF
1787467945.138459,123,8,FF FF FF FF FF FF FF FF
1787467945.141026,123,8,FF FF FF FF FF FF FF FF
1787467945.143622,123,8,FF FF FF FF FF FF FF FF
1787467945.146006,123,8,FF FF FF FF FF FF FF FF
1787467945.148316,123,8,FF FF FF FF FF FF FF FF
1787467945.150193,123,8,FF FF FF FF FF FF FF FF
1787467945.151749,123,8,FF FF FF FF FF FF FF FF
1787467945.153917,123,8,FF FF FF FF FF FF FF FF
1787467945.155581,123,8,FF FF FF FF FF FF FF FF
1787467945.157578,123,8,FF FF FF FF FF FF FF FF
1787467945.159421,123,8,FF FF FF FF FF FF FF FF
1787467945.161272,123,8,FF FF FF FF FF FF FF FF
1787467945.162921,123,8,FF FF FF FF FF FF FF FF
1787467945.164569,123,8,FF FF FF FF FF FF FF FF
1787467945.166455,123,8,FF FF FF FF FF FF FF FF
1787467945.168118,123,8,FF FF FF FF FF FF FF FF
1787467945.169964,123,8,FF FF FF FF FF FF FF FF
1787467945.171589,123,8,FF FF FF FF FF FF FF FF
1787467945.173242,123,8,FF FF FF FF FF FF FF FF
1787467945.174943,123,8,FF FF FF FF FF FF FF FF
1787467945.176914,123,8,FF FF FF FF FF FF FF FF
1787467945.178841,123,8,FF FF FF FF FF FF FF FF
1787467945.180436,123,8,FF FF FF FF FF FF FF FF
1787467945.182205,123,8,FF FF FF FF FF FF FF FF
1787467945.183924,123,8,FF FF FF FF FF FF FF FF
1787467945.186125,123,8,FF FF FF FF FF FF FF FF
1787467945.190002,123,8,FF FF FF FF FF FF FF FF
1787467945.191948,123,8,FF FF FF FF FF FF FF FF
1787467945.194288,123,8,FF FF FF FF FF FF FF FF
1787467945.197077,123,8,FF FF FF FF FF FF FF FF
1787467945.198986,123,8,FF FF FF FF FF FF FF FF
1787467945.200785,123,8,FF FF FF FF FF FF FF FF
1787467945.202773,123,8,FF FF FF FF FF FF FF FF
1787467945.204587,123,8,FF FF FF FF FF FF FF FF
1787467945.206646,123,8,FF FF FF FF FF FF FF FF
1787467945.208609,123,8,FF FF FF FF FF FF FF FF
1787467945.210762,123,8,FF FF FF FF FF FF FF FF
1787467945.212543,123,8,FF FF FF FF FF FF FF FF
1787467945.214481,123,8,FF FF FF FF FF FF FF FF
1787467945.216159,123,8,FF FF FF FF FF FF FF FF
1787467945.217940,123,8,FF FF FF FF FF FF FF FF
1787467945.219664,123,8,FF FF FF FF FF FF FF FF
1787467945.221496,123,8,FF FF FF FF FF FF FF FF
1787467945.223314,123,8,FF FF FF FF FF FF FF FF
1787467945.225487,123,8,FF FF FF FF FF FF FF FF
1787467945.228906,123,8,FF FF FF FF FF FF FF FF
1787467945.233191,123,8,FF FF FF FF FF FF FF FF
1787467945.236074,123,8,FF FF FF FF FF FF FF FF
1787467945.238975,123,8,FF FF FF FF FF FF FF FF
1787467945.242442,123,8,FF FF FF FF FF FF FF FF
1787467945.245972,123,8,FF FF FF FF FF FF FF FF
1787467945.248645,123,8,FF FF FF FF FF FF FF FF
1787467945.251065,123,8,FF FF FF FF FF FF FF FF
1787467945.252833,123,8,FF FF FF FF FF FF FF FF
1787467945.255442,123,8,FF FF FF FF FF FF FF FF
1787467945.258055,123,8,FF FF FF FF FF FF FF FF
1787467945.260459,123,8,FF FF FF FF FF FF FF FF
1787467945.262843,123,8,FF FF FF FF FF FF FF FF
1787467945.264591,123,8,FF FF FF FF FF FF FF FF
1787467945.266299,123,8,FF FF FF FF FF FF FF FF
1787467945.267998,123,8,FF FF FF FF FF FF FF FF
1787467945.269692,123,8,FF FF FF FF FF FF FF FF
1787467945.271382,123,8,FF FF FF FF FF FF FF FF
1787467945.272954,123,8,FF FF FF FF FF FF FF FF
1787467945.274627,123,8,FF FF FF FF FF FF FF FF
1787467945.276462,123,8,FF FF FF FF FF FF FF FF
1787467945.278375,123,8,FF FF FF FF FF FF FF FF
1787467945.280085,123,8,FF FF FF FF FF FF FF FF
1787467945.281908,123,8,FF FF FF FF FF FF FF FF
1787467945.284275,123,8,FF FF FF FF FF FF FF FF
1787467945.286011,123,8,FF FF FF FF FF FF FF FF
1787467945.287467,123,8,FF FF FF FF FF FF FF FF
1787467945.289972,123,8,FF FF FF FF FF FF FF FF
1787467945.290949,123,8,FF FF FF FF FF FF FF FF
1787467945.292968,123,8,FF FF FF FF FF FF FF FF
1787467945.294909,123,8,FF FF FF FF FF FF FF FF
1787467945.296443,123,8,FF FF FF FF FF FF FF FF
1787467945.298036,123,8,FF FF FF FF FF FF FF FF
1787467945.299426,123,8,FF FF FF FF FF FF FF FF
1787467945.301094,123,8,FF FF FF FF FF FF FF FF
1787467945.302888,123,8,FF FF FF FF FF FF FF FF
1787467945.304509,123,8,FF FF FF FF FF FF FF FF
1787467945.306220,123,8,FF FF FF FF FF FF FF FF
1787467945.307883,123,8,FF FF FF FF FF FF FF FF
1787467945.309826,123,8,FF FF FF FF FF FF FF FF
1787467945.311497,123,8,FF FF FF FF FF FF FF FF
1787467945.313131,123,8,FF FF FF FF FF FF FF FF
1787467945.314921,123,8,FF FF FF FF FF FF FF FF
1787467945.316520,123,8,FF FF FF FF FF FF FF FF
1787467945.318561,123,8,FF FF FF FF FF FF FF FF
1787467945.320294,123,8,FF FF FF FF FF FF FF FF
1787467945.322095,123,8,FF FF FF FF FF FF FF FF
1787467945.323854,123,8,FF FF FF FF FF FF FF FF
1787467945.325625,123,8,FF FF FF FF FF FF FF FF
1787467945.327636,123,8,FF FF FF FF FF FF FF FF
1787467945.330116,123,8,FF FF FF FF FF FF FF FF
1787467945.332045,123,8,FF FF FF FF FF FF FF FF
1787467945.334074,123,8,FF FF FF FF FF FF FF FF
1787467945.335933,123,8,FF FF FF FF FF FF FF FF
1787467945.337936,123,8,FF FF FF FF FF FF FF FF
1787467945.340010,123,8,FF FF FF FF FF FF FF FF
1787467945.342358,123,8,FF FF FF FF FF FF FF FF
1787467945.344195,123,8,FF FF FF FF FF FF FF FF
1787467945.346029,123,8,FF FF FF FF FF FF FF FF
1787467945.347663,123,8,FF FF FF FF FF FF FF FF
1787467945.349265,123,8,FF FF FF FF FF FF FF FF
1787467945.351058,123,8,FF FF FF FF FF FF FF FF
1787467945.353596,123,8,FF FF FF FF FF FF FF FF
1787467945.356510,123,8,FF FF FF FF FF FF FF FF
1787467945.359644,123,8,FF FF FF FF FF FF FF FF
1787467945.362984,123,8,FF FF FF FF FF FF FF FF
1787467945.366327,123,8,FF FF FF FF FF FF FF FF
1787467945.369467,123,8,FF FF FF FF FF FF FF FF
1787467945.372533,123,8,FF FF FF FF FF FF FF FF
1787467945.375670,123,8,FF FF FF FF FF FF FF FF
1787467945.379921,123,8,FF FF FF FF FF FF FF FF
1787467945.383723,123,8,FF FF FF FF FF FF FF FF
1787467945.385698,123,8,FF FF FF FF FF FF FF FF
1787467945.387866,123,8,FF FF FF FF FF FF FF FF
1787467945.389897,123,8,FF FF FF FF FF FF FF FF
1787467945.392533,123,8,FF FF FF FF FF FF FF FF
1787467945.394456,123,8,FF FF FF FF FF FF FF FF
1787467945.396434,123,8,FF FF FF FF FF FF FF FF
1787467945.398281,123,8,FF FF FF FF FF FF FF FF
1787467945.399908,123,8,FF FF FF FF FF FF FF FF
1787467945.401716,123,8,FF FF FF FF FF FF FF FF
1787467945.403286,123,8,FF FF FF FF FF FF FF FF
1787467945.404844,123,8,FF FF FF FF FF FF FF FF
1787467945.406554,123,8,FF FF FF FF FF FF FF FF
1787467945.408122,123,8,FF FF FF FF FF FF FF FF
1787467945.410191,123,8,FF FF FF FF FF FF FF FF
1787467945.411957,123,8,FF FF FF FF FF FF FF FF
1787467945.413706,123,8,FF FF FF FF FF FF FF FF
1787467945.415276,123,8,FF FF FF FF FF FF FF FF
1787467945.416833,123,8,FF FF FF FF FF FF FF FF
1787467945.418578,123,8,FF FF FF FF FF FF FF FF
1787467945.420158,123,8,FF FF FF FF FF FF FF FF
1787467945.422082,123,8,FF FF FF FF FF FF FF FF
1787467945.424272,123,8,FF FF FF FF FF FF FF FF
1787467945.427818,123,8,FF FF FF FF FF FF FF FF
1787467945.429487,123,8,FF FF FF FF FF FF FF FF
1787467945.431222,123,8,FF FF FF FF FF FF FF FF
1787467945.432939,123,8,FF FF FF FF FF FF FF FF
1787467945.434689,123,8,FF FF FF FF FF FF FF FF
1787467945.436509,123,8,FF FF FF FF FF FF FF FF
1787467945.438447,123,8,FF FF FF FF FF FF FF FF
1787467945.440107,123,8,FF FF FF FF FF FF FF FF
1787467945.442231,123,8,FF FF FF FF FF FF FF FF
1787467945.443877,123,8,FF FF FF FF FF FF FF FF
1787467945.445673,123,8,FF FF FF FF FF FF FF FF
1787467945.447393,123,8,FF FF FF FF FF FF FF FF
1787467945.448991,123,8,FF FF FF FF FF FF FF FF
1787467945.450613,123,8,FF FF FF FF FF FF FF FF
1787467945.452189,123,8,FF FF FF FF FF FF FF FF
1787467945.453980,123,8,FF FF FF FF FF FF FF FF
1787467945.455554,123,8,FF FF FF FF FF FF FF FF
1787467945.457289,123,8,FF FF FF FF FF FF FF FF
1787467945.459275,123,8,FF FF FF FF FF FF FF FF
1787467945.461227,123,8,FF FF FF FF FF FF FF FF
1787467945.462677,123,8,FF FF FF FF FF FF FF FF
1787467945.464302,123,8,FF FF FF FF FF FF FF FF
1787467945.466058,123,8,FF FF FF FF FF FF FF FF
1787467945.471186,123,8,FF FF FF FF FF FF FF FF
1787467945.473603,123,8,FF FF FF FF FF FF FF FF
1787467945.476074,123,8,FF FF FF FF FF FF FF FF
1787467945.479928,123,8,FF FF FF FF FF FF FF FF
1787467945.481701,123,8,FF FF FF FF FF FF FF FF
1787467945.483815,123,8,FF FF FF FF FF FF FF FF
1787467945.486391,123,8,FF FF FF FF FF FF FF FF
1787467945.489137,123,8,FF FF FF FF FF FF FF FF
1787467945.490702,123,8,FF FF FF FF FF FF FF FF
1787467945.493219,123,8,FF FF FF FF FF FF FF FF
1787467945.495550,123,8,FF FF FF FF FF FF FF FF
1787467945.498870,123,8,FF FF FF FF FF FF FF FF
1787467945.501969,123,8,FF FF FF FF FF FF FF FF
1787467945.504853,123,8,FF FF FF FF FF FF FF FF
1787467945.508334,123,8,FF FF FF FF FF FF FF FF
1787467945.511787,123,8,FF FF FF FF FF FF FF FF
1787467945.515897,123,8,FF FF FF FF FF FF FF FF
1787467945.518596,123,8,FF FF FF FF FF FF FF FF
1787467945.527059,123,8,FF FF FF FF FF FF FF FF
1787467945.530349,123,8,FF FF FF FF FF FF FF FF
1787467945.533113,123,8,FF FF FF FF FF FF FF FF
1787467945.535504,123,8,FF FF FF FF FF FF FF FF
1787467945.537738,123,8,FF FF FF FF FF FF FF FF
1787467945.539454,123,8,FF FF FF FF FF FF FF FF
1787467945.541094,123,8,FF FF FF FF FF FF FF FF
1787467945.543236,123,8,FF FF FF FF FF FF FF FF
1787467945.544911,123,8,FF FF FF FF FF FF FF FF
1787467945.546667,123,8,FF FF FF FF FF FF FF FF
1787467945.548329,123,8,FF FF FF FF FF FF FF FF
1787467945.550160,123,8,FF FF FF FF FF FF FF FF
1787467945.551911,123,8,FF FF FF FF FF FF FF FF
1787467945.553803,123,8,FF FF FF FF FF FF FF FF
1787467945.555407,123,8,FF FF FF FF FF FF FF FF
1787467945.556989,123,8,FF FF FF FF FF FF FF FF
1787467945.562329,123,8,FF FF FF FF FF FF FF FF
1787467945.567274,123,8,FF FF FF FF FF FF FF FF
1787467945.567305,123,8,FF FF FF FF FF FF FF FF
1787467945.567308,123,8,FF FF FF FF FF FF FF FF
1787467945.569141,123,8,FF FF FF FF FF FF FF FF
1787467945.570634,123,8,FF FF FF FF FF FF FF FF
1787467945.571945,123,8,FF FF FF FF FF FF FF FF
1787467945.573946,123,8,FF FF FF FF FF FF FF FF
1787467945.575831,123,8,FF FF FF FF FF FF FF FF
1787467945.577980,123,8,FF FF FF FF FF FF FF FF
1787467945.579729,123,8,FF FF FF FF FF FF FF FF
1787467945.582158,123,8,FF FF FF FF FF FF FF FF
1787467945.583896,123,8,FF FF FF FF FF FF FF FF
1787467945.585847,123,8,FF FF FF FF FF FF FF FF
1787467945.587533,123,8,FF FF FF FF FF FF FF FF
1787467945.589423,123,8,FF FF FF FF FF FF FF FF
1787467945.591125,123,8,FF FF FF FF FF FF FF FF
1787467945.593895,123,8,FF FF FF FF FF FF FF FF
1787467945.595725,123,8,FF FF FF FF FF FF FF FF
1787467945.597952,123,8,FF FF FF FF FF FF FF FF
1787467945.599723,123,8,FF FF FF FF FF FF FF FF
1787467945.601617,123,8,FF FF FF FF FF FF FF FF
1787467945.603614,123,8,FF FF FF FF FF FF FF FF
1787467945.606784,123,8,FF FF FF FF FF FF FF FF
1787467945.609039,123,8,FF FF FF FF FF FF FF FF
1787467945.610682,123,8,FF FF FF FF FF FF FF FF
1787467945.612660,123,8,FF FF FF FF FF FF FF FF
1787467945.614651,123,8,FF FF FF FF FF FF FF FF
1787467945.616244,123,8,FF FF FF FF FF FF FF FF
1787467945.617750,123,8,FF FF FF FF FF FF FF FF
1787467945.619181,123,8,FF FF FF FF FF FF FF FF
1787467945.621616,123,8,FF FF FF FF FF FF FF FF
1787467945.624331,123,8,FF FF FF FF FF FF FF FF
1787467945.628245,123,8,FF FF FF FF FF FF FF FF
1787467945.631474,123,8,FF FF FF FF FF FF FF FF
1787467945.634737,123,8,FF FF FF FF FF FF FF FF
1787467945.637740,123,8,FF FF FF FF FF FF FF FF
1787467945.640716,123,8,FF FF FF FF FF FF FF FF
1787467945.644049,123,8,FF FF FF FF FF FF FF FF
1787467945.647179,123,8,FF FF FF FF FF FF FF FF
1787467945.649990,123,8,FF FF FF FF FF FF FF FF
1787467945.652516,123,8,FF FF FF FF FF FF FF FF
1787467945.655403,123,8,FF FF FF FF FF FF FF FF
1787467945.660028,123,8,FF FF FF FF FF FF FF FF
1787467945.662323,123,8,FF FF FF FF FF FF FF FF
1787467945.663989,123,8,FF FF FF FF FF FF FF FF
1787467945.665933,123,8,FF FF FF FF FF FF FF FF
1787467945.667351,123,8,FF FF FF FF FF FF FF FF
1787467945.669141,123,8,FF FF FF FF FF FF FF FF
1787467945.670771,123,8,FF FF FF FF FF FF FF FF
1787467945.672504,123,8,FF FF FF FF FF FF FF FF
1787467945.674187,123,8,FF FF FF FF FF FF FF FF
1787467945.676083,123,8,FF FF FF FF FF FF FF FF
1787467945.677766,123,8,FF FF FF FF FF FF FF FF
1787467945.679374,123,8,FF FF FF FF FF FF FF FF
1787467945.680948,123,8,FF FF FF FF FF FF FF FF
1787467945.682623,123,8,FF FF FF FF FF FF FF FF
1787467945.684229,123,8,FF FF FF FF FF FF FF FF
1787467945.685905,123,8,FF FF FF FF FF FF FF FF
1787467945.687501,123,8,FF FF FF FF FF FF FF FF
1787467945.689282,123,8,FF FF FF FF FF FF FF FF
1787467945.690930,123,8,FF FF FF FF FF FF FF FF
1787467945.692828,123,8,FF FF FF FF FF FF FF FF
1787467945.694579,123,8,FF FF FF FF FF FF FF FF
1787467945.696245,123,8,FF FF FF FF FF FF FF FF
1787467945.700691,123,8,FF FF FF FF FF FF FF FF
1787467945.702826,123,8,FF FF FF FF FF FF FF FF
1787467945.705085,123,8,FF FF FF FF FF FF FF FF
1787467945.708935,123,8,FF FF FF FF FF FF FF FF
1787467945.709227,123,8,FF FF FF FF FF FF FF FF
1787467945.711756,123,8,FF FF FF FF FF FF FF FF
1787467945.713592,123,8,FF FF FF FF FF FF FF FF
1787467945.715722,123,8,FF FF FF FF FF FF FF FF
1787467945.717997,123,8,FF FF FF FF FF FF FF FF
1787467945.719710,123,8,FF FF FF FF FF FF FF FF
1787467945.721696,123,8,FF FF FF FF FF FF FF FF
1787467945.723681,123,8,FF FF FF FF FF FF FF FF
1787467945.725871,123,8,FF FF FF FF FF FF FF FF
1787467945.727738,123,8,FF FF FF FF FF FF FF FF
1787467945.729346,123,8,FF FF FF FF FF FF FF FF
1787467945.731027,123,8,FF FF FF FF FF FF FF FF
1787467945.733202,123,8,FF FF FF FF FF FF FF FF
1787467945.734834,123,8,FF FF FF FF FF FF FF FF
1787467945.736511,123,8,FF FF FF FF FF FF FF FF
1787467945.738326,123,8,FF FF FF FF FF FF FF FF
1787467945.740750,123,8,FF FF FF FF FF FF FF FF
1787467945.742955,123,8,FF FF FF FF FF FF FF FF
1787467945.745703,123,8,FF FF FF FF FF FF FF FF
1787467945.748151,123,8,FF FF FF FF FF FF FF FF
1787467945.751805,123,8,FF FF FF FF FF FF FF FF
1787467945.753863,123,8,FF FF FF FF FF FF FF FF
1787467945.756237,123,8,FF FF FF FF FF FF FF FF
1787467945.758808,123,8,FF FF FF FF FF FF FF FF
1787467945.761888,123,8,FF FF FF FF FF FF FF FF
1787467945.764837,123,8,FF FF FF FF FF FF FF FF
1787467945.767972,123,8,FF FF FF FF FF FF FF FF
1787467945.770762,123,8,FF FF FF FF FF FF FF FF
1787467945.773211,123,8,FF FF FF FF FF FF FF FF
1787467945.775070,123,8,FF FF FF FF FF FF FF FF
1787467945.777093,123,8,FF FF FF FF FF FF FF FF
1787467945.778980,123,8,FF FF FF FF FF FF FF FF
1787467945.780624,123,8,FF FF FF FF FF FF FF FF
1787467945.782229,123,8,FF FF FF FF FF FF FF FF
1787467945.785697,123,8,FF FF FF FF FF FF FF FF
1787467945.787333,123,8,FF FF FF FF FF FF FF FF
1787467945.788806,123,8,FF FF FF FF FF FF FF FF
1787467945.791355,123,8,FF FF FF FF FF FF FF FF
1787467945.793454,123,8,FF FF FF FF FF FF FF FF
1787467945.795103,123,8,FF FF FF FF FF FF FF FF
1787467945.797120,123,8,FF FF FF FF FF FF FF FF
1787467945.798666,123,8,FF FF FF FF FF FF FF FF
1787467945.800215,123,8,FF FF FF FF FF FF FF FF
1787467945.802025,123,8,FF FF FF FF FF FF FF FF
1787467945.803562,123,8,FF FF FF FF FF FF FF FF
1787467945.805346,123,8,FF FF FF FF FF FF FF FF
1787467945.806988,123,8,FF FF FF FF FF FF FF FF
1787467945.808804,123,8,FF FF FF FF FF FF FF FF
1787467945.810777,123,8,FF FF FF FF FF FF FF FF
1787467945.812309,123,8,FF FF FF FF FF FF FF FF
1787467945.814131,123,8,FF FF FF FF FF FF FF FF
1787467945.815646,123,8,FF FF FF FF FF FF FF FF
1787467945.817460,123,8,FF FF FF FF FF FF FF FF
1787467945.819093,123,8,FF FF FF FF FF FF FF FF
1787467945.820730,123,8,FF FF FF FF FF FF FF FF
1787467945.822276,123,8,FF FF FF FF FF FF FF FF
1787467945.823903,123,8,FF FF FF FF FF FF FF FF
1787467945.826092,123,8,FF FF FF FF FF FF FF FF
1787467945.828517,123,8,FF FF FF FF FF FF FF FF
1787467945.830366,123,8,FF FF FF FF FF FF FF FF
1787467945.831790,123,8,FF FF FF FF FF FF FF FF
1787467945.833720,123,8,FF FF FF FF FF FF FF FF
1787467945.835378,123,8,FF FF FF FF FF FF FF FF
1787467945.837193,123,8,FF FF FF FF FF FF FF FF
1787467945.839217,123,8,FF FF FF FF FF FF FF FF
1787467945.841201,123,8,FF FF FF FF FF FF FF FF
1787467945.842871,123,8,FF FF FF FF FF FF FF FF
1787467945.844550,123,8,FF FF FF FF FF FF FF FF
1787467945.846519,123,8,FF FF FF FF FF FF FF FF
1787467945.847912,123,8,FF FF FF FF FF FF FF FF
1787467945.849652,123,8,FF FF FF FF FF FF FF FF
1787467945.851258,123,8,FF FF FF FF FF FF FF FF
1787467945.852924,123,8,FF FF FF FF FF FF FF FF
1787467945.854894,123,8,FF FF FF FF FF FF FF FF
1787467945.856540,123,8,FF FF FF FF FF FF FF FF
1787467945.858325,123,8,FF FF FF FF FF FF FF FF
1787467945.860178,123,8,FF FF FF FF FF FF FF FF
1787467945.862463,123,8,FF FF FF FF FF FF FF FF
1787467945.865215,123,8,FF FF FF FF FF FF FF FF
1787467945.868137,123,8,FF FF FF FF FF FF FF FF
1787467945.871141,123,8,FF FF FF FF FF FF FF FF
1787467945.875011,123,8,FF FF FF FF FF FF FF FF
1787467945.878384,123,8,FF FF FF FF FF FF FF FF
1787467945.880258,123,8,FF FF FF FF FF FF FF FF
1787467945.882941,123,8,FF FF FF FF FF FF FF FF
1787467945.886289,123,8,FF FF FF FF FF FF FF FF
1787467945.888424,123,8,FF FF FF FF FF FF FF FF
1787467945.891167,123,8,FF FF FF FF FF FF FF FF
1787467945.893703,123,8,FF FF FF FF FF FF FF FF
1787467945.895424,123,8,FF FF FF FF FF FF FF FF
1787467945.897202,123,8,FF FF FF FF FF FF FF FF
1787467945.898800,123,8,FF FF FF FF FF FF FF FF
1787467945.900368,123,8,FF FF FF FF FF FF FF FF
1787467945.902106,123,8,FF FF FF FF FF FF FF FF
1787467945.903718,123,8,FF FF FF FF FF FF FF FF
1787467945.905263,123,8,FF FF FF FF FF FF FF FF
1787467945.906892,123,8,FF FF FF FF FF FF FF FF
1787467945.908702,123,8,FF FF FF FF FF FF FF FF
1787467945.910720,123,8,FF FF FF FF FF FF FF FF
1787467945.912414,123,8,FF FF FF FF FF FF FF FF
1787467945.914383,123,8,FF FF FF FF FF FF FF FF
1787467945.916069,123,8,FF FF FF FF FF FF FF FF
1787467945.917922,123,8,FF FF FF FF FF FF FF FF
1787467945.919641,123,8,FF FF FF FF FF FF FF FF
1787467945.921805,123,8,FF FF FF FF FF FF FF FF
1787467945.923789,123,8,FF FF FF FF FF FF FF FF
1787467945.926499,123,8,FF FF FF FF FF FF FF FF
1787467945.928833,123,8,FF FF FF FF FF FF FF FF
1787467945.934777,123,8,FF FF FF FF FF FF FF FF
1787467945.936653,123,8,FF FF FF FF FF FF FF FF
1787467945.938441,123,8,FF FF FF FF FF FF FF FF
1787467945.940048,123,8,FF FF FF FF FF FF FF FF
1787467945.942448,123,8,FF FF FF FF FF FF FF FF
1787467945.944582,123,8,FF FF FF FF FF FF FF FF
1787467945.946870,123,8,FF FF FF FF FF FF FF FF
1787467945.948275,123,8,FF FF FF FF FF FF FF FF
1787467945.950035,123,8,FF FF FF FF FF FF FF FF
1787467945.951626,123,8,FF FF FF FF FF FF FF FF
1787467945.953215,123,8,FF FF FF FF FF FF FF FF
1787467945.954898,123,8,FF FF FF FF FF FF FF FF
1787467945.956477,123,8,FF FF FF FF FF FF FF FF
1787467945.959541,123,8,FF FF FF FF FF FF FF FF
1787467945.961607,123,8,FF FF FF FF FF FF FF FF
1787467945.963460,123,8,FF FF FF FF FF FF FF FF
1787467945.965042,123,8,FF FF FF FF FF FF FF FF
1787467945.966816,123,8,FF FF FF FF FF FF FF FF
1787467945.968988,123,8,FF FF FF FF FF FF FF FF
1787467945.970692,123,8,FF FF FF FF FF FF FF FF
1787467945.972479,123,8,FF FF FF FF FF FF FF FF
1787467945.974912,123,8,FF FF FF FF FF FF FF FF
1787467945.976887,123,8,FF FF FF FF FF FF FF FF
1787467945.978756,123,8,FF FF FF FF FF FF FF FF
1787467945.980281,123,8,FF FF FF FF FF FF FF FF
1787467945.982263,123,8,FF FF FF FF FF FF FF FF
1787467945.984579,123,8,FF FF FF FF FF FF FF FF
1787467945.987066,123,8,FF FF FF FF FF FF FF FF
1787467945.990102,123,8,FF FF FF FF FF FF FF FF
1787467945.993407,123,8,FF FF FF FF FF FF FF FF
1787467945.996661,123,8,FF FF FF FF FF FF FF FF
1787467945.999752,123,8,FF FF FF FF FF FF FF FF
1787467946.002932,123,8,FF FF FF FF FF FF FF FF
1787467946.005885,123,8,FF FF FF FF FF FF FF FF
1787467946.008851,123,8,FF FF FF FF FF FF FF FF
1787467946.011265,123,8,FF FF FF FF FF FF FF FF
1787467946.013712,123,8,FF FF FF FF FF FF FF FF
1787467946.015730,123,8,FF FF FF FF FF FF FF FF
1787467946.018387,123,8,FF FF FF FF FF FF FF FF
1787467946.020381,123,8,FF FF FF FF FF FF FF FF
1787467946.022186,123,8,FF FF FF FF FF FF FF FF
1787467946.024589,123,8,FF FF FF FF FF FF FF FF
1787467946.026338,123,8,FF FF FF FF FF FF FF FF
1787467946.027998,123,8,FF FF FF FF FF FF FF FF
1787467946.030049,123,8,FF FF FF FF FF FF FF FF
1787467946.031579,123,8,FF FF FF FF FF FF FF FF
1787467946.033639,123,8,FF FF FF FF FF FF FF FF
1787467946.035239,123,8,FF FF FF FF FF FF FF FF
1787467946.036758,123,8,FF FF FF FF FF FF FF FF
1787467946.038480,123,8,FF FF FF FF FF FF FF FF
1787467946.040025,123,8,FF FF FF FF FF FF FF FF
1787467946.042176,123,8,FF FF FF FF FF FF FF FF
1787467946.043889,123,8,FF FF FF FF FF FF FF FF
1787467946.045580,123,8,FF FF FF FF FF FF FF FF
1787467946.047277,123,8,FF FF FF FF FF FF FF FF
1787467946.048943,123,8,FF FF FF FF FF FF FF FF
1787467946.050777,123,8,FF FF FF FF FF FF FF FF
1787467946.052427,123,8,FF FF FF FF FF FF FF FF
1787467946.054212,123,8,FF FF FF FF FF FF FF FF
1787467946.056486,123,8,FF FF FF FF FF FF FF FF
1787467946.059195,123,8,FF FF FF FF FF FF FF FF
1787467946.060789,123,8,FF FF FF FF FF FF FF FF
1787467946.063463,123,8,FF FF FF FF FF FF FF FF
1787467946.068146,123,8,FF FF FF FF FF FF FF FF
1787467946.070224,123,8,FF FF FF FF FF FF FF FF
1787467946.071906,123,8,FF FF FF FF FF FF FF FF
1787467946.074030,123,8,FF FF FF FF FF FF FF FF
1787467946.076318,123,8,FF FF FF FF FF FF FF FF
1787467946.078376,123,8,FF FF FF FF FF FF FF FF
1787467946.080180,123,8,FF FF FF FF FF FF FF FF
1787467946.082012,123,8,FF FF FF FF FF FF FF FF
1787467946.083645,123,8,FF FF FF FF FF FF FF FF
1787467946.085399,123,8,FF FF FF FF FF FF FF FF
1787467946.086978,123,8,FF FF FF FF FF FF FF FF
1787467946.088616,123,8,FF FF FF FF FF FF FF FF
1787467946.090360,123,8,FF FF FF FF FF FF FF FF
1787467946.092430,123,8,FF FF FF FF FF FF FF FF
1787467946.094276,123,8,FF FF FF FF FF FF FF FF
1787467946.095877,123,8,FF FF FF FF FF FF FF FF
1787467946.097759,123,8,FF FF FF FF FF FF FF FF
1787467946.099158,123,8,FF FF FF FF FF FF FF FF
1787467946.100617,123,8,FF FF FF FF FF FF FF FF
1787467946.102210,123,8,FF FF FF FF FF FF FF FF
1787467946.104535,123,8,FF FF FF FF FF FF FF FF
1787467946.107582,123,8,FF FF FF FF FF FF FF FF
1787467946.110048,123,8,FF FF FF FF FF FF FF FF
1787467946.112561,123,8,FF FF FF FF FF FF FF FF
1787467946.115411,123,8,FF FF FF FF FF FF FF FF
1787467946.118461,123,8,FF FF FF FF FF FF FF FF
1787467946.121589,123,8,FF FF FF FF FF FF FF FF
1787467946.124238,123,8,FF FF FF FF FF FF FF FF
1787467946.126952,123,8,FF FF FF FF FF FF FF FF
1787467946.129428,123,8,FF FF FF FF FF FF FF FF
1787467946.132537,123,8,FF FF FF FF FF FF FF FF
1787467946.135467,123,8,FF FF FF FF FF FF FF FF
1787467946.138369,123,8,FF FF FF FF FF FF FF FF
1787467946.141692,123,8,FF FF FF FF FF FF FF FF
1787467946.146418,123,8,FF FF FF FF FF FF FF FF
1787467946.149519,123,8,FF FF FF FF FF FF FF FF
1787467946.153205,123,8,FF FF FF FF FF FF FF FF
1787467946.155974,123,8,FF FF FF FF FF FF FF FF
1787467946.158628,123,8,FF FF FF FF FF FF FF FF
1787467946.162013,123,8,FF FF FF FF FF FF FF FF
1787467946.164410,123,8,FF FF FF FF FF FF FF FF
1787467946.166551,123,8,FF FF FF FF FF FF FF FF
1787467946.168328,123,8,FF FF FF FF FF FF FF FF
1787467946.170215,123,8,FF FF FF FF FF FF FF FF
1787467946.171891,123,8,FF FF FF FF FF FF FF FF
1787467946.173856,123,8,FF FF FF FF FF FF FF FF
1787467946.175702,123,8,FF FF FF FF FF FF FF FF
1787467946.177622,123,8,FF FF FF FF FF FF FF FF
1787467946.179380,123,8,FF FF FF FF FF FF FF FF
1787467946.181098,123,8,FF FF FF FF FF FF FF FF
1787467946.182829,123,8,FF FF FF FF FF FF FF FF
1787467946.184494,123,8,FF FF FF FF FF FF FF FF
1787467946.186600,123,8,FF FF FF FF FF FF FF FF
1787467946.188324,123,8,FF FF FF FF FF FF FF FF
1787467946.190212,123,8,FF FF FF FF FF FF FF FF
1787467946.192664,123,8,FF FF FF FF FF FF FF FF
1787467946.194837,123,8,FF FF FF FF FF FF FF FF
1787467946.196389,123,8,FF FF FF FF FF FF FF FF
1787467946.199181,123,8,FF FF FF FF FF FF FF FF
1787467946.205026,123,8,FF FF FF FF FF FF FF FF
1787467946.206897,123,8,FF FF FF FF FF FF FF FF
1787467946.209316,123,8,FF FF FF FF FF FF FF FF
1787467946.211091,123,8,FF FF FF FF FF FF FF FF
1787467946.212817,123,8,FF FF FF FF FF FF FF FF
1787467946.214540,123,8,FF FF FF FF FF FF FF FF
1787467946.216159,123,8,FF FF FF FF FF FF FF FF
1787467946.217954,123,8,FF FF FF FF FF FF FF FF
1787467946.219667,123,8,FF FF FF FF FF FF FF FF
1787467946.221469,123,8,FF FF FF FF FF FF FF FF
1787467946.223124,123,8,FF FF FF FF FF FF FF FF
1787467946.225345,123,8,FF FF FF FF FF FF FF FF
1787467946.227134,123,8,FF FF FF FF FF FF FF FF
1787467946.228797,123,8,FF FF FF FF FF FF FF FF
1787467946.230664,123,8,FF FF FF FF FF FF FF FF
1787467946.233855,123,8,FF FF FF FF FF FF FF FF
1787467946.235816,123,8,FF FF FF FF FF FF FF FF
1787467946.238850,123,8,FF FF FF FF FF FF FF FF
1787467946.241452,123,8,FF FF FF FF FF FF FF FF
1787467946.243984,123,8,FF FF FF FF FF FF FF FF
1787467946.251515,123,8,FF FF FF FF FF FF FF FF
1787467946.251543,123,8,FF FF FF FF FF FF FF FF
1787467946.251546,123,8,FF FF FF FF FF FF FF FF
1787467946.253865,123,8,FF FF FF FF FF FF FF FF
1787467946.256595,123,8,FF FF FF FF FF FF FF FF
1787467946.259790,123,8,FF FF FF FF FF FF FF FF
1787467946.262763,123,8,FF FF FF FF FF FF FF FF
1787467946.265710,123,8,FF FF FF FF FF FF FF FF
1787467946.268687,123,8,FF FF FF FF FF FF FF FF
1787467946.271796,123,8,FF FF FF FF FF FF FF FF
1787467946.274818,123,8,FF FF FF FF FF FF FF FF
1787467946.277886,123,8,FF FF FF FF FF FF FF FF
1787467946.280753,123,8,FF FF FF FF FF FF FF FF
1787467946.283845,123,8,FF FF FF FF FF FF FF FF
1787467946.287211,123,8,FF FF FF FF FF FF FF FF
1787467946.289482,123,8,FF FF FF FF FF FF FF FF
1787467946.291768,123,8,FF FF FF FF FF FF FF FF
1787467946.296729,123,8,FF FF FF FF FF FF FF FF
1787467946.298434,123,8,FF FF FF FF FF FF FF FF
1787467946.300208,123,8,FF FF FF FF FF FF FF FF
1787467946.301934,123,8,FF FF FF FF FF FF FF FF
1787467946.303535,123,8,FF FF FF FF FF FF FF FF
1787467946.305415,123,8,FF FF FF FF FF FF FF FF
1787467946.307492,123,8,FF FF FF FF FF FF FF FF
1787467946.309531,123,8,FF FF FF FF FF FF FF FF
1787467946.311179,123,8,FF FF FF FF FF FF FF FF
1787467946.312773,123,8,FF FF FF FF FF FF FF FF
1787467946.314440,123,8,FF FF FF FF FF FF FF FF
1787467946.316003,123,8,FF FF FF FF FF FF FF FF
1787467946.318059,123,8,FF FF FF FF FF FF FF FF
1787467946.319804,123,8,FF FF FF FF FF FF FF FF
1787467946.321599,123,8,FF FF FF FF FF FF FF FF
1787467946.323211,123,8,FF FF FF FF FF FF FF FF
1787467946.325092,123,8,FF FF FF FF FF FF FF FF
1787467946.327020,123,8,FF FF FF FF FF FF FF FF
1787467946.329393,123,8,FF FF FF FF FF FF FF FF
1787467946.330760,123,8,FF FF FF FF FF FF FF FF
1787467946.333698,123,8,FF FF FF FF FF FF FF FF
1787467946.334863,123,8,FF FF FF FF FF FF FF FF
1787467946.336496,123,8,FF FF FF FF FF FF FF FF
1787467946.338493,123,8,FF FF FF FF FF FF FF FF
1787467946.340107,123,8,FF FF FF FF FF FF FF FF
1787467946.341778,123,8,FF FF FF FF FF FF FF FF
1787467946.343218,123,8,FF FF FF FF FF FF FF FF
1787467946.344559,123,8,FF FF FF FF FF FF FF FF
1787467946.345967,123,8,FF FF FF FF FF FF FF FF
1787467946.347405,123,8,FF FF FF FF FF FF FF FF
1787467946.349449,123,8,FF FF FF FF FF FF FF FF
1787467946.351238,123,8,FF FF FF FF FF FF FF FF
1787467946.353010,123,8,FF FF FF FF FF FF FF FF
1787467946.354710,123,8,FF FF FF FF FF FF FF FF
1787467946.356352,123,8,FF FF FF FF FF FF FF FF
1787467946.358480,123,8,FF FF FF FF FF FF FF FF
1787467946.360614,123,8,FF FF FF FF FF FF FF FF
1787467946.362784,123,8,FF FF FF FF FF FF FF FF
1787467946.364680,123,8,FF FF FF FF FF FF FF FF
1787467946.366616,123,8,FF FF FF FF FF FF FF FF
1787467946.368348,123,8,FF FF FF FF FF FF FF FF
1787467946.370102,123,8,FF FF FF FF FF FF FF FF
1787467946.372746,123,8,FF FF FF FF FF FF FF FF
1787467946.379381,123,8,FF FF FF FF FF FF FF FF
1787467946.381750,123,8,FF FF FF FF FF FF FF FF
1787467946.383065,123,8,FF FF FF FF FF FF FF FF
1787467946.384711,123,8,FF FF FF FF FF FF FF FF
1787467946.386860,123,8,FF FF FF FF FF FF FF FF
1787467946.388601,123,8,FF FF FF FF FF FF FF FF
1787467946.391097,123,8,FF FF FF FF FF FF FF FF
1787467946.394532,123,8,FF FF FF FF FF FF FF FF
1787467946.397823,123,8,FF FF FF FF FF FF FF FF
1787467946.400000,123,8,FF FF FF FF FF FF FF FF
1787467946.402625,123,8,FF FF FF FF FF FF FF FF
1787467946.406193,123,8,FF FF FF FF FF FF FF FF
1787467946.409727,123,8,FF FF FF FF FF FF FF FF
1787467946.412715,123,8,FF FF FF FF FF FF FF FF
1787467946.416042,123,8,FF FF FF FF FF FF FF FF
1787467946.420857,123,8,FF FF FF FF FF FF FF FF
1787467946.423035,123,8,FF FF FF FF FF FF FF FF
1787467946.425996,123,8,FF FF FF FF FF FF FF FF
1787467946.429151,123,8,FF FF FF FF FF FF FF FF
1787467946.432107,123,8,FF FF FF FF FF FF FF FF
1787467946.433553,123,8,FF FF FF FF FF FF FF FF
1787467946.435116,123,8,FF FF FF FF FF FF FF FF
1787467946.437645,123,8,FF FF FF FF FF FF FF FF
1787467946.439431,123,8,FF FF FF FF FF FF FF FF
1787467946.441825,123,8,FF FF FF FF FF FF FF FF
1787467946.443858,123,8,FF FF FF FF FF FF FF FF
1787467946.445927,123,8,FF FF FF FF FF FF FF FF
1787467946.447643,123,8,FF FF FF FF FF FF FF FF
1787467946.449492,123,8,FF FF FF FF FF FF FF FF
1787467946.451193,123,8,FF FF FF FF FF FF FF FF
1787467946.452916,123,8,FF FF FF FF FF FF FF FF
1787467946.454753,123,8,FF FF FF FF FF FF FF FF
1787467946.456462,123,8,FF FF FF FF FF FF FF FF
1787467946.458695,123,8,FF FF FF FF FF FF FF FF
1787467946.460582,123,8,FF FF FF FF FF FF FF FF
1787467946.462518,123,8,FF FF FF FF FF FF FF FF
1787467946.464248,123,8,FF FF FF FF FF FF FF FF
1787467946.466126,123,8,FF FF FF FF FF FF FF FF
1787467946.470563,123,8,FF FF FF FF FF FF FF FF
1787467946.472421,123,8,FF FF FF FF FF FF FF FF
1787467946.474632,123,8,FF FF FF FF FF FF FF FF
1787467946.476236,123,8,FF FF FF FF FF FF FF FF
1787467946.478097,123,8,FF FF FF FF FF FF FF FF
1787467946.479828,123,8,FF FF FF FF FF FF FF FF
1787467946.481287,123,8,FF FF FF FF FF FF FF FF
1787467946.482898,123,8,FF FF FF FF FF FF FF FF
1787467946.485782,123,8,FF FF FF FF FF FF FF FF
1787467946.487455,123,8,FF FF FF FF FF FF FF FF
1787467946.489375,123,8,FF FF FF FF FF FF FF FF
1787467946.491843,123,8,FF FF FF FF FF FF FF FF
1787467946.494087,123,8,FF FF FF FF FF FF FF FF
1787467946.495883,123,8,FF FF FF FF FF FF FF FF
1787467946.497936,123,8,FF FF FF FF FF FF FF FF
1787467946.499679,123,8,FF FF FF FF FF FF FF FF
1787467946.501513,123,8,FF FF FF FF FF FF FF FF
1787467946.503316,123,8,FF FF FF FF FF FF FF FF
1787467946.505034,123,8,FF FF FF FF FF FF FF FF
1787467946.506412,123,8,FF FF FF FF FF FF FF FF
1787467946.508468,123,8,FF FF FF FF FF FF FF FF
1787467946.510787,123,8,FF FF FF FF FF FF FF FF
1787467946.515102,123,8,FF FF FF FF FF FF FF FF
1787467946.516358,123,8,FF FF FF FF FF FF FF FF
1787467946.519127,123,8,FF FF FF FF FF FF FF FF
1787467946.521229,123,8,FF FF FF FF FF FF FF FF
1787467946.523658,123,8,FF FF FF FF FF FF FF FF
1787467946.526184,123,8,FF FF FF FF FF FF FF FF
1787467946.528392,123,8,FF FF FF FF FF FF FF FF
1787467946.531627,123,8,FF FF FF FF FF FF FF FF
1787467946.535500,123,8,FF FF FF FF FF FF FF FF
1787467946.538776,123,8,FF FF FF FF FF FF FF FF
1787467946.542133,123,8,FF FF FF FF FF FF FF FF
1787467946.545794,123,8,FF FF FF FF FF FF FF FF
1787467946.549016,123,8,FF FF FF FF FF FF FF FF
1787467946.552434,123,8,FF FF FF FF FF FF FF FF
1787467946.554671,123,8,FF FF FF FF FF FF FF FF
1787467946.557820,123,8,FF FF FF FF FF FF FF FF
1787467946.561116,123,8,FF FF FF FF FF FF FF FF
1787467946.567045,123,8,FF FF FF FF FF FF FF FF
1787467946.569175,123,8,FF FF FF FF FF FF FF FF
1787467946.570894,123,8,FF FF FF FF FF FF FF FF
1787467946.572552,123,8,FF FF FF FF FF FF FF FF
1787467946.574430,123,8,FF FF FF FF FF FF FF FF
1787467946.576282,123,8,FF FF FF FF FF FF FF FF
1787467946.578116,123,8,FF FF FF FF FF FF FF FF
1787467946.579755,123,8,FF FF FF FF FF FF FF FF
1787467946.581495,123,8,FF FF FF FF FF FF FF FF
1787467946.582988,123,8,FF FF FF FF FF FF FF FF
1787467946.584685,123,8,FF FF FF FF FF FF FF FF
1787467946.586430,123,8,FF FF FF FF FF FF FF FF
1787467946.588000,123,8,FF FF FF FF FF FF FF FF
1787467946.589790,123,8,FF FF FF FF FF FF FF FF
1787467946.591536,123,8,FF FF FF FF FF FF FF FF
1787467946.593387,123,8,FF FF FF FF FF FF FF FF
1787467946.595112,123,8,FF FF FF FF FF FF FF FF
1787467946.596647,123,8,FF FF FF FF FF FF FF FF
1787467946.598579,123,8,FF FF FF FF FF FF FF FF
1787467946.600153,123,8,FF FF FF FF FF FF FF FF
1787467946.601842,123,8,FF FF FF FF FF FF FF FF
1787467946.603469,123,8,FF FF FF FF FF FF FF FF
1787467946.605382,123,8,FF FF FF FF FF FF FF FF
1787467946.608072,123,8,FF FF FF FF FF FF FF FF
1787467946.613108,123,8,FF FF FF FF FF FF FF FF
1787467946.615218,123,8,FF FF FF FF FF FF FF FF
1787467946.616852,123,8,FF FF FF FF FF FF FF FF
1787467946.618617,123,8,FF FF FF FF FF FF FF FF
1787467946.620299,123,8,FF FF FF FF FF FF FF FF
1787467946.622177,123,8,FF FF FF FF FF FF FF FF
1787467946.624014,123,8,FF FF FF FF FF FF FF FF
1787467946.625754,123,8,FF FF FF FF FF FF FF FF
1787467946.627509,123,8,FF FF FF FF FF FF FF FF
1787467946.629391,123,8,FF FF FF FF FF FF FF FF
1787467946.631043,123,8,FF FF FF FF FF FF FF FF
1787467946.632677,123,8,FF FF FF FF FF FF FF FF
1787467946.634803,123,8,FF FF FF FF FF FF FF FF
1787467946.636496,123,8,FF FF FF FF FF FF FF FF
1787467946.638513,123,8,FF FF FF FF FF FF FF FF
1787467946.640475,123,8,FF FF FF FF FF FF FF FF
1787467946.643122,123,8,FF FF FF FF FF FF FF FF
1787467946.646603,123,8,FF FF FF FF FF FF FF FF
1787467946.651236,123,8,FF FF FF FF FF FF FF FF
1787467946.654136,123,8,FF FF FF FF FF FF FF FF
1787467946.657384,123,8,FF FF FF FF FF FF FF FF
1787467946.663772,123,8,FF FF FF FF FF FF FF FF
1787467946.664562,123,8,FF FF FF FF FF FF FF FF
1787467946.667804,123,8,FF FF FF FF FF FF FF FF
1787467946.671171,123,8,FF FF FF FF FF FF FF FF
1787467946.673554,123,8,FF FF FF FF FF FF FF FF
1787467946.675435,123,8,FF FF FF FF FF FF FF FF
1787467946.677335,123,8,FF FF FF FF FF FF FF FF
1787467946.678959,123,8,FF FF FF FF FF FF FF FF
1787467946.680790,123,8,FF FF FF FF FF FF FF FF
1787467946.682451,123,8,FF FF FF FF FF FF FF FF
1787467946.684000,123,8,FF FF FF FF FF FF FF FF
1787467946.685697,123,8,FF FF FF FF FF FF FF FF
1787467946.687276,123,8,FF FF FF FF FF FF FF FF
1787467946.688828,123,8,FF FF FF FF FF FF FF FF
1787467946.690470,123,8,FF FF FF FF FF FF FF FF
1787467946.692296,123,8,FF FF FF FF FF FF FF FF
1787467946.694159,123,8,FF FF FF FF FF FF FF FF
1787467946.695931,123,8,FF FF FF FF FF FF FF FF
1787467946.701342,123,8,FF FF FF FF FF FF FF FF
1787467946.707382,123,8,FF FF FF FF FF FF FF FF
1787467946.710368,123,8,FF FF FF FF FF FF FF FF
1787467946.712990,123,8,FF FF FF FF FF FF FF FF
1787467946.714798,123,8,FF FF FF FF FF FF FF FF
1787467946.716460,123,8,FF FF FF FF FF FF FF FF
1787467946.718476,123,8,FF FF FF FF FF FF FF FF
1787467946.720695,123,8,FF FF FF FF FF FF FF FF
1787467946.722357,123,8,FF FF FF FF FF FF FF FF
1787467946.724213,123,8,FF FF FF FF FF FF FF FF
1787467946.726027,123,8,FF FF FF FF FF FF FF FF
1787467946.727637,123,8,FF FF FF FF FF FF FF FF
1787467946.729426,123,8,FF FF FF FF FF FF FF FF
1787467946.730992,123,8,FF FF FF FF FF FF FF FF
1787467946.732601,123,8,FF FF FF FF FF FF FF FF
1787467946.736737,123,8,FF FF FF FF FF FF FF FF
1787467946.738482,123,8,FF FF FF FF FF FF FF FF
1787467946.740142,123,8,FF FF FF FF FF FF FF FF
1787467946.742421,123,8,FF FF FF FF FF FF FF FF
1787467946.744323,123,8,FF FF FF FF FF FF FF FF
1787467946.746838,123,8,FF FF FF FF FF FF FF FF
1787467946.750102,123,8,FF FF FF FF FF FF FF FF
1787467946.752070,123,8,FF FF FF FF FF FF FF FF
1787467946.754589,123,8,FF FF FF FF FF FF FF FF
1787467946.756877,123,8,FF FF FF FF FF FF FF FF
1787467946.759515,123,8,FF FF FF FF FF FF FF FF
1787467946.761593,123,8,FF FF FF FF FF FF FF FF
1787467946.764148,123,8,FF FF FF FF FF FF FF FF
1787467946.767239,123,8,FF FF FF FF FF FF FF FF
1787467946.770897,123,8,FF FF FF FF FF FF FF FF
1787467946.774139,123,8,FF FF FF FF FF FF FF FF
1787467946.777089,123,8,FF FF FF FF FF FF FF FF
1787467946.780159,123,8,FF FF FF FF FF FF FF FF
1787467946.783265,123,8,FF FF FF FF FF FF FF FF
1787467946.786145,123,8,FF FF FF FF FF FF FF FF
1787467946.788991,123,8,FF FF FF FF FF FF FF FF
1787467946.792789,123,8,FF FF FF FF FF FF FF FF
1787467946.795043,123,8,FF FF FF FF FF FF FF FF
1787467946.798186,123,8,FF FF FF FF FF FF FF FF
1787467946.803763,123,8,FF FF FF FF FF FF FF FF
1787467946.805573,123,8,FF FF FF FF FF FF FF FF
1787467946.807348,123,8,FF FF FF FF FF FF FF FF
1787467946.809108,123,8,FF FF FF FF FF FF FF FF
1787467946.810793,123,8,FF FF FF FF FF FF FF FF
1787467946.812384,123,8,FF FF FF FF FF FF FF FF
1787467946.814288,123,8,FF FF FF FF FF FF FF FF
1787467946.816012,123,8,FF FF FF FF FF FF FF FF
1787467946.817736,123,8,FF FF FF FF FF FF FF FF
1787467946.819502,123,8,FF FF FF FF FF FF FF FF
1787467946.821082,123,8,FF FF FF FF FF FF FF FF
1787467946.823069,123,8,FF FF FF FF FF FF FF FF
1787467946.824876,123,8,FF FF FF FF FF FF FF FF
1787467946.826810,123,8,FF FF FF FF FF FF FF FF
1787467946.828476,123,8,FF FF FF FF FF FF FF FF
1787467946.830204,123,8,FF FF FF FF FF FF FF FF
1787467946.831799,123,8,FF FF FF FF FF FF FF FF
1787467946.833357,123,8,FF FF FF FF FF FF FF FF
1787467946.835102,123,8,FF FF FF FF FF FF FF FF
1787467946.837343,123,8,FF FF FF FF FF FF FF FF
1787467946.839112,123,8,FF FF FF FF FF FF FF FF
1787467946.841178,123,8,FF FF FF FF FF FF FF FF
1787467946.842937,123,8,FF FF FF FF FF FF FF FF
1787467946.845124,123,8,FF FF FF FF FF FF FF FF
1787467946.847845,123,8,FF FF FF FF FF FF FF FF
1787467946.849478,123,8,FF FF FF FF FF FF FF FF
1787467946.851118,123,8,FF FF FF FF FF FF FF FF
1787467946.852932,123,8,FF FF FF FF FF FF FF FF
1787467946.854605,123,8,FF FF FF FF FF FF FF FF
1787467946.856351,123,8,FF FF FF FF FF FF FF FF
1787467946.858916,123,8,FF FF FF FF FF FF FF FF
1787467946.860442,123,8,FF FF FF FF FF FF FF FF
1787467946.862267,123,8,FF FF FF FF FF FF FF FF
1787467946.863993,123,8,FF FF FF FF FF FF FF FF
1787467946.865907,123,8,FF FF FF FF FF FF FF FF
1787467946.867585,123,8,FF FF FF FF FF FF FF FF
1787467946.869198,123,8,FF FF FF FF FF FF FF FF
1787467946.870982,123,8,FF FF FF FF FF FF FF FF
1787467946.872724,123,8,FF FF FF FF FF FF FF FF
1787467946.874858,123,8,FF FF FF FF FF FF FF FF
1787467946.876686,123,8,FF FF FF FF FF FF FF FF
1787467946.878591,123,8,FF FF FF FF FF FF FF FF
1787467946.881020,123,8,FF FF FF FF FF FF FF FF
1787467946.883451,123,8,FF FF FF FF FF FF FF FF
1787467946.885749,123,8,FF FF FF FF FF FF FF FF
1787467946.888175,123,8,FF FF FF FF FF FF FF FF
1787467946.891693,123,8,FF FF FF FF FF FF FF FF
1787467946.893665,123,8,FF FF FF FF FF FF FF FF
1787467946.895429,123,8,FF FF FF FF FF FF FF FF
1787467946.896999,123,8,FF FF FF FF FF FF FF FF
1787467946.898769,123,8,FF FF FF FF FF FF FF FF
1787467946.900460,123,8,FF FF FF FF FF FF FF FF
1787467946.902243,123,8,FF FF FF FF FF FF FF FF
1787467946.903739,123,8,FF FF FF FF FF FF FF FF
1787467946.905501,123,8,FF FF FF FF FF FF FF FF
1787467946.908052,123,8,FF FF FF FF FF FF FF FF
1787467946.915250,123,8,FF FF FF FF FF FF FF FF
1787467946.918797,123,8,FF FF FF FF FF FF FF FF
1787467946.922544,123,8,FF FF FF FF FF FF FF FF
1787467946.925862,123,8,FF FF FF FF FF FF FF FF
1787467946.929048,123,8,FF FF FF FF FF FF FF FF
1787467946.931686,123,8,FF FF FF FF FF FF FF FF
1787467946.934976,123,8,FF FF FF FF FF FF FF FF
1787467946.938469,123,8,FF FF FF FF FF FF FF FF
1787467946.943072,123,8,FF FF FF FF FF FF FF FF
1787467946.946281,123,8,FF FF FF FF FF FF FF FF
1787467946.947752,123,8,FF FF FF FF FF FF FF FF
1787467946.949696,123,8,FF FF FF FF FF FF FF FF
1787467946.951538,123,8,FF FF FF FF FF FF FF FF
1787467946.953321,123,8,FF FF FF FF FF FF FF FF
1787467946.954975,123,8,FF FF FF FF FF FF FF FF
1787467946.957063,123,8,FF FF FF FF FF FF FF FF
1787467946.958973,123,8,FF FF FF FF FF FF FF FF
1787467946.960855,123,8,FF FF FF FF FF FF FF FF
1787467946.962556,123,8,FF FF FF FF FF FF FF FF
1787467946.964273,123,8,FF FF FF FF FF FF FF FF
1787467946.966167,123,8,FF FF FF FF FF FF FF FF
1787467946.967848,123,8,FF FF FF FF FF FF FF FF
1787467946.969755,123,8,FF FF FF FF FF FF FF FF
1787467946.971487,123,8,FF FF FF FF FF FF FF FF
1787467946.973764,123,8,FF FF FF FF FF FF FF FF
1787467946.976589,123,8,FF FF FF FF FF FF FF FF
1787467946.981937,123,8,FF FF FF FF FF FF FF FF
1787467946.985492,123,8,FF FF FF FF FF FF FF FF
1787467946.987313,123,8,FF FF FF FF FF FF FF FF
1787467946.987331,123,8,FF FF FF FF FF FF FF FF
1787467946.988088,123,8,FF FF FF FF FF FF FF FF
1787467946.990879,123,8,FF FF FF FF FF FF FF FF
1787467946.993148,123,8,FF FF FF FF FF FF FF FF
1787467946.995397,123,8,FF FF FF FF FF FF FF FF
1787467946.996660,123,8,FF FF FF FF FF FF FF FF
1787467946.998209,123,8,FF FF FF FF FF FF FF FF
1787467946.999991,123,8,FF FF FF FF FF FF FF FF
1787467947.001966,123,8,FF FF FF FF FF FF FF FF
1787467947.003706,123,8,FF FF FF FF FF FF FF FF
1787467947.006891,123,8,FF FF FF FF FF FF FF FF
1787467947.008948,123,8,FF FF FF FF FF FF FF FF
1787467947.010877,123,8,FF FF FF FF FF FF FF FF
1787467947.012851,123,8,FF FF FF FF FF FF FF FF
1787467947.014747,123,8,FF FF FF FF FF FF FF FF
1787467947.016462,123,8,FF FF FF FF FF FF FF FF
1787467947.018341,123,8,FF FF FF FF FF FF FF FF
1787467947.023523,123,8,FF FF FF FF FF FF FF FF
1787467947.026405,123,8,FF FF FF FF FF FF FF FF
1787467947.028301,123,8,FF FF FF FF FF FF FF FF
1787467947.030172,123,8,FF FF FF FF FF FF FF FF
1787467947.031953,123,8,FF FF FF FF FF FF FF FF
1787467947.034522,123,8,FF FF FF FF FF FF FF FF
1787467947.038313,123,8,FF FF FF FF FF FF FF FF
1787467947.041814,123,8,FF FF FF FF FF FF FF FF
